2023.09.04 11:58:16 INFO  Started: Metals version 1.0.1 in folders 'C:\Users\ZAIN UL ABDIN\Documents\scala_learnings\first_class' for client Visual Studio Code 1.81.1.
Sep 04, 2023 11:58:16 AM org.flywaydb.core.internal.license.VersionPrinter printVersionOnly
INFO: Flyway Community Edition 9.21.2 by Redgate
Sep 04, 2023 11:58:16 AM org.flywaydb.core.internal.license.VersionPrinter printVersion
INFO: See release notes here: https://rd.gt/416ObMi
Sep 04, 2023 11:58:16 AM org.flywaydb.core.internal.license.VersionPrinter printVersion
INFO: 
Sep 04, 2023 11:58:17 AM org.flywaydb.core.FlywayExecutor execute
INFO: Database: jdbc:h2:file:C:\Users\ZAIN UL ABDIN\Documents\scala_learnings\first_class\.metals\metals (H2 2.1)
Sep 04, 2023 11:58:17 AM org.flywaydb.core.internal.schemahistory.JdbcTableSchemaHistory allAppliedMigrations
INFO: Schema history table "PUBLIC"."flyway_schema_history" does not exist yet
Sep 04, 2023 11:58:17 AM org.flywaydb.core.internal.command.DbValidate validate
INFO: Successfully validated 4 migrations (execution time 00:00.047s)
Sep 04, 2023 11:58:17 AM org.flywaydb.core.internal.schemahistory.JdbcTableSchemaHistory create
INFO: Creating Schema History table "PUBLIC"."flyway_schema_history" ...
Sep 04, 2023 11:58:17 AM org.flywaydb.core.internal.command.DbMigrate migrateGroup
INFO: Current version of schema "PUBLIC": << Empty Schema >>
Sep 04, 2023 11:58:17 AM org.flywaydb.core.internal.command.DbMigrate doMigrateGroup
INFO: Migrating schema "PUBLIC" to version "1 - Create tables"
Sep 04, 2023 11:58:17 AM org.flywaydb.core.internal.command.DbMigrate doMigrateGroup
INFO: Migrating schema "PUBLIC" to version "2 - Server discovery"
Sep 04, 2023 11:58:17 AM org.flywaydb.core.internal.command.DbMigrate doMigrateGroup
INFO: Migrating schema "PUBLIC" to version "3 - Jar symbols"
Sep 04, 2023 11:58:17 AM org.flywaydb.core.internal.command.DbMigrate doMigrateGroup
INFO: Migrating schema "PUBLIC" to version "4 - Fingerprints"
Sep 04, 2023 11:58:17 AM org.flywaydb.core.internal.command.DbMigrate logSummary
INFO: Successfully applied 4 migrations to schema "PUBLIC", now at version v4 (execution time 00:00.054s)
2023.09.04 11:58:17 INFO  time: initialize in 1.46s
2023.09.04 11:58:22 WARN  Build server is not auto-connectable.
2023.09.04 11:58:22 WARN  no build target for: C:\Users\ZAIN UL ABDIN\Documents\scala_learnings\first_class\project.scala
2023.09.04 12:00:41 INFO  no build target found for C:\Users\ZAIN UL ABDIN\Documents\scala_learnings\first_class\project.scala. Using presentation compiler with project's scala-library version: 3.3.0
Sep 04, 2023 12:00:42 PM org.eclipse.lsp4j.jsonrpc.RemoteEndpoint handleCancellation
WARNING: Unmatched cancel notification for request id 10
Sep 04, 2023 12:00:42 PM org.eclipse.lsp4j.jsonrpc.RemoteEndpoint handleCancellation
WARNING: Unmatched cancel notification for request id 25
Sep 04, 2023 12:00:43 PM org.eclipse.lsp4j.jsonrpc.RemoteEndpoint handleCancellation
WARNING: Unmatched cancel notification for request id 33
Sep 04, 2023 12:00:43 PM org.eclipse.lsp4j.jsonrpc.RemoteEndpoint handleCancellation
WARNING: Unmatched cancel notification for request id 34
Sep 04, 2023 12:00:43 PM org.eclipse.lsp4j.jsonrpc.RemoteEndpoint handleCancellation
WARNING: Unmatched cancel notification for request id 38
Sep 04, 2023 12:00:43 PM org.eclipse.lsp4j.jsonrpc.RemoteEndpoint handleCancellation
WARNING: Unmatched cancel notification for request id 36
2023.09.04 12:00:45 WARN  Could not find semantic tokens for: file:///C:/Users/ZAIN%20UL%20ABDIN/Documents/scala_learnings/first_class/project.scala
2023.09.04 12:00:45 INFO  time: code lens generation in 2m23s
2023.09.04 12:00:45 INFO  time: code lens generation in 2.51s
2023.09.04 12:00:45 INFO  time: code lens generation in 2.2s
2023.09.04 12:00:45 INFO  time: code lens generation in 2.92s
2023.09.04 12:00:45 INFO  time: code lens generation in 2.82s
2023.09.04 12:00:45 INFO  time: code lens generation in 2.34s
2023.09.04 12:00:45 INFO  time: code lens generation in 3.01s
2023.09.04 12:00:45 INFO  time: code lens generation in 2.35s
2023.09.04 12:00:45 INFO  time: code lens generation in 2.72s
2023.09.04 12:00:45 INFO  time: code lens generation in 3.01s
2023.09.04 12:00:45 INFO  time: code lens generation in 2.35s
2023.09.04 12:01:28 WARN  Could not find semantic tokens for: file:///C:/Users/ZAIN%20UL%20ABDIN/Documents/scala_learnings/first_class/project.scala
2023.09.04 12:01:41 WARN  Could not find semantic tokens for: file:///C:/Users/ZAIN%20UL%20ABDIN/Documents/scala_learnings/first_class/project.scala
2023.09.04 12:01:41 WARN  Could not find semantic tokens for: file:///C:/Users/ZAIN%20UL%20ABDIN/Documents/scala_learnings/first_class/project.scala
2023.09.04 12:02:01 INFO  Attempting to connect to the build server...
2023.09.04 12:02:01 INFO  Running BSP server List(C:\Users\ZAIN UL ABDIN\AppData\Local\Programs\Eclipse Adoptium\jdk-17.0.8.7-hotspot\bin\java.exe, -cp, C:\Users\ZAIN UL ABDIN\AppData\Local\Coursier\cache\v1\https\repo1.maven.org\maven2\org\virtuslab\scala-cli\cli_3\1.0.4\cli_3-1.0.4.jar;C:\Users\ZAIN UL ABDIN\AppData\Local\Coursier\cache\v1\https\repo1.maven.org\maven2\com\github\alexarchambault\case-app_3\2.1.0-M25\case-app_3-2.1.0-M25.jar;C:\Users\ZAIN UL ABDIN\AppData\Local\Coursier\cache\v1\https\repo1.maven.org\maven2\io\get-coursier\coursier-launcher_2.13\2.1.5\coursier-launcher_2.13-2.1.5.jar;C:\Users\ZAIN UL ABDIN\AppData\Local\Coursier\cache\v1\https\repo1.maven.org\maven2\io\get-coursier\coursier-proxy-setup\2.1.5\coursier-proxy-setup-2.1.5.jar;C:\Users\ZAIN UL ABDIN\AppData\Local\Coursier\cache\v1\https\repo1.maven.org\maven2\io\get-coursier\publish\publish_2.13\0.1.4\publish_2.13-0.1.4.jar;C:\Users\ZAIN UL ABDIN\AppData\Local\Coursier\cache\v1\https\repo1.maven.org\maven2\com\google\jimfs\jimfs\1.3.0\jimfs-1.3.0.jar;C:\Users\ZAIN UL ABDIN\AppData\Local\Coursier\cache\v1\https\repo1.maven.org\maven2\io\get-coursier\jniutils\windows-jni-utils\0.3.3\windows-jni-utils-0.3.3.jar;C:\Users\ZAIN UL ABDIN\AppData\Local\Coursier\cache\v1\https\repo1.maven.org\maven2\com\github\plokhotnyuk\jsoniter-scala\jsoniter-scala-core_3\2.13.5.2\jsoniter-scala-core_3-2.13.5.2.jar;C:\Users\ZAIN UL ABDIN\AppData\Local\Coursier\cache\v1\https\repo1.maven.org\maven2\org\virtuslab\scala-cli\libsodiumjni\0.0.3\libsodiumjni-0.0.3.jar;C:\Users\ZAIN UL ABDIN\AppData\Local\Coursier\cache\v1\https\repo1.maven.org\maven2\com\geirsson\metaconfig-typesafe-config_3\0.11.1\metaconfig-typesafe-config_3-0.11.1.jar;C:\Users\ZAIN UL ABDIN\AppData\Local\Coursier\cache\v1\https\repo1.maven.org\maven2\ai\kien\python-native-libs_3\0.2.4\python-native-libs_3-0.2.4.jar;C:\Users\ZAIN UL ABDIN\AppData\Local\Coursier\cache\v1\https\repo1.maven.org\maven2\org\virtuslab\scala-packager_2.13\0.1.29\scala-packager_2.13-0.1.29.jar;C:\Users\ZAIN UL ABDIN\AppData\Local\Coursier\cache\v1\https\repo1.maven.org\maven2\org\virtuslab\scala-cli-signing\cli_3\0.2.2\cli_3-0.2.2.jar;C:\Users\ZAIN UL ABDIN\AppData\Local\Coursier\cache\v1\https\repo1.maven.org\maven2\org\slf4j\slf4j-nop\2.0.7\slf4j-nop-2.0.7.jar;C:\Users\ZAIN UL ABDIN\AppData\Local\Coursier\cache\v1\https\repo1.maven.org\maven2\com\softwaremill\sttp\client3\core_2.13\3.8.16\core_2.13-3.8.16.jar;C:\Users\ZAIN UL ABDIN\AppData\Local\Coursier\cache\v1\https\repo1.maven.org\maven2\org\scala-lang\scala3-library_3\3.3.0\scala3-library_3-3.3.0.jar;C:\Users\ZAIN UL ABDIN\AppData\Local\Coursier\cache\v1\https\repo1.maven.org\maven2\org\virtuslab\scala-cli\build-module_3\1.0.4\build-module_3-1.0.4.jar;C:\Users\ZAIN UL ABDIN\AppData\Local\Coursier\cache\v1\https\repo1.maven.org\maven2\org\virtuslab\scala-cli\config_3\1.0.4\config_3-1.0.4.jar;C:\Users\ZAIN UL ABDIN\AppData\Local\Coursier\cache\v1\https\repo1.maven.org\maven2\org\virtuslab\scala-cli\scala3-graal_3\1.0.4\scala3-graal_3-1.0.4.jar;C:\Users\ZAIN UL ABDIN\AppData\Local\Coursier\cache\v1\https\repo1.maven.org\maven2\org\virtuslab\scala-cli\specification-level_3\1.0.4\specification-level_3-1.0.4.jar;C:\Users\ZAIN UL ABDIN\AppData\Local\Coursier\cache\v1\https\repo1.maven.org\maven2\com\github\alexarchambault\case-app-annotations_3\2.1.0-M25\case-app-annotations_3-2.1.0-M25.jar;C:\Users\ZAIN UL ABDIN\AppData\Local\Coursier\cache\v1\https\repo1.maven.org\maven2\com\github\alexarchambault\case-app-util_3\2.1.0-M25\case-app-util_3-2.1.0-M25.jar;C:\Users\ZAIN UL ABDIN\AppData\Local\Coursier\cache\v1\https\repo1.maven.org\maven2\com\lihaoyi\sourcecode_3\0.3.0\sourcecode_3-0.3.0.jar;C:\Users\ZAIN UL ABDIN\AppData\Local\Coursier\cache\v1\https\repo1.maven.org\maven2\org\scala-lang\modules\scala-collection-compat_2.13\2.11.0\scala-collection-compat_2.13-2.11.0.jar;C:\Users\ZAIN UL ABDIN\AppData\Local\Coursier\cache\v1\https\repo1.maven.org\maven2\io\github\alexarchambault\scala-cli\tmp\zip-input-stream\0.1.1\zip-input-stream-0.1.1.jar;C:\Users\ZAIN UL ABDIN\AppData\Local\Coursier\cache\v1\https\repo1.maven.org\maven2\ai\kien\python-native-libs_2.13\0.2.4\python-native-libs_2.13-0.2.4.jar;C:\Users\ZAIN UL ABDIN\AppData\Local\Coursier\cache\v1\https\repo1.maven.org\maven2\org\scala-lang\scala-library\2.13.11\scala-library-2.13.11.jar;C:\Users\ZAIN UL ABDIN\AppData\Local\Coursier\cache\v1\https\repo1.maven.org\maven2\io\get-coursier\coursier-cache_2.13\2.1.5\coursier-cache_2.13-2.1.5.jar;C:\Users\ZAIN UL ABDIN\AppData\Local\Coursier\cache\v1\https\repo1.maven.org\maven2\io\get-coursier\coursier-core_2.13\2.1.5\coursier-core_2.13-2.1.5.jar;C:\Users\ZAIN UL ABDIN\AppData\Local\Coursier\cache\v1\https\repo1.maven.org\maven2\com\github\plokhotnyuk\jsoniter-scala\jsoniter-scala-core_2.13\2.13.15\jsoniter-scala-core_2.13-2.13.15.jar;C:\Users\ZAIN UL ABDIN\AppData\Local\Coursier\cache\v1\https\repo1.maven.org\maven2\com\google\guava\guava\32.1.2-jre\guava-32.1.2-jre.jar;C:\Users\ZAIN UL ABDIN\AppData\Local\Coursier\cache\v1\https\repo1.maven.org\maven2\net\java\dev\jna\jna\5.12.1\jna-5.12.1.jar;C:\Users\ZAIN UL ABDIN\AppData\Local\Coursier\cache\v1\https\repo1.maven.org\maven2\net\java\dev\jna\jna-platform\5.12.1\jna-platform-5.12.1.jar;C:\Users\ZAIN UL ABDIN\AppData\Local\Coursier\cache\v1\https\repo1.maven.org\maven2\com\geirsson\metaconfig-core_3\0.11.1\metaconfig-core_3-0.11.1.jar;C:\Users\ZAIN UL ABDIN\AppData\Local\Coursier\cache\v1\https\repo1.maven.org\maven2\com\typesafe\config\1.4.1\config-1.4.1.jar;C:\Users\ZAIN UL ABDIN\AppData\Local\Coursier\cache\v1\https\repo1.maven.org\maven2\org\scala-lang\modules\scala-collection-compat_3\2.11.0\scala-collection-compat_3-2.11.0.jar;C:\Users\ZAIN UL ABDIN\AppData\Local\Coursier\cache\v1\https\repo1.maven.org\maven2\commons-io\commons-io\2.11.0\commons-io-2.11.0.jar;C:\Users\ZAIN UL ABDIN\AppData\Local\Coursier\cache\v1\https\repo1.maven.org\maven2\com\google\cloud\tools\jib-core\0.22.0\jib-core-0.22.0.jar;C:\Users\ZAIN UL ABDIN\AppData\Local\Coursier\cache\v1\https\repo1.maven.org\maven2\com\lihaoyi\os-lib_2.13\0.8.1\os-lib_2.13-0.8.1.jar;C:\Users\ZAIN UL ABDIN\AppData\Local\Coursier\cache\v1\https\repo1.maven.org\maven2\org\bouncycastle\bcpg-jdk18on\1.73\bcpg-jdk18on-1.73.jar;C:\Users\ZAIN UL ABDIN\AppData\Local\Coursier\cache\v1\https\repo1.maven.org\maven2\org\virtuslab\scala-cli-signing\shared_3\0.2.2\shared_3-0.2.2.jar;C:\Users\ZAIN UL ABDIN\AppData\Local\Coursier\cache\v1\https\repo1.maven.org\maven2\org\slf4j\slf4j-api\2.0.7\slf4j-api-2.0.7.jar;C:\Users\ZAIN UL ABDIN\AppData\Local\Coursier\cache\v1\https\repo1.maven.org\maven2\com\softwaremill\sttp\model\core_2.13\1.5.5\core_2.13-1.5.5.jar;C:\Users\ZAIN UL ABDIN\AppData\Local\Coursier\cache\v1\https\repo1.maven.org\maven2\com\softwaremill\sttp\shared\core_2.13\1.3.13\core_2.13-1.3.13.jar;C:\Users\ZAIN UL ABDIN\AppData\Local\Coursier\cache\v1\https\repo1.maven.org\maven2\com\softwaremill\sttp\shared\ws_2.13\1.3.13\ws_2.13-1.3.13.jar;C:\Users\ZAIN UL ABDIN\AppData\Local\Coursier\cache\v1\https\repo1.maven.org\maven2\org\ow2\asm\asm\9.5\asm-9.5.jar;C:\Users\ZAIN UL ABDIN\AppData\Local\Coursier\cache\v1\https\repo1.maven.org\maven2\io\github\alexarchambault\scala-cli\java-class-name_3\0.1.0\java-class-name_3-0.1.0.jar;C:\Users\ZAIN UL ABDIN\AppData\Local\Coursier\cache\v1\https\repo1.maven.org\maven2\org\scalameta\trees_2.13\4.8.7\trees_2.13-4.8.7.jar;C:\Users\ZAIN UL ABDIN\AppData\Local\Coursier\cache\v1\https\repo1.maven.org\maven2\org\scala-native\test-runner_3\0.4.14\test-runner_3-0.4.14.jar;C:\Users\ZAIN UL ABDIN\AppData\Local\Coursier\cache\v1\https\repo1.maven.org\maven2\com\lihaoyi\os-lib_3\0.9.1\os-lib_3-0.9.1.jar;C:\Users\ZAIN UL ABDIN\AppData\Local\Coursier\cache\v1\https\repo1.maven.org\maven2\com\lihaoyi\pprint_3\0.8.1\pprint_3-0.8.1.jar;C:\Users\ZAIN UL ABDIN\AppData\Local\Coursier\cache\v1\https\repo1.maven.org\maven2\org\scala-js\scalajs-env-nodejs_2.13\1.4.0\scalajs-env-nodejs_2.13-1.4.0.jar;C:\Users\ZAIN UL ABDIN\AppData\Local\Coursier\cache\v1\https\repo1.maven.org\maven2\org\scala-js\scalajs-sbt-test-adapter_2.13\1.13.2\scalajs-sbt-test-adapter_2.13-1.13.2.jar;C:\Users\ZAIN UL ABDIN\AppData\Local\Coursier\cache\v1\https\repo1.maven.org\maven2\com\swoval\file-tree-views\2.1.10\file-tree-views-2.1.10.jar;C:\Users\ZAIN UL ABDIN\AppData\Local\Coursier\cache\v1\https\repo1.maven.org\maven2\org\virtuslab\scala-cli\options_3\1.0.4\options_3-1.0.4.jar;C:\Users\ZAIN UL ABDIN\AppData\Local\Coursier\cache\v1\https\repo1.maven.org\maven2\org\virtuslab\scala-cli\directives_3\1.0.4\directives_3-1.0.4.jar;C:\Users\ZAIN UL ABDIN\AppData\Local\Coursier\cache\v1\https\repo1.maven.org\maven2\org\virtuslab\scala-cli\scala-cli-bsp\1.0.4\scala-cli-bsp-1.0.4.jar;C:\Users\ZAIN UL ABDIN\AppData\Local\Coursier\cache\v1\https\repo1.maven.org\maven2\org\virtuslab\scala-cli\test-runner_2.13\1.0.4\test-runner_2.13-1.0.4.jar;C:\Users\ZAIN UL ABDIN\AppData\Local\Coursier\cache\v1\https\repo1.maven.org\maven2\org\virtuslab\scala-cli\tasty-lib_3\1.0.4\tasty-lib_3-1.0.4.jar;C:\Users\ZAIN UL ABDIN\AppData\Local\Coursier\cache\v1\https\repo1.maven.org\maven2\org\codehaus\plexus\plexus-archiver\4.7.1\plexus-archiver-4.7.1.jar;C:\Users\ZAIN UL ABDIN\AppData\Local\Coursier\cache\v1\https\repo1.maven.org\maven2\org\codehaus\plexus\plexus-container-default\2.1.1\plexus-container-default-2.1.1.jar;C:\Users\ZAIN UL ABDIN\AppData\Local\Coursier\cache\v1\https\repo1.maven.org\maven2\io\github\alexarchambault\windows-ansi\windows-ansi\0.0.5\windows-ansi-0.0.5.jar;C:\Users\ZAIN UL ABDIN\AppData\Local\Coursier\cache\v1\https\repo1.maven.org\maven2\io\get-coursier\coursier-util_2.13\2.1.5\coursier-util_2.13-2.1.5.jar;C:\Users\ZAIN UL ABDIN\AppData\Local\Coursier\cache\v1\https\repo1.maven.org\maven2\io\github\alexarchambault\concurrent-reference-hash-map\1.1.0\concurrent-reference-hash-map-1.1.0.jar;C:\Users\ZAIN UL ABDIN\AppData\Local\Coursier\cache\v1\https\repo1.maven.org\maven2\org\scala-lang\modules\scala-xml_2.13\2.1.0\scala-xml_2.13-2.1.0.jar;C:\Users\ZAIN UL ABDIN\AppData\Local\Coursier\cache\v1\https\repo1.maven.org\maven2\com\google\guava\failureaccess\1.0.1\failureaccess-1.0.1.jar;C:\Users\ZAIN UL ABDIN\AppData\Local\Coursier\cache\v1\https\repo1.maven.org\maven2\com\google\guava\listenablefuture\9999.0-empty-to-avoid-conflict-with-guava\listenablefuture-9999.0-empty-to-avoid-conflict-with-guava.jar;C:\Users\ZAIN UL ABDIN\AppData\Local\Coursier\cache\v1\https\repo1.maven.org\maven2\com\google\code\findbugs\jsr305\3.0.2\jsr305-3.0.2.jar;C:\Users\ZAIN UL ABDIN\AppData\Local\Coursier\cache\v1\https\repo1.maven.org\maven2\org\checkerframework\checker-qual\3.33.0\checker-qual-3.33.0.jar;C:\Users\ZAIN UL ABDIN\AppData\Local\Coursier\cache\v1\https\repo1.maven.org\maven2\com\google\errorprone\error_prone_annotations\2.18.0\error_prone_annotations-2.18.0.jar;C:\Users\ZAIN UL ABDIN\AppData\Local\Coursier\cache\v1\https\repo1.maven.org\maven2\com\google\j2objc\j2objc-annotations\2.8\j2objc-annotations-2.8.jar;C:\Users\ZAIN UL ABDIN\AppData\Local\Coursier\cache\v1\https\repo1.maven.org\maven2\com\geirsson\metaconfig-pprint_3\0.11.1\metaconfig-pprint_3-0.11.1.jar;C:\Users\ZAIN UL ABDIN\AppData\Local\Coursier\cache\v1\https\repo1.maven.org\maven2\org\typelevel\paiges-core_3\0.4.2\paiges-core_3-0.4.2.jar;C:\Users\ZAIN UL ABDIN\AppData\Local\Coursier\cache\v1\https\repo1.maven.org\maven2\org\scala-lang\scala-reflect\2.13.8\scala-reflect-2.13.8.jar;C:\Users\ZAIN UL ABDIN\AppData\Local\Coursier\cache\v1\https\repo1.maven.org\maven2\com\google\cloud\tools\jib-build-plan\0.4.0\jib-build-plan-0.4.0.jar;C:\Users\ZAIN UL ABDIN\AppData\Local\Coursier\cache\v1\https\repo1.maven.org\maven2\com\google\http-client\google-http-client\1.34.0\google-http-client-1.34.0.jar;C:\Users\ZAIN UL ABDIN\AppData\Local\Coursier\cache\v1\https\repo1.maven.org\maven2\com\google\http-client\google-http-client-apache-v2\1.34.0\google-http-client-apache-v2-1.34.0.jar;C:\Users\ZAIN UL ABDIN\AppData\Local\Coursier\cache\v1\https\repo1.maven.org\maven2\com\google\auth\google-auth-library-oauth2-http\0.18.0\google-auth-library-oauth2-http-0.18.0.jar;C:\Users\ZAIN UL ABDIN\AppData\Local\Coursier\cache\v1\https\repo1.maven.org\maven2\org\apache\commons\commons-compress\1.23.0\commons-compress-1.23.0.jar;C:\Users\ZAIN UL ABDIN\AppData\Local\Coursier\cache\v1\https\repo1.maven.org\maven2\com\fasterxml\jackson\core\jackson-databind\2.13.3\jackson-databind-2.13.3.jar;C:\Users\ZAIN UL ABDIN\AppData\Local\Coursier\cache\v1\https\repo1.maven.org\maven2\com\fasterxml\jackson\datatype\jackson-datatype-jsr310\2.13.3\jackson-datatype-jsr310-2.13.3.jar;C:\Users\ZAIN UL ABDIN\AppData\Local\Coursier\cache\v1\https\repo1.maven.org\maven2\com\lihaoyi\geny_2.13\0.7.1\geny_2.13-0.7.1.jar;C:\Users\ZAIN UL ABDIN\AppData\Local\Coursier\cache\v1\https\repo1.maven.org\maven2\org\bouncycastle\bcprov-jdk18on\1.73\bcprov-jdk18on-1.73.jar;C:\Users\ZAIN UL ABDIN\AppData\Local\Coursier\cache\v1\https\repo1.maven.org\maven2\org\scala-lang\scala3-compiler_3\3.1.2\scala3-compiler_3-3.1.2.jar;C:\Users\ZAIN UL ABDIN\AppData\Local\Coursier\cache\v1\https\repo1.maven.org\maven2\org\scalameta\common_2.13\4.8.7\common_2.13-4.8.7.jar;C:\Users\ZAIN UL ABDIN\AppData\Local\Coursier\cache\v1\https\repo1.maven.org\maven2\org\scala-native\tools_3\0.4.14\tools_3-0.4.14.jar;C:\Users\ZAIN UL ABDIN\AppData\Local\Coursier\cache\v1\https\repo1.maven.org\maven2\org\scala-sbt\test-interface\1.0\test-interface-1.0.jar;C:\Users\ZAIN UL ABDIN\AppData\Local\Coursier\cache\v1\https\repo1.maven.org\maven2\com\novocode\junit-interface\0.11\junit-interface-0.11.jar;C:\Users\ZAIN UL ABDIN\AppData\Local\Coursier\cache\v1\https\repo1.maven.org\maven2\junit\junit\4.13.2\junit-4.13.2.jar;C:\Users\ZAIN UL ABDIN\AppData\Local\Coursier\cache\v1\https\repo1.maven.org\maven2\com\lihaoyi\geny_3\1.0.0\geny_3-1.0.0.jar;C:\Users\ZAIN UL ABDIN\AppData\Local\Coursier\cache\v1\https\repo1.maven.org\maven2\com\lihaoyi\fansi_3\0.4.0\fansi_3-0.4.0.jar;C:\Users\ZAIN UL ABDIN\AppData\Local\Coursier\cache\v1\https\repo1.maven.org\maven2\org\scala-js\scalajs-js-envs_2.13\1.4.0\scalajs-js-envs_2.13-1.4.0.jar;C:\Users\ZAIN UL ABDIN\AppData\Local\Coursier\cache\v1\https\repo1.maven.org\maven2\ch\epfl\scala\bloop-config_2.13\1.5.5\bloop-config_2.13-1.5.5.jar;C:\Users\ZAIN UL ABDIN\AppData\Local\Coursier\cache\v1\https\repo1.maven.org\maven2\org\virtuslab\scala-cli\core_3\1.0.4\core_3-1.0.4.jar;C:\Users\ZAIN UL ABDIN\AppData\Local\Coursier\cache\v1\https\repo1.maven.org\maven2\org\virtuslab\using_directives\1.1.0\using_directives-1.1.0.jar;C:\Users\ZAIN UL ABDIN\AppData\Local\Coursier\cache\v1\https\repo1.maven.org\maven2\org\virtuslab\scala-cli\build-macros_3\1.0.4\build-macros_3-1.0.4.jar;C:\Users\ZAIN UL ABDIN\AppData\Local\Coursier\cache\v1\https\repo1.maven.org\maven2\ch\epfl\scala\bsp4j\2.1.0-M5\bsp4j-2.1.0-M5.jar;C:\Users\ZAIN UL ABDIN\AppData\Local\Coursier\cache\v1\https\repo1.maven.org\maven2\javax\inject\javax.inject\1\javax.inject-1.jar;C:\Users\ZAIN UL ABDIN\AppData\Local\Coursier\cache\v1\https\repo1.maven.org\maven2\org\codehaus\plexus\plexus-utils\3.5.1\plexus-utils-3.5.1.jar;C:\Users\ZAIN UL ABDIN\AppData\Local\Coursier\cache\v1\https\repo1.maven.org\maven2\org\codehaus\plexus\plexus-io\3.4.1\plexus-io-3.4.1.jar;C:\Users\ZAIN UL ABDIN\AppData\Local\Coursier\cache\v1\https\repo1.maven.org\maven2\org\iq80\snappy\snappy\0.4\snappy-0.4.jar;C:\Users\ZAIN UL ABDIN\AppData\Local\Coursier\cache\v1\https\repo1.maven.org\maven2\org\tukaani\xz\1.9\xz-1.9.jar;C:\Users\ZAIN UL ABDIN\AppData\Local\Coursier\cache\v1\https\repo1.maven.org\maven2\com\github\luben\zstd-jni\1.5.5-2\zstd-jni-1.5.5-2.jar;C:\Users\ZAIN UL ABDIN\AppData\Local\Coursier\cache\v1\https\repo1.maven.org\maven2\org\codehaus\plexus\plexus-classworlds\2.6.0\plexus-classworlds-2.6.0.jar;C:\Users\ZAIN UL ABDIN\AppData\Local\Coursier\cache\v1\https\repo1.maven.org\maven2\org\apache\xbean\xbean-reflect\3.7\xbean-reflect-3.7.jar;C:\Users\ZAIN UL ABDIN\AppData\Local\Coursier\cache\v1\https\repo1.maven.org\maven2\org\fusesource\jansi\jansi\1.18\jansi-1.18.jar;C:\Users\ZAIN UL ABDIN\AppData\Local\Coursier\cache\v1\https\repo1.maven.org\maven2\org\apache\httpcomponents\httpclient\4.5.10\httpclient-4.5.10.jar;C:\Users\ZAIN UL ABDIN\AppData\Local\Coursier\cache\v1\https\repo1.maven.org\maven2\org\apache\httpcomponents\httpcore\4.4.12\httpcore-4.4.12.jar;C:\Users\ZAIN UL ABDIN\AppData\Local\Coursier\cache\v1\https\repo1.maven.org\maven2\io\opencensus\opencensus-api\0.24.0\opencensus-api-0.24.0.jar;C:\Users\ZAIN UL ABDIN\AppData\Local\Coursier\cache\v1\https\repo1.maven.org\maven2\io\opencensus\opencensus-contrib-http-util\0.24.0\opencensus-contrib-http-util-0.24.0.jar;C:\Users\ZAIN UL ABDIN\AppData\Local\Coursier\cache\v1\https\repo1.maven.org\maven2\com\google\auto\value\auto-value-annotations\1.6.6\auto-value-annotations-1.6.6.jar;C:\Users\ZAIN UL ABDIN\AppData\Local\Coursier\cache\v1\https\repo1.maven.org\maven2\com\google\auth\google-auth-library-credentials\0.18.0\google-auth-library-credentials-0.18.0.jar;C:\Users\ZAIN UL ABDIN\AppData\Local\Coursier\cache\v1\https\repo1.maven.org\maven2\com\google\http-client\google-http-client-jackson2\1.32.1\google-http-client-jackson2-1.32.1.jar;C:\Users\ZAIN UL ABDIN\AppData\Local\Coursier\cache\v1\https\repo1.maven.org\maven2\com\fasterxml\jackson\core\jackson-annotations\2.13.3\jackson-annotations-2.13.3.jar;C:\Users\ZAIN UL ABDIN\AppData\Local\Coursier\cache\v1\https\repo1.maven.org\maven2\com\fasterxml\jackson\core\jackson-core\2.13.3\jackson-core-2.13.3.jar;C:\Users\ZAIN UL ABDIN\AppData\Local\Coursier\cache\v1\https\repo1.maven.org\maven2\org\scala-lang\scala3-interfaces\3.1.2\scala3-interfaces-3.1.2.jar;C:\Users\ZAIN UL ABDIN\AppData\Local\Coursier\cache\v1\https\repo1.maven.org\maven2\org\scala-lang\tasty-core_3\3.1.2\tasty-core_3-3.1.2.jar;C:\Users\ZAIN UL ABDIN\AppData\Local\Coursier\cache\v1\https\repo1.maven.org\maven2\org\scala-lang\modules\scala-asm\9.1.0-scala-1\scala-asm-9.1.0-scala-1.jar;C:\Users\ZAIN UL ABDIN\AppData\Local\Coursier\cache\v1\https\repo1.maven.org\maven2\org\scala-sbt\compiler-interface\1.3.5\compiler-interface-1.3.5.jar;C:\Users\ZAIN UL ABDIN\AppData\Local\Coursier\cache\v1\https\repo1.maven.org\maven2\org\jline\jline-reader\3.19.0\jline-reader-3.19.0.jar;C:\Users\ZAIN UL ABDIN\AppData\Local\Coursier\cache\v1\https\repo1.maven.org\maven2\org\jline\jline-terminal\3.19.0\jline-terminal-3.19.0.jar;C:\Users\ZAIN UL ABDIN\AppData\Local\Coursier\cache\v1\https\repo1.maven.org\maven2\org\jline\jline-terminal-jna\3.19.0\jline-terminal-jna-3.19.0.jar;C:\Users\ZAIN UL ABDIN\AppData\Local\Coursier\cache\v1\https\repo1.maven.org\maven2\com\lihaoyi\sourcecode_2.13\0.3.0\sourcecode_2.13-0.3.0.jar;C:\Users\ZAIN UL ABDIN\AppData\Local\Coursier\cache\v1\https\repo1.maven.org\maven2\com\thesamet\scalapb\scalapb-runtime_2.13\0.11.13\scalapb-runtime_2.13-0.11.13.jar;C:\Users\ZAIN UL ABDIN\AppData\Local\Coursier\cache\v1\https\repo1.maven.org\maven2\org\scala-native\nir_3\0.4.14\nir_3-0.4.14.jar;C:\Users\ZAIN UL ABDIN\AppData\Local\Coursier\cache\v1\https\repo1.maven.org\maven2\org\scala-native\util_3\0.4.14\util_3-0.4.14.jar;C:\Users\ZAIN UL ABDIN\AppData\Local\Coursier\cache\v1\https\repo1.maven.org\maven2\org\scala-lang\modules\scala-parallel-collections_3\1.0.3\scala-parallel-collections_3-1.0.3.jar;C:\Users\ZAIN UL ABDIN\AppData\Local\Coursier\cache\v1\https\repo1.maven.org\maven2\org\hamcrest\hamcrest-core\1.3\hamcrest-core-1.3.jar;C:\Users\ZAIN UL ABDIN\AppData\Local\Coursier\cache\v1\https\repo1.maven.org\maven2\org\scala-js\scalajs-logging_2.13\1.1.1\scalajs-logging_2.13-1.1.1.jar;C:\Users\ZAIN UL ABDIN\AppData\Local\Coursier\cache\v1\https\repo1.maven.org\maven2\io\github\alexarchambault\bleep\bloop-rifle_2.13\1.5.9-sc-1\bloop-rifle_2.13-1.5.9-sc-1.jar;C:\Users\ZAIN UL ABDIN\AppData\Local\Coursier\cache\v1\https\repo1.maven.org\maven2\io\get-coursier\coursier-jvm_2.13\2.1.5\coursier-jvm_2.13-2.1.5.jar;C:\Users\ZAIN UL ABDIN\AppData\Local\Coursier\cache\v1\https\repo1.maven.org\maven2\io\get-coursier\dependency_3\0.2.3\dependency_3-0.2.3.jar;C:\Users\ZAIN UL ABDIN\AppData\Local\Coursier\cache\v1\https\repo1.maven.org\maven2\org\eclipse\jgit\org.eclipse.jgit\6.6.0.202305301015-r\org.eclipse.jgit-6.6.0.202305301015-r.jar;C:\Users\ZAIN UL ABDIN\AppData\Local\Coursier\cache\v1\https\repo1.maven.org\maven2\org\scala-js\scalajs-env-jsdom-nodejs_2.13\1.1.0\scalajs-env-jsdom-nodejs_2.13-1.1.0.jar;C:\Users\ZAIN UL ABDIN\AppData\Local\Coursier\cache\v1\https\repo1.maven.org\maven2\org\eclipse\lsp4j\org.eclipse.lsp4j.generator\0.20.1\org.eclipse.lsp4j.generator-0.20.1.jar;C:\Users\ZAIN UL ABDIN\AppData\Local\Coursier\cache\v1\https\repo1.maven.org\maven2\org\eclipse\lsp4j\org.eclipse.lsp4j.jsonrpc\0.20.1\org.eclipse.lsp4j.jsonrpc-0.20.1.jar;C:\Users\ZAIN UL ABDIN\AppData\Local\Coursier\cache\v1\https\repo1.maven.org\maven2\commons-logging\commons-logging\1.2\commons-logging-1.2.jar;C:\Users\ZAIN UL ABDIN\AppData\Local\Coursier\cache\v1\https\repo1.maven.org\maven2\commons-codec\commons-codec\1.11\commons-codec-1.11.jar;C:\Users\ZAIN UL ABDIN\AppData\Local\Coursier\cache\v1\https\repo1.maven.org\maven2\io\grpc\grpc-context\1.22.1\grpc-context-1.22.1.jar;C:\Users\ZAIN UL ABDIN\AppData\Local\Coursier\cache\v1\https\repo1.maven.org\maven2\com\google\protobuf\protobuf-java\3.19.6\protobuf-java-3.19.6.jar;C:\Users\ZAIN UL ABDIN\AppData\Local\Coursier\cache\v1\https\repo1.maven.org\maven2\org\scala-sbt\util-interface\1.3.0\util-interface-1.3.0.jar;C:\Users\ZAIN UL ABDIN\AppData\Local\Coursier\cache\v1\https\repo1.maven.org\maven2\com\thesamet\scalapb\lenses_2.13\0.11.13\lenses_2.13-0.11.13.jar;C:\Users\ZAIN UL ABDIN\AppData\Local\Coursier\cache\v1\https\repo1.maven.org\maven2\io\github\alexarchambault\libdaemon\libdaemon_2.13\0.0.11\libdaemon_2.13-0.0.11.jar;C:\Users\ZAIN UL ABDIN\AppData\Local\Coursier\cache\v1\https\repo1.maven.org\maven2\io\github\alexarchambault\scala-cli\snailgun\snailgun-core_2.13\0.4.1-sc2\snailgun-core_2.13-0.4.1-sc2.jar;C:\Users\ZAIN UL ABDIN\AppData\Local\Coursier\cache\v1\https\repo1.maven.org\maven2\com\github\alexarchambault\argonaut-shapeless_6.3_2.13\1.3.1\argonaut-shapeless_6.3_2.13-1.3.1.jar;C:\Users\ZAIN UL ABDIN\AppData\Local\Coursier\cache\v1\https\repo1.maven.org\maven2\io\get-coursier\coursier_2.13\2.1.5\coursier_2.13-2.1.5.jar;C:\Users\ZAIN UL ABDIN\AppData\Local\Coursier\cache\v1\https\repo1.maven.org\maven2\io\get-coursier\coursier-env_2.13\2.1.5\coursier-env_2.13-2.1.5.jar;C:\Users\ZAIN UL ABDIN\AppData\Local\Coursier\cache\v1\https\repo1.maven.org\maven2\com\googlecode\javaewah\JavaEWAH\1.2.3\JavaEWAH-1.2.3.jar;C:\Users\ZAIN UL ABDIN\AppData\Local\Coursier\cache\v1\https\repo1.maven.org\maven2\org\eclipse\xtend\org.eclipse.xtend.lib\2.28.0\org.eclipse.xtend.lib-2.28.0.jar;C:\Users\ZAIN UL ABDIN\AppData\Local\Coursier\cache\v1\https\repo1.maven.org\maven2\com\google\code\gson\gson\2.10.1\gson-2.10.1.jar;C:\Users\ZAIN UL ABDIN\AppData\Local\Coursier\cache\v1\https\repo1.maven.org\maven2\io\argonaut\argonaut_2.13\6.3.8\argonaut_2.13-6.3.8.jar;C:\Users\ZAIN UL ABDIN\AppData\Local\Coursier\cache\v1\https\repo1.maven.org\maven2\com\chuusai\shapeless_2.13\2.3.9\shapeless_2.13-2.3.9.jar;C:\Users\ZAIN UL ABDIN\AppData\Local\Coursier\cache\v1\https\repo1.maven.org\maven2\org\eclipse\xtext\org.eclipse.xtext.xbase.lib\2.28.0\org.eclipse.xtext.xbase.lib-2.28.0.jar;C:\Users\ZAIN UL ABDIN\AppData\Local\Coursier\cache\v1\https\repo1.maven.org\maven2\org\eclipse\xtend\org.eclipse.xtend.lib.macro\2.28.0\org.eclipse.xtend.lib.macro-2.28.0.jar, scala.cli.ScalaCli, bsp, C:\Users\ZAIN UL ABDIN\Documents\scala_learnings\first_class)
2023.09.04 12:02:01 INFO  tracing is disabled for protocol BSP, to enable tracing of incoming and outgoing JSON messages create an empty file at C:\Users\ZAIN UL ABDIN\Documents\scala_learnings\first_class\.metals\bsp.trace.json or C:\Users\ZAIN UL ABDIN\AppData\Local\scalameta\metals\cache\bsp.trace.json
2023.09.04 12:02:07 INFO  BSP server: Starting compilation server
2023.09.04 12:02:07 INFO  BSP server: Downloading https://repo1.maven.org/maven2/io/github/alexarchambault/bleep/bloop-frontend_2.12/1.5.9-sc-1/bloop-frontend_2.12-1.5.9-sc-1.pom
2023.09.04 12:02:09 INFO  BSP server: Downloaded https://repo1.maven.org/maven2/io/github/alexarchambault/bleep/bloop-frontend_2.12/1.5.9-sc-1/bloop-frontend_2.12-1.5.9-sc-1.pom
2023.09.04 12:02:09 INFO  BSP server: Downloading https://repo1.maven.org/maven2/io/github/alexarchambault/libdaemon/libdaemon_2.12/0.0.11/libdaemon_2.12-0.0.11.pom
2023.09.04 12:02:09 INFO  BSP server: Downloading https://repo1.maven.org/maven2/ch/epfl/scala/bloop-config_2.12/1.5.5/bloop-config_2.12-1.5.5.pom
2023.09.04 12:02:09 INFO  BSP server: Downloading https://repo1.maven.org/maven2/ch/qos/logback/logback-classic/1.4.6/logback-classic-1.4.6.pom
2023.09.04 12:02:09 INFO  BSP server: Downloading https://repo1.maven.org/maven2/ch/epfl/scala/scala-debug-adapter_2.12/3.1.3/scala-debug-adapter_2.12-3.1.3.pom
2023.09.04 12:02:09 INFO  BSP server: Downloading https://repo1.maven.org/maven2/com/github/alexarchambault/case-app_2.12/2.0.6/case-app_2.12-2.0.6.pom
2023.09.04 12:02:09 INFO  BSP server: Downloading https://repo1.maven.org/maven2/io/github/alexarchambault/bleep/bloop-backend_2.12/1.5.9-sc-1/bloop-backend_2.12-1.5.9-sc-1.pom
2023.09.04 12:02:09 INFO  BSP server: Downloaded https://repo1.maven.org/maven2/io/github/alexarchambault/libdaemon/libdaemon_2.12/0.0.11/libdaemon_2.12-0.0.11.pom
2023.09.04 12:02:10 INFO  BSP server: Downloaded https://repo1.maven.org/maven2/ch/qos/logback/logback-classic/1.4.6/logback-classic-1.4.6.pom
2023.09.04 12:02:10 INFO  BSP server: Downloaded https://repo1.maven.org/maven2/io/github/alexarchambault/bleep/bloop-backend_2.12/1.5.9-sc-1/bloop-backend_2.12-1.5.9-sc-1.pom
2023.09.04 12:02:10 INFO  BSP server: Downloaded https://repo1.maven.org/maven2/ch/epfl/scala/bloop-config_2.12/1.5.5/bloop-config_2.12-1.5.5.pom
2023.09.04 12:02:10 INFO  BSP server: Downloaded https://repo1.maven.org/maven2/ch/epfl/scala/scala-debug-adapter_2.12/3.1.3/scala-debug-adapter_2.12-3.1.3.pom
2023.09.04 12:02:10 INFO  BSP server: Downloaded https://repo1.maven.org/maven2/com/github/alexarchambault/case-app_2.12/2.0.6/case-app_2.12-2.0.6.pom
2023.09.04 12:02:10 INFO  BSP server: Downloading https://repo1.maven.org/maven2/ch/qos/logback/logback-parent/1.4.6/logback-parent-1.4.6.pom
2023.09.04 12:02:10 INFO  BSP server: Downloaded https://repo1.maven.org/maven2/ch/qos/logback/logback-parent/1.4.6/logback-parent-1.4.6.pom
2023.09.04 12:02:10 INFO  BSP server: Downloading https://repo1.maven.org/maven2/com/lihaoyi/sourcecode_2.12/0.3.0/sourcecode_2.12-0.3.0.pom
2023.09.04 12:02:10 INFO  BSP server: Downloading https://repo1.maven.org/maven2/org/ow2/asm/asm-util/9.5/asm-util-9.5.pom
2023.09.04 12:02:10 INFO  BSP server: Downloading https://repo1.maven.org/maven2/io/zipkin/brave/brave/5.16.0/brave-5.16.0.pom
2023.09.04 12:02:10 INFO  BSP server: Downloading https://repo1.maven.org/maven2/org/zeroturnaround/zt-zip/1.15/zt-zip-1.15.pom
2023.09.04 12:02:10 INFO  BSP server: Downloading https://repo1.maven.org/maven2/org/scalaz/scalaz-core_2.12/7.3.7/scalaz-core_2.12-7.3.7.pom
2023.09.04 12:02:10 INFO  BSP server: Downloading https://repo1.maven.org/maven2/com/lihaoyi/pprint_2.12/0.8.1/pprint_2.12-0.8.1.pom
2023.09.04 12:02:10 INFO  BSP server: Downloaded https://repo1.maven.org/maven2/com/lihaoyi/sourcecode_2.12/0.3.0/sourcecode_2.12-0.3.0.pom
2023.09.04 12:02:10 INFO  BSP server: Downloading https://repo1.maven.org/maven2/io/zipkin/reporter2/zipkin-sender-urlconnection/2.16.4/zipkin-sender-urlconnection-2.16.4.pom
2023.09.04 12:02:10 INFO  BSP server: Downloaded https://repo1.maven.org/maven2/io/zipkin/brave/brave/5.16.0/brave-5.16.0.pom
2023.09.04 12:02:10 INFO  BSP server: Downloading https://repo1.maven.org/maven2/org/slf4j/slf4j-api/2.0.4/slf4j-api-2.0.4.pom
2023.09.04 12:02:11 INFO  BSP server: Downloaded https://repo1.maven.org/maven2/org/scalaz/scalaz-core_2.12/7.3.7/scalaz-core_2.12-7.3.7.pom
2023.09.04 12:02:11 INFO  BSP server: Downloading https://repo1.maven.org/maven2/com/github/alexarchambault/case-app-util_2.12/2.0.6/case-app-util_2.12-2.0.6.pom
2023.09.04 12:02:11 INFO  BSP server: Downloaded https://repo1.maven.org/maven2/org/ow2/asm/asm-util/9.5/asm-util-9.5.pom
2023.09.04 12:02:11 INFO  BSP server: Downloaded https://repo1.maven.org/maven2/org/zeroturnaround/zt-zip/1.15/zt-zip-1.15.pom
2023.09.04 12:02:11 INFO  BSP server: Downloading https://repo1.maven.org/maven2/ch/epfl/scala/directory-watcher/0.8.0+6-f651bd93/directory-watcher-0.8.0+6-f651bd93.pom
2023.09.04 12:02:11 INFO  BSP server: Downloaded https://repo1.maven.org/maven2/io/zipkin/reporter2/zipkin-sender-urlconnection/2.16.4/zipkin-sender-urlconnection-2.16.4.pom
2023.09.04 12:02:11 INFO  BSP server: Downloading https://repo1.maven.org/maven2/io/monix/monix_2.12/3.2.0/monix_2.12-3.2.0.pom
2023.09.04 12:02:11 INFO  BSP server: Downloaded https://repo1.maven.org/maven2/org/slf4j/slf4j-api/2.0.4/slf4j-api-2.0.4.pom
2023.09.04 12:02:11 INFO  BSP server: Downloading https://repo1.maven.org/maven2/org/scala-lang/modules/scala-collection-compat_2.12/2.10.0/scala-collection-compat_2.12-2.10.0.pom
2023.09.04 12:02:11 INFO  BSP server: Downloading https://repo1.maven.org/maven2/ch/epfl/scala/com-microsoft-java-debug-core/0.34.0+19/com-microsoft-java-debug-core-0.34.0+19.pom
2023.09.04 12:02:11 INFO  BSP server: Downloaded https://repo1.maven.org/maven2/com/github/alexarchambault/case-app-util_2.12/2.0.6/case-app-util_2.12-2.0.6.pom
2023.09.04 12:02:11 INFO  BSP server: Downloading https://repo1.maven.org/maven2/ch/qos/logback/logback-core/1.4.6/logback-core-1.4.6.pom
2023.09.04 12:02:11 INFO  BSP server: Downloaded https://repo1.maven.org/maven2/ch/epfl/scala/directory-watcher/0.8.0+6-f651bd93/directory-watcher-0.8.0+6-f651bd93.pom
2023.09.04 12:02:11 INFO  BSP server: Downloading https://repo1.maven.org/maven2/com/github/alexarchambault/case-app-annotations_2.12/2.0.6/case-app-annotations_2.12-2.0.6.pom
2023.09.04 12:02:11 INFO  BSP server: Downloaded https://repo1.maven.org/maven2/org/scala-lang/modules/scala-collection-compat_2.12/2.10.0/scala-collection-compat_2.12-2.10.0.pom
2023.09.04 12:02:11 INFO  BSP server: Downloading https://repo1.maven.org/maven2/com/github/plokhotnyuk/jsoniter-scala/jsoniter-scala-core_2.12/2.4.0/jsoniter-scala-core_2.12-2.4.0.pom
2023.09.04 12:02:11 INFO  BSP server: Downloaded https://repo1.maven.org/maven2/com/lihaoyi/pprint_2.12/0.8.1/pprint_2.12-0.8.1.pom
2023.09.04 12:02:11 INFO  BSP server: Downloaded https://repo1.maven.org/maven2/ch/epfl/scala/com-microsoft-java-debug-core/0.34.0+19/com-microsoft-java-debug-core-0.34.0+19.pom
2023.09.04 12:02:11 INFO  BSP server: Downloaded https://repo1.maven.org/maven2/io/monix/monix_2.12/3.2.0/monix_2.12-3.2.0.pom
2023.09.04 12:02:11 INFO  BSP server: Downloaded https://repo1.maven.org/maven2/com/github/alexarchambault/case-app-annotations_2.12/2.0.6/case-app-annotations_2.12-2.0.6.pom
2023.09.04 12:02:11 INFO  BSP server: Downloading https://repo1.maven.org/maven2/io/github/alexarchambault/bleep/nailgun-server/1.0.7/nailgun-server-1.0.7.pom
2023.09.04 12:02:11 INFO  BSP server: Downloaded https://repo1.maven.org/maven2/com/github/plokhotnyuk/jsoniter-scala/jsoniter-scala-core_2.12/2.4.0/jsoniter-scala-core_2.12-2.4.0.pom
2023.09.04 12:02:11 INFO  BSP server: Downloaded https://repo1.maven.org/maven2/ch/qos/logback/logback-core/1.4.6/logback-core-1.4.6.pom
2023.09.04 12:02:11 INFO  BSP server: Downloading https://repo1.maven.org/maven2/io/github/alexarchambault/bleep/bloop-shared_2.12/1.5.9-sc-1/bloop-shared_2.12-1.5.9-sc-1.pom
2023.09.04 12:02:11 INFO  BSP server: Downloaded https://repo1.maven.org/maven2/io/github/alexarchambault/bleep/nailgun-server/1.0.7/nailgun-server-1.0.7.pom
2023.09.04 12:02:11 INFO  BSP server: Downloaded https://repo1.maven.org/maven2/io/github/alexarchambault/bleep/bloop-shared_2.12/1.5.9-sc-1/bloop-shared_2.12-1.5.9-sc-1.pom
2023.09.04 12:02:11 INFO  BSP server: Downloading https://repo1.maven.org/maven2/org/scala-sbt/test-agent/1.8.3/test-agent-1.8.3.pom
2023.09.04 12:02:11 INFO  BSP server: Downloaded https://repo1.maven.org/maven2/org/scala-sbt/test-agent/1.8.3/test-agent-1.8.3.pom
2023.09.04 12:02:11 INFO  BSP server: Downloading https://repo1.maven.org/maven2/io/zipkin/brave/brave-parent/5.16.0/brave-parent-5.16.0.pom
2023.09.04 12:02:11 INFO  BSP server: Downloading https://repo1.maven.org/maven2/io/zipkin/reporter2/zipkin-reporter-parent/2.16.4/zipkin-reporter-parent-2.16.4.pom
2023.09.04 12:02:11 INFO  BSP server: Downloading https://repo1.maven.org/maven2/org/slf4j/slf4j-parent/2.0.4/slf4j-parent-2.0.4.pom
2023.09.04 12:02:13 INFO  BSP server: Downloaded https://repo1.maven.org/maven2/org/slf4j/slf4j-parent/2.0.4/slf4j-parent-2.0.4.pom
2023.09.04 12:02:13 INFO  BSP server: Downloaded https://repo1.maven.org/maven2/io/zipkin/reporter2/zipkin-reporter-parent/2.16.4/zipkin-reporter-parent-2.16.4.pom
2023.09.04 12:02:13 INFO  BSP server: Downloaded https://repo1.maven.org/maven2/io/zipkin/brave/brave-parent/5.16.0/brave-parent-5.16.0.pom
2023.09.04 12:02:13 INFO  BSP server: Downloading https://repo1.maven.org/maven2/io/monix/monix-eval_2.12/3.2.0/monix-eval_2.12-3.2.0.pom
2023.09.04 12:02:13 INFO  BSP server: Downloading https://repo1.maven.org/maven2/net/java/dev/jna/jna-platform/4.4.0/jna-platform-4.4.0.pom
2023.09.04 12:02:13 INFO  BSP server: Downloading https://repo1.maven.org/maven2/io/monix/monix-java_2.12/3.2.0/monix-java_2.12-3.2.0.pom
2023.09.04 12:02:13 INFO  BSP server: Downloading https://repo1.maven.org/maven2/org/reactivestreams/reactive-streams/1.0.4/reactive-streams-1.0.4.pom
2023.09.04 12:02:13 INFO  BSP server: Downloading https://repo1.maven.org/maven2/io/zipkin/reporter2/zipkin-reporter-brave/2.16.3/zipkin-reporter-brave-2.16.3.pom
2023.09.04 12:02:13 INFO  BSP server: Downloading https://repo1.maven.org/maven2/org/ow2/asm/asm-analysis/9.5/asm-analysis-9.5.pom
2023.09.04 12:02:13 INFO  BSP server: Downloaded https://repo1.maven.org/maven2/net/java/dev/jna/jna-platform/4.4.0/jna-platform-4.4.0.pom
2023.09.04 12:02:13 INFO  BSP server: Downloading https://repo1.maven.org/maven2/io/reactivex/rxjava2/rxjava/2.2.21/rxjava-2.2.21.pom
2023.09.04 12:02:13 INFO  BSP server: Downloaded https://repo1.maven.org/maven2/io/monix/monix-eval_2.12/3.2.0/monix-eval_2.12-3.2.0.pom
2023.09.04 12:02:13 INFO  BSP server: Downloading https://repo1.maven.org/maven2/commons-io/commons-io/2.12.0/commons-io-2.12.0.pom
2023.09.04 12:02:13 INFO  BSP server: Downloaded https://repo1.maven.org/maven2/io/monix/monix-java_2.12/3.2.0/monix-java_2.12-3.2.0.pom
2023.09.04 12:02:13 INFO  BSP server: Downloading https://repo1.maven.org/maven2/io/zipkin/reporter2/zipkin-reporter/2.16.4/zipkin-reporter-2.16.4.pom
2023.09.04 12:02:13 INFO  BSP server: Downloaded https://repo1.maven.org/maven2/org/reactivestreams/reactive-streams/1.0.4/reactive-streams-1.0.4.pom
2023.09.04 12:02:13 INFO  BSP server: Downloading https://repo1.maven.org/maven2/io/monix/monix-execution_2.12/3.2.0/monix-execution_2.12-3.2.0.pom
2023.09.04 12:02:13 INFO  BSP server: Downloaded https://repo1.maven.org/maven2/io/zipkin/reporter2/zipkin-reporter-brave/2.16.3/zipkin-reporter-brave-2.16.3.pom
2023.09.04 12:02:13 INFO  BSP server: Downloading https://repo1.maven.org/maven2/com/chuusai/shapeless_2.12/2.3.3/shapeless_2.12-2.3.3.pom
2023.09.04 12:02:13 INFO  BSP server: Downloaded https://repo1.maven.org/maven2/io/reactivex/rxjava2/rxjava/2.2.21/rxjava-2.2.21.pom
2023.09.04 12:02:13 INFO  BSP server: Downloading https://repo1.maven.org/maven2/io/monix/monix-reactive_2.12/3.2.0/monix-reactive_2.12-3.2.0.pom
2023.09.04 12:02:13 INFO  BSP server: Downloaded https://repo1.maven.org/maven2/io/zipkin/reporter2/zipkin-reporter/2.16.4/zipkin-reporter-2.16.4.pom
2023.09.04 12:02:13 INFO  BSP server: Downloading https://repo1.maven.org/maven2/com/lihaoyi/fansi_2.12/0.4.0/fansi_2.12-0.4.0.pom
2023.09.04 12:02:13 INFO  BSP server: Downloaded https://repo1.maven.org/maven2/commons-io/commons-io/2.12.0/commons-io-2.12.0.pom
2023.09.04 12:02:13 INFO  BSP server: Downloading https://repo1.maven.org/maven2/net/java/dev/jna/jna/4.5.2/jna-4.5.2.pom
2023.09.04 12:02:13 INFO  BSP server: Downloaded https://repo1.maven.org/maven2/io/monix/monix-execution_2.12/3.2.0/monix-execution_2.12-3.2.0.pom
2023.09.04 12:02:13 INFO  BSP server: Downloading https://repo1.maven.org/maven2/net/jpountz/lz4/lz4/1.3.0/lz4-1.3.0.pom
2023.09.04 12:02:13 INFO  BSP server: Downloaded https://repo1.maven.org/maven2/com/chuusai/shapeless_2.12/2.3.3/shapeless_2.12-2.3.3.pom
2023.09.04 12:02:13 INFO  BSP server: Downloading https://repo1.maven.org/maven2/io/monix/monix-catnap_2.12/3.2.0/monix-catnap_2.12-3.2.0.pom
2023.09.04 12:02:14 INFO  BSP server: Downloaded https://repo1.maven.org/maven2/io/monix/monix-reactive_2.12/3.2.0/monix-reactive_2.12-3.2.0.pom
2023.09.04 12:02:14 INFO  BSP server: Downloading https://repo1.maven.org/maven2/io/get-coursier/interface/1.0.13/interface-1.0.13.pom
2023.09.04 12:02:14 INFO  BSP server: Downloaded https://repo1.maven.org/maven2/org/ow2/asm/asm-analysis/9.5/asm-analysis-9.5.pom
2023.09.04 12:02:14 INFO  BSP server: Downloading https://repo1.maven.org/maven2/io/monix/monix-tail_2.12/3.2.0/monix-tail_2.12-3.2.0.pom
2023.09.04 12:02:14 INFO  BSP server: Downloaded https://repo1.maven.org/maven2/com/lihaoyi/fansi_2.12/0.4.0/fansi_2.12-0.4.0.pom
2023.09.04 12:02:14 INFO  BSP server: Downloading https://repo1.maven.org/maven2/org/ow2/asm/asm-tree/9.5/asm-tree-9.5.pom
2023.09.04 12:02:14 INFO  BSP server: Downloaded https://repo1.maven.org/maven2/net/java/dev/jna/jna/4.5.2/jna-4.5.2.pom
2023.09.04 12:02:14 INFO  BSP server: Downloading https://repo1.maven.org/maven2/org/apache/logging/log4j/log4j-core/2.20.0/log4j-core-2.20.0.pom
2023.09.04 12:02:14 INFO  BSP server: Downloaded https://repo1.maven.org/maven2/net/jpountz/lz4/lz4/1.3.0/lz4-1.3.0.pom
2023.09.04 12:02:14 INFO  BSP server: Downloading https://repo1.maven.org/maven2/org/apache/commons/commons-lang3/3.12.0/commons-lang3-3.12.0.pom
2023.09.04 12:02:14 INFO  BSP server: Downloaded https://repo1.maven.org/maven2/io/monix/monix-catnap_2.12/3.2.0/monix-catnap_2.12-3.2.0.pom
2023.09.04 12:02:14 INFO  BSP server: Downloading https://repo1.maven.org/maven2/ch/epfl/scala/bsp4s_2.12/2.1.0-M5/bsp4s_2.12-2.1.0-M5.pom
2023.09.04 12:02:14 INFO  BSP server: Downloaded https://repo1.maven.org/maven2/io/get-coursier/interface/1.0.13/interface-1.0.13.pom
2023.09.04 12:02:14 INFO  BSP server: Downloaded https://repo1.maven.org/maven2/io/monix/monix-tail_2.12/3.2.0/monix-tail_2.12-3.2.0.pom
2023.09.04 12:02:14 INFO  BSP server: Downloaded https://repo1.maven.org/maven2/org/ow2/asm/asm-tree/9.5/asm-tree-9.5.pom
2023.09.04 12:02:14 INFO  BSP server: Downloaded https://repo1.maven.org/maven2/org/apache/logging/log4j/log4j-core/2.20.0/log4j-core-2.20.0.pom
2023.09.04 12:02:14 INFO  BSP server: Downloaded https://repo1.maven.org/maven2/ch/epfl/scala/bsp4s_2.12/2.1.0-M5/bsp4s_2.12-2.1.0-M5.pom
2023.09.04 12:02:14 INFO  BSP server: Downloaded https://repo1.maven.org/maven2/org/apache/commons/commons-lang3/3.12.0/commons-lang3-3.12.0.pom
2023.09.04 12:02:14 INFO  BSP server: Downloading https://repo1.maven.org/maven2/com/github/plokhotnyuk/jsoniter-scala/jsoniter-scala-core_2.12/2.13.3.2/jsoniter-scala-core_2.12-2.13.3.2.pom
2023.09.04 12:02:14 INFO  BSP server: Downloaded https://repo1.maven.org/maven2/com/github/plokhotnyuk/jsoniter-scala/jsoniter-scala-core_2.12/2.13.3.2/jsoniter-scala-core_2.12-2.13.3.2.pom
2023.09.04 12:02:14 INFO  BSP server: Downloading https://repo1.maven.org/maven2/org/apache/commons/commons-parent/57/commons-parent-57.pom
2023.09.04 12:02:14 INFO  BSP server: Downloading https://repo1.maven.org/maven2/org/apache/logging/log4j/log4j/2.20.0/log4j-2.20.0.pom
2023.09.04 12:02:14 INFO  BSP server: Downloading https://repo1.maven.org/maven2/io/zipkin/reporter2/zipkin-reporter-parent/2.16.3/zipkin-reporter-parent-2.16.3.pom
2023.09.04 12:02:14 INFO  BSP server: Downloaded https://repo1.maven.org/maven2/io/zipkin/reporter2/zipkin-reporter-parent/2.16.3/zipkin-reporter-parent-2.16.3.pom
2023.09.04 12:02:14 INFO  BSP server: Downloaded https://repo1.maven.org/maven2/org/apache/commons/commons-parent/57/commons-parent-57.pom
2023.09.04 12:02:14 INFO  BSP server: Downloaded https://repo1.maven.org/maven2/org/apache/logging/log4j/log4j/2.20.0/log4j-2.20.0.pom
2023.09.04 12:02:15 INFO  BSP server: Downloading https://repo1.maven.org/maven2/org/apache/logging/logging-parent/7/logging-parent-7.pom
2023.09.04 12:02:15 INFO  BSP server: Downloaded https://repo1.maven.org/maven2/org/apache/logging/logging-parent/7/logging-parent-7.pom
2023.09.04 12:02:15 INFO  BSP server: Downloading https://repo1.maven.org/maven2/org/apache/apache/27/apache-27.pom
2023.09.04 12:02:15 INFO  BSP server: Downloaded https://repo1.maven.org/maven2/org/apache/apache/27/apache-27.pom
2023.09.04 12:02:15 INFO  BSP server: Downloading https://repo1.maven.org/maven2/io/fabric8/kubernetes-client-bom/5.12.2/kubernetes-client-bom-5.12.2.pom
2023.09.04 12:02:15 INFO  BSP server: Downloading https://repo1.maven.org/maven2/jakarta/platform/jakarta.jakartaee-bom/9.0.0/jakarta.jakartaee-bom-9.0.0.pom
2023.09.04 12:02:15 INFO  BSP server: Downloading https://repo1.maven.org/maven2/io/netty/netty-bom/4.1.86.Final/netty-bom-4.1.86.Final.pom
2023.09.04 12:02:15 INFO  BSP server: Downloading https://repo1.maven.org/maven2/org/apache/logging/log4j/log4j-bom/2.20.0/log4j-bom-2.20.0.pom
2023.09.04 12:02:15 INFO  BSP server: Downloading https://repo1.maven.org/maven2/org/springframework/spring-framework-bom/5.3.24/spring-framework-bom-5.3.24.pom
2023.09.04 12:02:15 INFO  BSP server: Downloading https://repo1.maven.org/maven2/com/fasterxml/jackson/jackson-bom/2.14.1/jackson-bom-2.14.1.pom
2023.09.04 12:02:15 INFO  BSP server: Downloaded https://repo1.maven.org/maven2/io/fabric8/kubernetes-client-bom/5.12.2/kubernetes-client-bom-5.12.2.pom
2023.09.04 12:02:15 INFO  BSP server: Downloaded https://repo1.maven.org/maven2/jakarta/platform/jakarta.jakartaee-bom/9.0.0/jakarta.jakartaee-bom-9.0.0.pom
2023.09.04 12:02:15 INFO  BSP server: Downloading https://repo1.maven.org/maven2/org/codehaus/groovy/groovy-bom/3.0.14/groovy-bom-3.0.14.pom
2023.09.04 12:02:15 INFO  BSP server: Downloaded https://repo1.maven.org/maven2/io/netty/netty-bom/4.1.86.Final/netty-bom-4.1.86.Final.pom
2023.09.04 12:02:15 INFO  BSP server: Downloaded https://repo1.maven.org/maven2/org/springframework/spring-framework-bom/5.3.24/spring-framework-bom-5.3.24.pom
2023.09.04 12:02:15 INFO  BSP server: Downloading https://repo1.maven.org/maven2/org/eclipse/jetty/jetty-bom/9.4.50.v20221201/jetty-bom-9.4.50.v20221201.pom
2023.09.04 12:02:15 INFO  BSP server: Downloaded https://repo1.maven.org/maven2/com/fasterxml/jackson/jackson-bom/2.14.1/jackson-bom-2.14.1.pom
2023.09.04 12:02:15 INFO  BSP server: Downloaded https://repo1.maven.org/maven2/org/codehaus/groovy/groovy-bom/3.0.14/groovy-bom-3.0.14.pom
2023.09.04 12:02:15 INFO  BSP server: Downloaded https://repo1.maven.org/maven2/org/eclipse/jetty/jetty-bom/9.4.50.v20221201/jetty-bom-9.4.50.v20221201.pom
2023.09.04 12:02:16 INFO  BSP server: Downloaded https://repo1.maven.org/maven2/org/apache/logging/log4j/log4j-bom/2.20.0/log4j-bom-2.20.0.pom
2023.09.04 12:02:16 INFO  BSP server: Downloading https://repo1.maven.org/maven2/jakarta/platform/jakartaee-api-parent/9.0.0/jakartaee-api-parent-9.0.0.pom
2023.09.04 12:02:16 INFO  BSP server: Downloaded https://repo1.maven.org/maven2/jakarta/platform/jakartaee-api-parent/9.0.0/jakartaee-api-parent-9.0.0.pom
2023.09.04 12:02:16 INFO  BSP server: Downloading https://repo1.maven.org/maven2/org/eclipse/ee4j/project/1.0.6/project-1.0.6.pom
2023.09.04 12:02:16 INFO  BSP server: Downloaded https://repo1.maven.org/maven2/org/eclipse/ee4j/project/1.0.6/project-1.0.6.pom
2023.09.04 12:02:16 INFO  BSP server: Downloading https://repo1.maven.org/maven2/org/junit/junit-bom/5.7.1/junit-bom-5.7.1.pom
2023.09.04 12:02:16 INFO  BSP server: Downloaded https://repo1.maven.org/maven2/org/junit/junit-bom/5.7.1/junit-bom-5.7.1.pom
2023.09.04 12:02:17 INFO  BSP server: Downloading https://repo1.maven.org/maven2/org/jctools/jctools-core/2.1.2/jctools-core-2.1.2.pom
2023.09.04 12:02:17 INFO  BSP server: Downloading https://repo1.maven.org/maven2/io/monix/implicitbox_2.12/0.2.0/implicitbox_2.12-0.2.0.pom
2023.09.04 12:02:17 INFO  BSP server: Downloading https://repo1.maven.org/maven2/org/scala-sbt/util-logging_2.12/1.9.1/util-logging_2.12-1.9.1.pom
2023.09.04 12:02:17 INFO  BSP server: Downloading https://repo1.maven.org/maven2/io/zipkin/zipkin2/zipkin/2.23.2/zipkin-2.23.2.pom
2023.09.04 12:02:17 INFO  BSP server: Downloading https://repo1.maven.org/maven2/org/scala-sbt/util-position_2.12/1.9.1/util-position_2.12-1.9.1.pom
2023.09.04 12:02:17 INFO  BSP server: Downloading https://repo1.maven.org/maven2/org/slf4j/slf4j-api/2.0.6/slf4j-api-2.0.6.pom
2023.09.04 12:02:17 INFO  BSP server: Downloaded https://repo1.maven.org/maven2/org/jctools/jctools-core/2.1.2/jctools-core-2.1.2.pom
2023.09.04 12:02:17 INFO  BSP server: Downloading https://repo1.maven.org/maven2/org/scala-sbt/util-cache_2.12/1.9.1/util-cache_2.12-1.9.1.pom
2023.09.04 12:02:17 INFO  BSP server: Downloaded https://repo1.maven.org/maven2/org/scala-sbt/util-logging_2.12/1.9.1/util-logging_2.12-1.9.1.pom
2023.09.04 12:02:17 INFO  BSP server: Downloaded https://repo1.maven.org/maven2/io/monix/implicitbox_2.12/0.2.0/implicitbox_2.12-0.2.0.pom
2023.09.04 12:02:17 INFO  BSP server: Downloading https://repo1.maven.org/maven2/org/scala-sbt/launcher-interface/1.0.0/launcher-interface-1.0.0.pom
2023.09.04 12:02:17 INFO  BSP server: Downloaded https://repo1.maven.org/maven2/io/zipkin/zipkin2/zipkin/2.23.2/zipkin-2.23.2.pom
2023.09.04 12:02:17 INFO  BSP server: Downloading https://repo1.maven.org/maven2/me/vican/jorge/jsonrpc4s_2.12/0.1.0/jsonrpc4s_2.12-0.1.0.pom
2023.09.04 12:02:17 INFO  BSP server: Downloading https://repo1.maven.org/maven2/org/apache/logging/log4j/log4j-api/2.20.0/log4j-api-2.20.0.pom
2023.09.04 12:02:17 INFO  BSP server: Downloaded https://repo1.maven.org/maven2/org/scala-sbt/util-position_2.12/1.9.1/util-position_2.12-1.9.1.pom
2023.09.04 12:02:17 INFO  BSP server: Downloaded https://repo1.maven.org/maven2/org/scala-sbt/util-cache_2.12/1.9.1/util-cache_2.12-1.9.1.pom
2023.09.04 12:02:17 INFO  BSP server: Downloading https://repo1.maven.org/maven2/org/typelevel/cats-effect_2.12/2.1.3/cats-effect_2.12-2.1.3.pom
2023.09.04 12:02:17 INFO  BSP server: Downloaded https://repo1.maven.org/maven2/org/scala-sbt/launcher-interface/1.0.0/launcher-interface-1.0.0.pom
2023.09.04 12:02:17 INFO  BSP server: Downloaded https://repo1.maven.org/maven2/me/vican/jorge/jsonrpc4s_2.12/0.1.0/jsonrpc4s_2.12-0.1.0.pom
2023.09.04 12:02:17 INFO  BSP server: Downloading https://repo1.maven.org/maven2/org/typelevel/macro-compat_2.12/1.1.1/macro-compat_2.12-1.1.1.pom
2023.09.04 12:02:17 INFO  BSP server: Downloaded https://repo1.maven.org/maven2/org/apache/logging/log4j/log4j-api/2.20.0/log4j-api-2.20.0.pom
2023.09.04 12:02:17 INFO  BSP server: Downloaded https://repo1.maven.org/maven2/org/typelevel/cats-effect_2.12/2.1.3/cats-effect_2.12-2.1.3.pom
2023.09.04 12:02:17 INFO  BSP server: Downloaded https://repo1.maven.org/maven2/org/slf4j/slf4j-api/2.0.6/slf4j-api-2.0.6.pom
2023.09.04 12:02:17 INFO  BSP server: Downloaded https://repo1.maven.org/maven2/org/typelevel/macro-compat_2.12/1.1.1/macro-compat_2.12-1.1.1.pom
2023.09.04 12:02:17 INFO  BSP server: Downloading https://repo1.maven.org/maven2/org/slf4j/slf4j-parent/2.0.6/slf4j-parent-2.0.6.pom
2023.09.04 12:02:17 INFO  BSP server: Downloading https://repo1.maven.org/maven2/io/zipkin/zipkin-parent/2.23.2/zipkin-parent-2.23.2.pom
2023.09.04 12:02:17 INFO  BSP server: Downloaded https://repo1.maven.org/maven2/org/slf4j/slf4j-parent/2.0.6/slf4j-parent-2.0.6.pom
2023.09.04 12:02:17 INFO  BSP server: Downloaded https://repo1.maven.org/maven2/io/zipkin/zipkin-parent/2.23.2/zipkin-parent-2.23.2.pom
2023.09.04 12:02:18 INFO  BSP server: Downloading https://repo1.maven.org/maven2/org/scala-sbt/collections_2.12/1.9.1/collections_2.12-1.9.1.pom
2023.09.04 12:02:18 INFO  BSP server: Downloading https://repo1.maven.org/maven2/com/outr/scribe_2.12/3.5.5/scribe_2.12-3.5.5.pom
2023.09.04 12:02:18 INFO  BSP server: Downloading https://repo1.maven.org/maven2/org/scala-sbt/core-macros_2.12/1.9.1/core-macros_2.12-1.9.1.pom
2023.09.04 12:02:18 INFO  BSP server: Downloading https://repo1.maven.org/maven2/org/scala-sbt/util-control_2.12/1.9.1/util-control_2.12-1.9.1.pom
2023.09.04 12:02:18 INFO  BSP server: Downloading https://repo1.maven.org/maven2/org/typelevel/cats-core_2.12/2.1.1/cats-core_2.12-2.1.1.pom
2023.09.04 12:02:18 INFO  BSP server: Downloading https://repo1.maven.org/maven2/org/scala-sbt/util-relation_2.12/1.9.1/util-relation_2.12-1.9.1.pom
2023.09.04 12:02:18 INFO  BSP server: Downloaded https://repo1.maven.org/maven2/com/outr/scribe_2.12/3.5.5/scribe_2.12-3.5.5.pom
2023.09.04 12:02:18 INFO  BSP server: Downloaded https://repo1.maven.org/maven2/org/scala-sbt/util-control_2.12/1.9.1/util-control_2.12-1.9.1.pom
2023.09.04 12:02:18 INFO  BSP server: Downloaded https://repo1.maven.org/maven2/org/scala-sbt/core-macros_2.12/1.9.1/core-macros_2.12-1.9.1.pom
2023.09.04 12:02:18 INFO  BSP server: Downloading https://repo1.maven.org/maven2/org/scala-sbt/util-interface/1.9.1/util-interface-1.9.1.pom
2023.09.04 12:02:18 INFO  BSP server: Downloaded https://repo1.maven.org/maven2/org/scala-sbt/collections_2.12/1.9.1/collections_2.12-1.9.1.pom
2023.09.04 12:02:18 INFO  BSP server: Downloaded https://repo1.maven.org/maven2/org/typelevel/cats-core_2.12/2.1.1/cats-core_2.12-2.1.1.pom
2023.09.04 12:02:18 INFO  BSP server: Downloaded https://repo1.maven.org/maven2/org/scala-sbt/util-interface/1.9.1/util-interface-1.9.1.pom
2023.09.04 12:02:18 INFO  BSP server: Downloaded https://repo1.maven.org/maven2/org/scala-sbt/util-relation_2.12/1.9.1/util-relation_2.12-1.9.1.pom
2023.09.04 12:02:18 INFO  BSP server: Downloading https://repo1.maven.org/maven2/org/typelevel/cats-macros_2.12/2.1.1/cats-macros_2.12-2.1.1.pom
2023.09.04 12:02:18 INFO  BSP server: Downloading https://repo1.maven.org/maven2/org/typelevel/cats-kernel_2.12/2.1.1/cats-kernel_2.12-2.1.1.pom
2023.09.04 12:02:18 INFO  BSP server: Downloading https://repo1.maven.org/maven2/com/outr/perfolation_2.12/1.2.8/perfolation_2.12-1.2.8.pom
2023.09.04 12:02:18 INFO  BSP server: Downloading https://repo1.maven.org/maven2/com/outr/moduload_2.12/1.1.5/moduload_2.12-1.1.5.pom
2023.09.04 12:02:18 INFO  BSP server: Downloaded https://repo1.maven.org/maven2/org/typelevel/cats-macros_2.12/2.1.1/cats-macros_2.12-2.1.1.pom
2023.09.04 12:02:18 INFO  BSP server: Downloaded https://repo1.maven.org/maven2/org/typelevel/cats-kernel_2.12/2.1.1/cats-kernel_2.12-2.1.1.pom
2023.09.04 12:02:18 INFO  BSP server: Downloaded https://repo1.maven.org/maven2/com/outr/moduload_2.12/1.1.5/moduload_2.12-1.1.5.pom
2023.09.04 12:02:18 INFO  BSP server: Downloaded https://repo1.maven.org/maven2/com/outr/perfolation_2.12/1.2.8/perfolation_2.12-1.2.8.pom
2023.09.04 12:02:20 INFO  BSP server: Downloading https://repo1.maven.org/maven2/io/github/alexarchambault/bleep/bloop-frontend_2.12/1.5.9-sc-1/bloop-frontend_2.12-1.5.9-sc-1.jar
2023.09.04 12:02:20 INFO  BSP server: Downloading https://repo1.maven.org/maven2/org/typelevel/cats-core_2.12/2.1.1/cats-core_2.12-2.1.1.jar
2023.09.04 12:02:20 INFO  BSP server: Downloading https://repo1.maven.org/maven2/commons-io/commons-io/2.12.0/commons-io-2.12.0.jar
2023.09.04 12:02:20 INFO  BSP server: Downloading https://repo1.maven.org/maven2/org/zeroturnaround/zt-zip/1.15/zt-zip-1.15.jar
2023.09.04 12:02:20 INFO  BSP server: Downloading https://repo1.maven.org/maven2/org/scala-sbt/util-control_2.12/1.9.1/util-control_2.12-1.9.1.jar
2023.09.04 12:02:20 INFO  BSP server: Downloading https://repo1.maven.org/maven2/org/ow2/asm/asm-util/9.5/asm-util-9.5.jar
2023.09.04 12:02:20 INFO  BSP server: Downloaded https://repo1.maven.org/maven2/org/scala-sbt/util-control_2.12/1.9.1/util-control_2.12-1.9.1.jar
2023.09.04 12:02:20 INFO  BSP server: Downloading https://repo1.maven.org/maven2/org/ow2/asm/asm-tree/9.5/asm-tree-9.5.jar
2023.09.04 12:02:21 ERROR Timeout waiting for 'build/initialize' response
2023.09.04 12:02:21 WARN  Retrying connection to the build server scala-cli
2023.09.04 12:02:21 INFO  Running BSP server List(C:\Users\ZAIN UL ABDIN\AppData\Local\Programs\Eclipse Adoptium\jdk-17.0.8.7-hotspot\bin\java.exe, -cp, C:\Users\ZAIN UL ABDIN\AppData\Local\Coursier\cache\v1\https\repo1.maven.org\maven2\org\virtuslab\scala-cli\cli_3\1.0.4\cli_3-1.0.4.jar;C:\Users\ZAIN UL ABDIN\AppData\Local\Coursier\cache\v1\https\repo1.maven.org\maven2\com\github\alexarchambault\case-app_3\2.1.0-M25\case-app_3-2.1.0-M25.jar;C:\Users\ZAIN UL ABDIN\AppData\Local\Coursier\cache\v1\https\repo1.maven.org\maven2\io\get-coursier\coursier-launcher_2.13\2.1.5\coursier-launcher_2.13-2.1.5.jar;C:\Users\ZAIN UL ABDIN\AppData\Local\Coursier\cache\v1\https\repo1.maven.org\maven2\io\get-coursier\coursier-proxy-setup\2.1.5\coursier-proxy-setup-2.1.5.jar;C:\Users\ZAIN UL ABDIN\AppData\Local\Coursier\cache\v1\https\repo1.maven.org\maven2\io\get-coursier\publish\publish_2.13\0.1.4\publish_2.13-0.1.4.jar;C:\Users\ZAIN UL ABDIN\AppData\Local\Coursier\cache\v1\https\repo1.maven.org\maven2\com\google\jimfs\jimfs\1.3.0\jimfs-1.3.0.jar;C:\Users\ZAIN UL ABDIN\AppData\Local\Coursier\cache\v1\https\repo1.maven.org\maven2\io\get-coursier\jniutils\windows-jni-utils\0.3.3\windows-jni-utils-0.3.3.jar;C:\Users\ZAIN UL ABDIN\AppData\Local\Coursier\cache\v1\https\repo1.maven.org\maven2\com\github\plokhotnyuk\jsoniter-scala\jsoniter-scala-core_3\2.13.5.2\jsoniter-scala-core_3-2.13.5.2.jar;C:\Users\ZAIN UL ABDIN\AppData\Local\Coursier\cache\v1\https\repo1.maven.org\maven2\org\virtuslab\scala-cli\libsodiumjni\0.0.3\libsodiumjni-0.0.3.jar;C:\Users\ZAIN UL ABDIN\AppData\Local\Coursier\cache\v1\https\repo1.maven.org\maven2\com\geirsson\metaconfig-typesafe-config_3\0.11.1\metaconfig-typesafe-config_3-0.11.1.jar;C:\Users\ZAIN UL ABDIN\AppData\Local\Coursier\cache\v1\https\repo1.maven.org\maven2\ai\kien\python-native-libs_3\0.2.4\python-native-libs_3-0.2.4.jar;C:\Users\ZAIN UL ABDIN\AppData\Local\Coursier\cache\v1\https\repo1.maven.org\maven2\org\virtuslab\scala-packager_2.13\0.1.29\scala-packager_2.13-0.1.29.jar;C:\Users\ZAIN UL ABDIN\AppData\Local\Coursier\cache\v1\https\repo1.maven.org\maven2\org\virtuslab\scala-cli-signing\cli_3\0.2.2\cli_3-0.2.2.jar;C:\Users\ZAIN UL ABDIN\AppData\Local\Coursier\cache\v1\https\repo1.maven.org\maven2\org\slf4j\slf4j-nop\2.0.7\slf4j-nop-2.0.7.jar;C:\Users\ZAIN UL ABDIN\AppData\Local\Coursier\cache\v1\https\repo1.maven.org\maven2\com\softwaremill\sttp\client3\core_2.13\3.8.16\core_2.13-3.8.16.jar;C:\Users\ZAIN UL ABDIN\AppData\Local\Coursier\cache\v1\https\repo1.maven.org\maven2\org\scala-lang\scala3-library_3\3.3.0\scala3-library_3-3.3.0.jar;C:\Users\ZAIN UL ABDIN\AppData\Local\Coursier\cache\v1\https\repo1.maven.org\maven2\org\virtuslab\scala-cli\build-module_3\1.0.4\build-module_3-1.0.4.jar;C:\Users\ZAIN UL ABDIN\AppData\Local\Coursier\cache\v1\https\repo1.maven.org\maven2\org\virtuslab\scala-cli\config_3\1.0.4\config_3-1.0.4.jar;C:\Users\ZAIN UL ABDIN\AppData\Local\Coursier\cache\v1\https\repo1.maven.org\maven2\org\virtuslab\scala-cli\scala3-graal_3\1.0.4\scala3-graal_3-1.0.4.jar;C:\Users\ZAIN UL ABDIN\AppData\Local\Coursier\cache\v1\https\repo1.maven.org\maven2\org\virtuslab\scala-cli\specification-level_3\1.0.4\specification-level_3-1.0.4.jar;C:\Users\ZAIN UL ABDIN\AppData\Local\Coursier\cache\v1\https\repo1.maven.org\maven2\com\github\alexarchambault\case-app-annotations_3\2.1.0-M25\case-app-annotations_3-2.1.0-M25.jar;C:\Users\ZAIN UL ABDIN\AppData\Local\Coursier\cache\v1\https\repo1.maven.org\maven2\com\github\alexarchambault\case-app-util_3\2.1.0-M25\case-app-util_3-2.1.0-M25.jar;C:\Users\ZAIN UL ABDIN\AppData\Local\Coursier\cache\v1\https\repo1.maven.org\maven2\com\lihaoyi\sourcecode_3\0.3.0\sourcecode_3-0.3.0.jar;C:\Users\ZAIN UL ABDIN\AppData\Local\Coursier\cache\v1\https\repo1.maven.org\maven2\org\scala-lang\modules\scala-collection-compat_2.13\2.11.0\scala-collection-compat_2.13-2.11.0.jar;C:\Users\ZAIN UL ABDIN\AppData\Local\Coursier\cache\v1\https\repo1.maven.org\maven2\io\github\alexarchambault\scala-cli\tmp\zip-input-stream\0.1.1\zip-input-stream-0.1.1.jar;C:\Users\ZAIN UL ABDIN\AppData\Local\Coursier\cache\v1\https\repo1.maven.org\maven2\ai\kien\python-native-libs_2.13\0.2.4\python-native-libs_2.13-0.2.4.jar;C:\Users\ZAIN UL ABDIN\AppData\Local\Coursier\cache\v1\https\repo1.maven.org\maven2\org\scala-lang\scala-library\2.13.11\scala-library-2.13.11.jar;C:\Users\ZAIN UL ABDIN\AppData\Local\Coursier\cache\v1\https\repo1.maven.org\maven2\io\get-coursier\coursier-cache_2.13\2.1.5\coursier-cache_2.13-2.1.5.jar;C:\Users\ZAIN UL ABDIN\AppData\Local\Coursier\cache\v1\https\repo1.maven.org\maven2\io\get-coursier\coursier-core_2.13\2.1.5\coursier-core_2.13-2.1.5.jar;C:\Users\ZAIN UL ABDIN\AppData\Local\Coursier\cache\v1\https\repo1.maven.org\maven2\com\github\plokhotnyuk\jsoniter-scala\jsoniter-scala-core_2.13\2.13.15\jsoniter-scala-core_2.13-2.13.15.jar;C:\Users\ZAIN UL ABDIN\AppData\Local\Coursier\cache\v1\https\repo1.maven.org\maven2\com\google\guava\guava\32.1.2-jre\guava-32.1.2-jre.jar;C:\Users\ZAIN UL ABDIN\AppData\Local\Coursier\cache\v1\https\repo1.maven.org\maven2\net\java\dev\jna\jna\5.12.1\jna-5.12.1.jar;C:\Users\ZAIN UL ABDIN\AppData\Local\Coursier\cache\v1\https\repo1.maven.org\maven2\net\java\dev\jna\jna-platform\5.12.1\jna-platform-5.12.1.jar;C:\Users\ZAIN UL ABDIN\AppData\Local\Coursier\cache\v1\https\repo1.maven.org\maven2\com\geirsson\metaconfig-core_3\0.11.1\metaconfig-core_3-0.11.1.jar;C:\Users\ZAIN UL ABDIN\AppData\Local\Coursier\cache\v1\https\repo1.maven.org\maven2\com\typesafe\config\1.4.1\config-1.4.1.jar;C:\Users\ZAIN UL ABDIN\AppData\Local\Coursier\cache\v1\https\repo1.maven.org\maven2\org\scala-lang\modules\scala-collection-compat_3\2.11.0\scala-collection-compat_3-2.11.0.jar;C:\Users\ZAIN UL ABDIN\AppData\Local\Coursier\cache\v1\https\repo1.maven.org\maven2\commons-io\commons-io\2.11.0\commons-io-2.11.0.jar;C:\Users\ZAIN UL ABDIN\AppData\Local\Coursier\cache\v1\https\repo1.maven.org\maven2\com\google\cloud\tools\jib-core\0.22.0\jib-core-0.22.0.jar;C:\Users\ZAIN UL ABDIN\AppData\Local\Coursier\cache\v1\https\repo1.maven.org\maven2\com\lihaoyi\os-lib_2.13\0.8.1\os-lib_2.13-0.8.1.jar;C:\Users\ZAIN UL ABDIN\AppData\Local\Coursier\cache\v1\https\repo1.maven.org\maven2\org\bouncycastle\bcpg-jdk18on\1.73\bcpg-jdk18on-1.73.jar;C:\Users\ZAIN UL ABDIN\AppData\Local\Coursier\cache\v1\https\repo1.maven.org\maven2\org\virtuslab\scala-cli-signing\shared_3\0.2.2\shared_3-0.2.2.jar;C:\Users\ZAIN UL ABDIN\AppData\Local\Coursier\cache\v1\https\repo1.maven.org\maven2\org\slf4j\slf4j-api\2.0.7\slf4j-api-2.0.7.jar;C:\Users\ZAIN UL ABDIN\AppData\Local\Coursier\cache\v1\https\repo1.maven.org\maven2\com\softwaremill\sttp\model\core_2.13\1.5.5\core_2.13-1.5.5.jar;C:\Users\ZAIN UL ABDIN\AppData\Local\Coursier\cache\v1\https\repo1.maven.org\maven2\com\softwaremill\sttp\shared\core_2.13\1.3.13\core_2.13-1.3.13.jar;C:\Users\ZAIN UL ABDIN\AppData\Local\Coursier\cache\v1\https\repo1.maven.org\maven2\com\softwaremill\sttp\shared\ws_2.13\1.3.13\ws_2.13-1.3.13.jar;C:\Users\ZAIN UL ABDIN\AppData\Local\Coursier\cache\v1\https\repo1.maven.org\maven2\org\ow2\asm\asm\9.5\asm-9.5.jar;C:\Users\ZAIN UL ABDIN\AppData\Local\Coursier\cache\v1\https\repo1.maven.org\maven2\io\github\alexarchambault\scala-cli\java-class-name_3\0.1.0\java-class-name_3-0.1.0.jar;C:\Users\ZAIN UL ABDIN\AppData\Local\Coursier\cache\v1\https\repo1.maven.org\maven2\org\scalameta\trees_2.13\4.8.7\trees_2.13-4.8.7.jar;C:\Users\ZAIN UL ABDIN\AppData\Local\Coursier\cache\v1\https\repo1.maven.org\maven2\org\scala-native\test-runner_3\0.4.14\test-runner_3-0.4.14.jar;C:\Users\ZAIN UL ABDIN\AppData\Local\Coursier\cache\v1\https\repo1.maven.org\maven2\com\lihaoyi\os-lib_3\0.9.1\os-lib_3-0.9.1.jar;C:\Users\ZAIN UL ABDIN\AppData\Local\Coursier\cache\v1\https\repo1.maven.org\maven2\com\lihaoyi\pprint_3\0.8.1\pprint_3-0.8.1.jar;C:\Users\ZAIN UL ABDIN\AppData\Local\Coursier\cache\v1\https\repo1.maven.org\maven2\org\scala-js\scalajs-env-nodejs_2.13\1.4.0\scalajs-env-nodejs_2.13-1.4.0.jar;C:\Users\ZAIN UL ABDIN\AppData\Local\Coursier\cache\v1\https\repo1.maven.org\maven2\org\scala-js\scalajs-sbt-test-adapter_2.13\1.13.2\scalajs-sbt-test-adapter_2.13-1.13.2.jar;C:\Users\ZAIN UL ABDIN\AppData\Local\Coursier\cache\v1\https\repo1.maven.org\maven2\com\swoval\file-tree-views\2.1.10\file-tree-views-2.1.10.jar;C:\Users\ZAIN UL ABDIN\AppData\Local\Coursier\cache\v1\https\repo1.maven.org\maven2\org\virtuslab\scala-cli\options_3\1.0.4\options_3-1.0.4.jar;C:\Users\ZAIN UL ABDIN\AppData\Local\Coursier\cache\v1\https\repo1.maven.org\maven2\org\virtuslab\scala-cli\directives_3\1.0.4\directives_3-1.0.4.jar;C:\Users\ZAIN UL ABDIN\AppData\Local\Coursier\cache\v1\https\repo1.maven.org\maven2\org\virtuslab\scala-cli\scala-cli-bsp\1.0.4\scala-cli-bsp-1.0.4.jar;C:\Users\ZAIN UL ABDIN\AppData\Local\Coursier\cache\v1\https\repo1.maven.org\maven2\org\virtuslab\scala-cli\test-runner_2.13\1.0.4\test-runner_2.13-1.0.4.jar;C:\Users\ZAIN UL ABDIN\AppData\Local\Coursier\cache\v1\https\repo1.maven.org\maven2\org\virtuslab\scala-cli\tasty-lib_3\1.0.4\tasty-lib_3-1.0.4.jar;C:\Users\ZAIN UL ABDIN\AppData\Local\Coursier\cache\v1\https\repo1.maven.org\maven2\org\codehaus\plexus\plexus-archiver\4.7.1\plexus-archiver-4.7.1.jar;C:\Users\ZAIN UL ABDIN\AppData\Local\Coursier\cache\v1\https\repo1.maven.org\maven2\org\codehaus\plexus\plexus-container-default\2.1.1\plexus-container-default-2.1.1.jar;C:\Users\ZAIN UL ABDIN\AppData\Local\Coursier\cache\v1\https\repo1.maven.org\maven2\io\github\alexarchambault\windows-ansi\windows-ansi\0.0.5\windows-ansi-0.0.5.jar;C:\Users\ZAIN UL ABDIN\AppData\Local\Coursier\cache\v1\https\repo1.maven.org\maven2\io\get-coursier\coursier-util_2.13\2.1.5\coursier-util_2.13-2.1.5.jar;C:\Users\ZAIN UL ABDIN\AppData\Local\Coursier\cache\v1\https\repo1.maven.org\maven2\io\github\alexarchambault\concurrent-reference-hash-map\1.1.0\concurrent-reference-hash-map-1.1.0.jar;C:\Users\ZAIN UL ABDIN\AppData\Local\Coursier\cache\v1\https\repo1.maven.org\maven2\org\scala-lang\modules\scala-xml_2.13\2.1.0\scala-xml_2.13-2.1.0.jar;C:\Users\ZAIN UL ABDIN\AppData\Local\Coursier\cache\v1\https\repo1.maven.org\maven2\com\google\guava\failureaccess\1.0.1\failureaccess-1.0.1.jar;C:\Users\ZAIN UL ABDIN\AppData\Local\Coursier\cache\v1\https\repo1.maven.org\maven2\com\google\guava\listenablefuture\9999.0-empty-to-avoid-conflict-with-guava\listenablefuture-9999.0-empty-to-avoid-conflict-with-guava.jar;C:\Users\ZAIN UL ABDIN\AppData\Local\Coursier\cache\v1\https\repo1.maven.org\maven2\com\google\code\findbugs\jsr305\3.0.2\jsr305-3.0.2.jar;C:\Users\ZAIN UL ABDIN\AppData\Local\Coursier\cache\v1\https\repo1.maven.org\maven2\org\checkerframework\checker-qual\3.33.0\checker-qual-3.33.0.jar;C:\Users\ZAIN UL ABDIN\AppData\Local\Coursier\cache\v1\https\repo1.maven.org\maven2\com\google\errorprone\error_prone_annotations\2.18.0\error_prone_annotations-2.18.0.jar;C:\Users\ZAIN UL ABDIN\AppData\Local\Coursier\cache\v1\https\repo1.maven.org\maven2\com\google\j2objc\j2objc-annotations\2.8\j2objc-annotations-2.8.jar;C:\Users\ZAIN UL ABDIN\AppData\Local\Coursier\cache\v1\https\repo1.maven.org\maven2\com\geirsson\metaconfig-pprint_3\0.11.1\metaconfig-pprint_3-0.11.1.jar;C:\Users\ZAIN UL ABDIN\AppData\Local\Coursier\cache\v1\https\repo1.maven.org\maven2\org\typelevel\paiges-core_3\0.4.2\paiges-core_3-0.4.2.jar;C:\Users\ZAIN UL ABDIN\AppData\Local\Coursier\cache\v1\https\repo1.maven.org\maven2\org\scala-lang\scala-reflect\2.13.8\scala-reflect-2.13.8.jar;C:\Users\ZAIN UL ABDIN\AppData\Local\Coursier\cache\v1\https\repo1.maven.org\maven2\com\google\cloud\tools\jib-build-plan\0.4.0\jib-build-plan-0.4.0.jar;C:\Users\ZAIN UL ABDIN\AppData\Local\Coursier\cache\v1\https\repo1.maven.org\maven2\com\google\http-client\google-http-client\1.34.0\google-http-client-1.34.0.jar;C:\Users\ZAIN UL ABDIN\AppData\Local\Coursier\cache\v1\https\repo1.maven.org\maven2\com\google\http-client\google-http-client-apache-v2\1.34.0\google-http-client-apache-v2-1.34.0.jar;C:\Users\ZAIN UL ABDIN\AppData\Local\Coursier\cache\v1\https\repo1.maven.org\maven2\com\google\auth\google-auth-library-oauth2-http\0.18.0\google-auth-library-oauth2-http-0.18.0.jar;C:\Users\ZAIN UL ABDIN\AppData\Local\Coursier\cache\v1\https\repo1.maven.org\maven2\org\apache\commons\commons-compress\1.23.0\commons-compress-1.23.0.jar;C:\Users\ZAIN UL ABDIN\AppData\Local\Coursier\cache\v1\https\repo1.maven.org\maven2\com\fasterxml\jackson\core\jackson-databind\2.13.3\jackson-databind-2.13.3.jar;C:\Users\ZAIN UL ABDIN\AppData\Local\Coursier\cache\v1\https\repo1.maven.org\maven2\com\fasterxml\jackson\datatype\jackson-datatype-jsr310\2.13.3\jackson-datatype-jsr310-2.13.3.jar;C:\Users\ZAIN UL ABDIN\AppData\Local\Coursier\cache\v1\https\repo1.maven.org\maven2\com\lihaoyi\geny_2.13\0.7.1\geny_2.13-0.7.1.jar;C:\Users\ZAIN UL ABDIN\AppData\Local\Coursier\cache\v1\https\repo1.maven.org\maven2\org\bouncycastle\bcprov-jdk18on\1.73\bcprov-jdk18on-1.73.jar;C:\Users\ZAIN UL ABDIN\AppData\Local\Coursier\cache\v1\https\repo1.maven.org\maven2\org\scala-lang\scala3-compiler_3\3.1.2\scala3-compiler_3-3.1.2.jar;C:\Users\ZAIN UL ABDIN\AppData\Local\Coursier\cache\v1\https\repo1.maven.org\maven2\org\scalameta\common_2.13\4.8.7\common_2.13-4.8.7.jar;C:\Users\ZAIN UL ABDIN\AppData\Local\Coursier\cache\v1\https\repo1.maven.org\maven2\org\scala-native\tools_3\0.4.14\tools_3-0.4.14.jar;C:\Users\ZAIN UL ABDIN\AppData\Local\Coursier\cache\v1\https\repo1.maven.org\maven2\org\scala-sbt\test-interface\1.0\test-interface-1.0.jar;C:\Users\ZAIN UL ABDIN\AppData\Local\Coursier\cache\v1\https\repo1.maven.org\maven2\com\novocode\junit-interface\0.11\junit-interface-0.11.jar;C:\Users\ZAIN UL ABDIN\AppData\Local\Coursier\cache\v1\https\repo1.maven.org\maven2\junit\junit\4.13.2\junit-4.13.2.jar;C:\Users\ZAIN UL ABDIN\AppData\Local\Coursier\cache\v1\https\repo1.maven.org\maven2\com\lihaoyi\geny_3\1.0.0\geny_3-1.0.0.jar;C:\Users\ZAIN UL ABDIN\AppData\Local\Coursier\cache\v1\https\repo1.maven.org\maven2\com\lihaoyi\fansi_3\0.4.0\fansi_3-0.4.0.jar;C:\Users\ZAIN UL ABDIN\AppData\Local\Coursier\cache\v1\https\repo1.maven.org\maven2\org\scala-js\scalajs-js-envs_2.13\1.4.0\scalajs-js-envs_2.13-1.4.0.jar;C:\Users\ZAIN UL ABDIN\AppData\Local\Coursier\cache\v1\https\repo1.maven.org\maven2\ch\epfl\scala\bloop-config_2.13\1.5.5\bloop-config_2.13-1.5.5.jar;C:\Users\ZAIN UL ABDIN\AppData\Local\Coursier\cache\v1\https\repo1.maven.org\maven2\org\virtuslab\scala-cli\core_3\1.0.4\core_3-1.0.4.jar;C:\Users\ZAIN UL ABDIN\AppData\Local\Coursier\cache\v1\https\repo1.maven.org\maven2\org\virtuslab\using_directives\1.1.0\using_directives-1.1.0.jar;C:\Users\ZAIN UL ABDIN\AppData\Local\Coursier\cache\v1\https\repo1.maven.org\maven2\org\virtuslab\scala-cli\build-macros_3\1.0.4\build-macros_3-1.0.4.jar;C:\Users\ZAIN UL ABDIN\AppData\Local\Coursier\cache\v1\https\repo1.maven.org\maven2\ch\epfl\scala\bsp4j\2.1.0-M5\bsp4j-2.1.0-M5.jar;C:\Users\ZAIN UL ABDIN\AppData\Local\Coursier\cache\v1\https\repo1.maven.org\maven2\javax\inject\javax.inject\1\javax.inject-1.jar;C:\Users\ZAIN UL ABDIN\AppData\Local\Coursier\cache\v1\https\repo1.maven.org\maven2\org\codehaus\plexus\plexus-utils\3.5.1\plexus-utils-3.5.1.jar;C:\Users\ZAIN UL ABDIN\AppData\Local\Coursier\cache\v1\https\repo1.maven.org\maven2\org\codehaus\plexus\plexus-io\3.4.1\plexus-io-3.4.1.jar;C:\Users\ZAIN UL ABDIN\AppData\Local\Coursier\cache\v1\https\repo1.maven.org\maven2\org\iq80\snappy\snappy\0.4\snappy-0.4.jar;C:\Users\ZAIN UL ABDIN\AppData\Local\Coursier\cache\v1\https\repo1.maven.org\maven2\org\tukaani\xz\1.9\xz-1.9.jar;C:\Users\ZAIN UL ABDIN\AppData\Local\Coursier\cache\v1\https\repo1.maven.org\maven2\com\github\luben\zstd-jni\1.5.5-2\zstd-jni-1.5.5-2.jar;C:\Users\ZAIN UL ABDIN\AppData\Local\Coursier\cache\v1\https\repo1.maven.org\maven2\org\codehaus\plexus\plexus-classworlds\2.6.0\plexus-classworlds-2.6.0.jar;C:\Users\ZAIN UL ABDIN\AppData\Local\Coursier\cache\v1\https\repo1.maven.org\maven2\org\apache\xbean\xbean-reflect\3.7\xbean-reflect-3.7.jar;C:\Users\ZAIN UL ABDIN\AppData\Local\Coursier\cache\v1\https\repo1.maven.org\maven2\org\fusesource\jansi\jansi\1.18\jansi-1.18.jar;C:\Users\ZAIN UL ABDIN\AppData\Local\Coursier\cache\v1\https\repo1.maven.org\maven2\org\apache\httpcomponents\httpclient\4.5.10\httpclient-4.5.10.jar;C:\Users\ZAIN UL ABDIN\AppData\Local\Coursier\cache\v1\https\repo1.maven.org\maven2\org\apache\httpcomponents\httpcore\4.4.12\httpcore-4.4.12.jar;C:\Users\ZAIN UL ABDIN\AppData\Local\Coursier\cache\v1\https\repo1.maven.org\maven2\io\opencensus\opencensus-api\0.24.0\opencensus-api-0.24.0.jar;C:\Users\ZAIN UL ABDIN\AppData\Local\Coursier\cache\v1\https\repo1.maven.org\maven2\io\opencensus\opencensus-contrib-http-util\0.24.0\opencensus-contrib-http-util-0.24.0.jar;C:\Users\ZAIN UL ABDIN\AppData\Local\Coursier\cache\v1\https\repo1.maven.org\maven2\com\google\auto\value\auto-value-annotations\1.6.6\auto-value-annotations-1.6.6.jar;C:\Users\ZAIN UL ABDIN\AppData\Local\Coursier\cache\v1\https\repo1.maven.org\maven2\com\google\auth\google-auth-library-credentials\0.18.0\google-auth-library-credentials-0.18.0.jar;C:\Users\ZAIN UL ABDIN\AppData\Local\Coursier\cache\v1\https\repo1.maven.org\maven2\com\google\http-client\google-http-client-jackson2\1.32.1\google-http-client-jackson2-1.32.1.jar;C:\Users\ZAIN UL ABDIN\AppData\Local\Coursier\cache\v1\https\repo1.maven.org\maven2\com\fasterxml\jackson\core\jackson-annotations\2.13.3\jackson-annotations-2.13.3.jar;C:\Users\ZAIN UL ABDIN\AppData\Local\Coursier\cache\v1\https\repo1.maven.org\maven2\com\fasterxml\jackson\core\jackson-core\2.13.3\jackson-core-2.13.3.jar;C:\Users\ZAIN UL ABDIN\AppData\Local\Coursier\cache\v1\https\repo1.maven.org\maven2\org\scala-lang\scala3-interfaces\3.1.2\scala3-interfaces-3.1.2.jar;C:\Users\ZAIN UL ABDIN\AppData\Local\Coursier\cache\v1\https\repo1.maven.org\maven2\org\scala-lang\tasty-core_3\3.1.2\tasty-core_3-3.1.2.jar;C:\Users\ZAIN UL ABDIN\AppData\Local\Coursier\cache\v1\https\repo1.maven.org\maven2\org\scala-lang\modules\scala-asm\9.1.0-scala-1\scala-asm-9.1.0-scala-1.jar;C:\Users\ZAIN UL ABDIN\AppData\Local\Coursier\cache\v1\https\repo1.maven.org\maven2\org\scala-sbt\compiler-interface\1.3.5\compiler-interface-1.3.5.jar;C:\Users\ZAIN UL ABDIN\AppData\Local\Coursier\cache\v1\https\repo1.maven.org\maven2\org\jline\jline-reader\3.19.0\jline-reader-3.19.0.jar;C:\Users\ZAIN UL ABDIN\AppData\Local\Coursier\cache\v1\https\repo1.maven.org\maven2\org\jline\jline-terminal\3.19.0\jline-terminal-3.19.0.jar;C:\Users\ZAIN UL ABDIN\AppData\Local\Coursier\cache\v1\https\repo1.maven.org\maven2\org\jline\jline-terminal-jna\3.19.0\jline-terminal-jna-3.19.0.jar;C:\Users\ZAIN UL ABDIN\AppData\Local\Coursier\cache\v1\https\repo1.maven.org\maven2\com\lihaoyi\sourcecode_2.13\0.3.0\sourcecode_2.13-0.3.0.jar;C:\Users\ZAIN UL ABDIN\AppData\Local\Coursier\cache\v1\https\repo1.maven.org\maven2\com\thesamet\scalapb\scalapb-runtime_2.13\0.11.13\scalapb-runtime_2.13-0.11.13.jar;C:\Users\ZAIN UL ABDIN\AppData\Local\Coursier\cache\v1\https\repo1.maven.org\maven2\org\scala-native\nir_3\0.4.14\nir_3-0.4.14.jar;C:\Users\ZAIN UL ABDIN\AppData\Local\Coursier\cache\v1\https\repo1.maven.org\maven2\org\scala-native\util_3\0.4.14\util_3-0.4.14.jar;C:\Users\ZAIN UL ABDIN\AppData\Local\Coursier\cache\v1\https\repo1.maven.org\maven2\org\scala-lang\modules\scala-parallel-collections_3\1.0.3\scala-parallel-collections_3-1.0.3.jar;C:\Users\ZAIN UL ABDIN\AppData\Local\Coursier\cache\v1\https\repo1.maven.org\maven2\org\hamcrest\hamcrest-core\1.3\hamcrest-core-1.3.jar;C:\Users\ZAIN UL ABDIN\AppData\Local\Coursier\cache\v1\https\repo1.maven.org\maven2\org\scala-js\scalajs-logging_2.13\1.1.1\scalajs-logging_2.13-1.1.1.jar;C:\Users\ZAIN UL ABDIN\AppData\Local\Coursier\cache\v1\https\repo1.maven.org\maven2\io\github\alexarchambault\bleep\bloop-rifle_2.13\1.5.9-sc-1\bloop-rifle_2.13-1.5.9-sc-1.jar;C:\Users\ZAIN UL ABDIN\AppData\Local\Coursier\cache\v1\https\repo1.maven.org\maven2\io\get-coursier\coursier-jvm_2.13\2.1.5\coursier-jvm_2.13-2.1.5.jar;C:\Users\ZAIN UL ABDIN\AppData\Local\Coursier\cache\v1\https\repo1.maven.org\maven2\io\get-coursier\dependency_3\0.2.3\dependency_3-0.2.3.jar;C:\Users\ZAIN UL ABDIN\AppData\Local\Coursier\cache\v1\https\repo1.maven.org\maven2\org\eclipse\jgit\org.eclipse.jgit\6.6.0.202305301015-r\org.eclipse.jgit-6.6.0.202305301015-r.jar;C:\Users\ZAIN UL ABDIN\AppData\Local\Coursier\cache\v1\https\repo1.maven.org\maven2\org\scala-js\scalajs-env-jsdom-nodejs_2.13\1.1.0\scalajs-env-jsdom-nodejs_2.13-1.1.0.jar;C:\Users\ZAIN UL ABDIN\AppData\Local\Coursier\cache\v1\https\repo1.maven.org\maven2\org\eclipse\lsp4j\org.eclipse.lsp4j.generator\0.20.1\org.eclipse.lsp4j.generator-0.20.1.jar;C:\Users\ZAIN UL ABDIN\AppData\Local\Coursier\cache\v1\https\repo1.maven.org\maven2\org\eclipse\lsp4j\org.eclipse.lsp4j.jsonrpc\0.20.1\org.eclipse.lsp4j.jsonrpc-0.20.1.jar;C:\Users\ZAIN UL ABDIN\AppData\Local\Coursier\cache\v1\https\repo1.maven.org\maven2\commons-logging\commons-logging\1.2\commons-logging-1.2.jar;C:\Users\ZAIN UL ABDIN\AppData\Local\Coursier\cache\v1\https\repo1.maven.org\maven2\commons-codec\commons-codec\1.11\commons-codec-1.11.jar;C:\Users\ZAIN UL ABDIN\AppData\Local\Coursier\cache\v1\https\repo1.maven.org\maven2\io\grpc\grpc-context\1.22.1\grpc-context-1.22.1.jar;C:\Users\ZAIN UL ABDIN\AppData\Local\Coursier\cache\v1\https\repo1.maven.org\maven2\com\google\protobuf\protobuf-java\3.19.6\protobuf-java-3.19.6.jar;C:\Users\ZAIN UL ABDIN\AppData\Local\Coursier\cache\v1\https\repo1.maven.org\maven2\org\scala-sbt\util-interface\1.3.0\util-interface-1.3.0.jar;C:\Users\ZAIN UL ABDIN\AppData\Local\Coursier\cache\v1\https\repo1.maven.org\maven2\com\thesamet\scalapb\lenses_2.13\0.11.13\lenses_2.13-0.11.13.jar;C:\Users\ZAIN UL ABDIN\AppData\Local\Coursier\cache\v1\https\repo1.maven.org\maven2\io\github\alexarchambault\libdaemon\libdaemon_2.13\0.0.11\libdaemon_2.13-0.0.11.jar;C:\Users\ZAIN UL ABDIN\AppData\Local\Coursier\cache\v1\https\repo1.maven.org\maven2\io\github\alexarchambault\scala-cli\snailgun\snailgun-core_2.13\0.4.1-sc2\snailgun-core_2.13-0.4.1-sc2.jar;C:\Users\ZAIN UL ABDIN\AppData\Local\Coursier\cache\v1\https\repo1.maven.org\maven2\com\github\alexarchambault\argonaut-shapeless_6.3_2.13\1.3.1\argonaut-shapeless_6.3_2.13-1.3.1.jar;C:\Users\ZAIN UL ABDIN\AppData\Local\Coursier\cache\v1\https\repo1.maven.org\maven2\io\get-coursier\coursier_2.13\2.1.5\coursier_2.13-2.1.5.jar;C:\Users\ZAIN UL ABDIN\AppData\Local\Coursier\cache\v1\https\repo1.maven.org\maven2\io\get-coursier\coursier-env_2.13\2.1.5\coursier-env_2.13-2.1.5.jar;C:\Users\ZAIN UL ABDIN\AppData\Local\Coursier\cache\v1\https\repo1.maven.org\maven2\com\googlecode\javaewah\JavaEWAH\1.2.3\JavaEWAH-1.2.3.jar;C:\Users\ZAIN UL ABDIN\AppData\Local\Coursier\cache\v1\https\repo1.maven.org\maven2\org\eclipse\xtend\org.eclipse.xtend.lib\2.28.0\org.eclipse.xtend.lib-2.28.0.jar;C:\Users\ZAIN UL ABDIN\AppData\Local\Coursier\cache\v1\https\repo1.maven.org\maven2\com\google\code\gson\gson\2.10.1\gson-2.10.1.jar;C:\Users\ZAIN UL ABDIN\AppData\Local\Coursier\cache\v1\https\repo1.maven.org\maven2\io\argonaut\argonaut_2.13\6.3.8\argonaut_2.13-6.3.8.jar;C:\Users\ZAIN UL ABDIN\AppData\Local\Coursier\cache\v1\https\repo1.maven.org\maven2\com\chuusai\shapeless_2.13\2.3.9\shapeless_2.13-2.3.9.jar;C:\Users\ZAIN UL ABDIN\AppData\Local\Coursier\cache\v1\https\repo1.maven.org\maven2\org\eclipse\xtext\org.eclipse.xtext.xbase.lib\2.28.0\org.eclipse.xtext.xbase.lib-2.28.0.jar;C:\Users\ZAIN UL ABDIN\AppData\Local\Coursier\cache\v1\https\repo1.maven.org\maven2\org\eclipse\xtend\org.eclipse.xtend.lib.macro\2.28.0\org.eclipse.xtend.lib.macro-2.28.0.jar, scala.cli.ScalaCli, bsp, C:\Users\ZAIN UL ABDIN\Documents\scala_learnings\first_class)
2023.09.04 12:02:21 INFO  tracing is disabled for protocol BSP, to enable tracing of incoming and outgoing JSON messages create an empty file at C:\Users\ZAIN UL ABDIN\Documents\scala_learnings\first_class\.metals\bsp.trace.json or C:\Users\ZAIN UL ABDIN\AppData\Local\scalameta\metals\cache\bsp.trace.json
2023.09.04 12:02:22 WARN  no build target for: C:\Users\ZAIN UL ABDIN\Documents\scala_learnings\first_class\project.scala
2023.09.04 12:02:26 INFO  BSP server: Starting compilation server
2023.09.04 12:02:29 INFO  BSP server: Downloading https://repo1.maven.org/maven2/com/github/plokhotnyuk/jsoniter-scala/jsoniter-scala-core_2.12/2.13.3.2/jsoniter-scala-core_2.12-2.13.3.2.jar
2023.09.04 12:02:29 INFO  BSP server: Downloading https://repo1.maven.org/maven2/io/github/alexarchambault/bleep/bloop-frontend_2.12/1.5.9-sc-1/bloop-frontend_2.12-1.5.9-sc-1.jar
2023.09.04 12:02:29 INFO  BSP server: Downloading https://repo1.maven.org/maven2/ch/epfl/scala/scala-debug-adapter_2.12/3.1.3/scala-debug-adapter_2.12-3.1.3.jar
2023.09.04 12:02:29 INFO  BSP server: Downloading https://repo1.maven.org/maven2/org/ow2/asm/asm-tree/9.5/asm-tree-9.5.jar
2023.09.04 12:02:29 INFO  BSP server: Downloading https://repo1.maven.org/maven2/org/typelevel/cats-macros_2.12/2.1.1/cats-macros_2.12-2.1.1.jar
2023.09.04 12:02:29 INFO  BSP server: Downloading https://repo1.maven.org/maven2/org/apache/logging/log4j/log4j-api/2.20.0/log4j-api-2.20.0.jar
2023.09.04 12:02:31 INFO  BSP server: Downloaded https://repo1.maven.org/maven2/org/typelevel/cats-macros_2.12/2.1.1/cats-macros_2.12-2.1.1.jar
2023.09.04 12:02:31 INFO  BSP server: Downloading https://repo1.maven.org/maven2/org/typelevel/cats-core_2.12/2.1.1/cats-core_2.12-2.1.1.jar
2023.09.04 12:02:34 INFO  BSP server: Downloaded https://repo1.maven.org/maven2/com/github/plokhotnyuk/jsoniter-scala/jsoniter-scala-core_2.12/2.13.3.2/jsoniter-scala-core_2.12-2.13.3.2.jar
2023.09.04 12:02:34 INFO  BSP server: Downloading https://repo1.maven.org/maven2/org/jctools/jctools-core/2.1.2/jctools-core-2.1.2.jar
2023.09.04 12:02:34 INFO  BSP server: Downloaded https://repo1.maven.org/maven2/org/ow2/asm/asm-tree/9.5/asm-tree-9.5.jar
2023.09.04 12:02:34 INFO  BSP server: Downloading https://repo1.maven.org/maven2/org/zeroturnaround/zt-zip/1.15/zt-zip-1.15.jar
2023.09.04 12:02:35 INFO  BSP server: Downloaded https://repo1.maven.org/maven2/org/jctools/jctools-core/2.1.2/jctools-core-2.1.2.jar
2023.09.04 12:02:35 INFO  BSP server: Downloading https://repo1.maven.org/maven2/io/zipkin/zipkin2/zipkin/2.23.2/zipkin-2.23.2.jar
2023.09.04 12:02:35 INFO  BSP server: Downloaded https://repo1.maven.org/maven2/io/zipkin/zipkin2/zipkin/2.23.2/zipkin-2.23.2.jar
2023.09.04 12:02:35 INFO  BSP server: Downloading https://repo1.maven.org/maven2/commons-io/commons-io/2.12.0/commons-io-2.12.0.jar
2023.09.04 12:02:35 INFO  BSP server: Downloaded https://repo1.maven.org/maven2/org/apache/logging/log4j/log4j-api/2.20.0/log4j-api-2.20.0.jar
2023.09.04 12:02:35 INFO  BSP server: Downloading https://repo1.maven.org/maven2/org/ow2/asm/asm-util/9.5/asm-util-9.5.jar
2023.09.04 12:02:37 INFO  BSP server: Downloaded https://repo1.maven.org/maven2/commons-io/commons-io/2.12.0/commons-io-2.12.0.jar
2023.09.04 12:02:37 INFO  BSP server: Downloading https://repo1.maven.org/maven2/com/outr/scribe_2.12/3.5.5/scribe_2.12-3.5.5.jar
2023.09.04 12:02:37 INFO  BSP server: Downloaded https://repo1.maven.org/maven2/org/ow2/asm/asm-util/9.5/asm-util-9.5.jar
2023.09.04 12:02:37 INFO  BSP server: Downloading https://repo1.maven.org/maven2/org/apache/commons/commons-lang3/3.12.0/commons-lang3-3.12.0.jar
2023.09.04 12:02:37 INFO  BSP server: Downloaded https://repo1.maven.org/maven2/org/zeroturnaround/zt-zip/1.15/zt-zip-1.15.jar
2023.09.04 12:02:37 INFO  BSP server: Downloading https://repo1.maven.org/maven2/org/scala-sbt/util-cache_2.12/1.9.1/util-cache_2.12-1.9.1.jar
2023.09.04 12:02:37 INFO  BSP server: Downloaded https://repo1.maven.org/maven2/com/outr/scribe_2.12/3.5.5/scribe_2.12-3.5.5.jar
2023.09.04 12:02:37 INFO  BSP server: Downloading https://repo1.maven.org/maven2/io/reactivex/rxjava2/rxjava/2.2.21/rxjava-2.2.21.jar
2023.09.04 12:02:39 INFO  BSP server: Downloaded https://repo1.maven.org/maven2/org/apache/commons/commons-lang3/3.12.0/commons-lang3-3.12.0.jar
2023.09.04 12:02:39 INFO  BSP server: Downloading https://repo1.maven.org/maven2/io/monix/monix-tail_2.12/3.2.0/monix-tail_2.12-3.2.0.jar
2023.09.04 12:02:39 INFO  BSP server: Downloaded https://repo1.maven.org/maven2/ch/epfl/scala/scala-debug-adapter_2.12/3.1.3/scala-debug-adapter_2.12-3.1.3.jar
2023.09.04 12:02:39 INFO  BSP server: Downloading https://repo1.maven.org/maven2/io/zipkin/reporter2/zipkin-reporter/2.16.4/zipkin-reporter-2.16.4.jar
2023.09.04 12:02:39 INFO  BSP server: Downloaded https://repo1.maven.org/maven2/io/zipkin/reporter2/zipkin-reporter/2.16.4/zipkin-reporter-2.16.4.jar
2023.09.04 12:02:39 INFO  BSP server: Downloading https://repo1.maven.org/maven2/ch/epfl/scala/bloop-config_2.12/1.5.5/bloop-config_2.12-1.5.5.jar
2023.09.04 12:02:40 INFO  BSP server: Downloaded https://repo1.maven.org/maven2/org/scala-sbt/util-cache_2.12/1.9.1/util-cache_2.12-1.9.1.jar
2023.09.04 12:02:40 INFO  BSP server: Downloading https://repo1.maven.org/maven2/io/monix/monix-reactive_2.12/3.2.0/monix-reactive_2.12-3.2.0.jar
2023.09.04 12:02:40 INFO  BSP server: Downloaded https://repo1.maven.org/maven2/ch/epfl/scala/bloop-config_2.12/1.5.5/bloop-config_2.12-1.5.5.jar
2023.09.04 12:02:40 INFO  BSP server: Downloading https://repo1.maven.org/maven2/ch/epfl/scala/bsp4s_2.12/2.1.0-M5/bsp4s_2.12-2.1.0-M5.jar
2023.09.04 12:02:41 ERROR Timeout waiting for 'build/initialize' response
2023.09.04 12:02:41 WARN  Retrying connection to the build server scala-cli
2023.09.04 12:02:41 INFO  Running BSP server List(C:\Users\ZAIN UL ABDIN\AppData\Local\Programs\Eclipse Adoptium\jdk-17.0.8.7-hotspot\bin\java.exe, -cp, C:\Users\ZAIN UL ABDIN\AppData\Local\Coursier\cache\v1\https\repo1.maven.org\maven2\org\virtuslab\scala-cli\cli_3\1.0.4\cli_3-1.0.4.jar;C:\Users\ZAIN UL ABDIN\AppData\Local\Coursier\cache\v1\https\repo1.maven.org\maven2\com\github\alexarchambault\case-app_3\2.1.0-M25\case-app_3-2.1.0-M25.jar;C:\Users\ZAIN UL ABDIN\AppData\Local\Coursier\cache\v1\https\repo1.maven.org\maven2\io\get-coursier\coursier-launcher_2.13\2.1.5\coursier-launcher_2.13-2.1.5.jar;C:\Users\ZAIN UL ABDIN\AppData\Local\Coursier\cache\v1\https\repo1.maven.org\maven2\io\get-coursier\coursier-proxy-setup\2.1.5\coursier-proxy-setup-2.1.5.jar;C:\Users\ZAIN UL ABDIN\AppData\Local\Coursier\cache\v1\https\repo1.maven.org\maven2\io\get-coursier\publish\publish_2.13\0.1.4\publish_2.13-0.1.4.jar;C:\Users\ZAIN UL ABDIN\AppData\Local\Coursier\cache\v1\https\repo1.maven.org\maven2\com\google\jimfs\jimfs\1.3.0\jimfs-1.3.0.jar;C:\Users\ZAIN UL ABDIN\AppData\Local\Coursier\cache\v1\https\repo1.maven.org\maven2\io\get-coursier\jniutils\windows-jni-utils\0.3.3\windows-jni-utils-0.3.3.jar;C:\Users\ZAIN UL ABDIN\AppData\Local\Coursier\cache\v1\https\repo1.maven.org\maven2\com\github\plokhotnyuk\jsoniter-scala\jsoniter-scala-core_3\2.13.5.2\jsoniter-scala-core_3-2.13.5.2.jar;C:\Users\ZAIN UL ABDIN\AppData\Local\Coursier\cache\v1\https\repo1.maven.org\maven2\org\virtuslab\scala-cli\libsodiumjni\0.0.3\libsodiumjni-0.0.3.jar;C:\Users\ZAIN UL ABDIN\AppData\Local\Coursier\cache\v1\https\repo1.maven.org\maven2\com\geirsson\metaconfig-typesafe-config_3\0.11.1\metaconfig-typesafe-config_3-0.11.1.jar;C:\Users\ZAIN UL ABDIN\AppData\Local\Coursier\cache\v1\https\repo1.maven.org\maven2\ai\kien\python-native-libs_3\0.2.4\python-native-libs_3-0.2.4.jar;C:\Users\ZAIN UL ABDIN\AppData\Local\Coursier\cache\v1\https\repo1.maven.org\maven2\org\virtuslab\scala-packager_2.13\0.1.29\scala-packager_2.13-0.1.29.jar;C:\Users\ZAIN UL ABDIN\AppData\Local\Coursier\cache\v1\https\repo1.maven.org\maven2\org\virtuslab\scala-cli-signing\cli_3\0.2.2\cli_3-0.2.2.jar;C:\Users\ZAIN UL ABDIN\AppData\Local\Coursier\cache\v1\https\repo1.maven.org\maven2\org\slf4j\slf4j-nop\2.0.7\slf4j-nop-2.0.7.jar;C:\Users\ZAIN UL ABDIN\AppData\Local\Coursier\cache\v1\https\repo1.maven.org\maven2\com\softwaremill\sttp\client3\core_2.13\3.8.16\core_2.13-3.8.16.jar;C:\Users\ZAIN UL ABDIN\AppData\Local\Coursier\cache\v1\https\repo1.maven.org\maven2\org\scala-lang\scala3-library_3\3.3.0\scala3-library_3-3.3.0.jar;C:\Users\ZAIN UL ABDIN\AppData\Local\Coursier\cache\v1\https\repo1.maven.org\maven2\org\virtuslab\scala-cli\build-module_3\1.0.4\build-module_3-1.0.4.jar;C:\Users\ZAIN UL ABDIN\AppData\Local\Coursier\cache\v1\https\repo1.maven.org\maven2\org\virtuslab\scala-cli\config_3\1.0.4\config_3-1.0.4.jar;C:\Users\ZAIN UL ABDIN\AppData\Local\Coursier\cache\v1\https\repo1.maven.org\maven2\org\virtuslab\scala-cli\scala3-graal_3\1.0.4\scala3-graal_3-1.0.4.jar;C:\Users\ZAIN UL ABDIN\AppData\Local\Coursier\cache\v1\https\repo1.maven.org\maven2\org\virtuslab\scala-cli\specification-level_3\1.0.4\specification-level_3-1.0.4.jar;C:\Users\ZAIN UL ABDIN\AppData\Local\Coursier\cache\v1\https\repo1.maven.org\maven2\com\github\alexarchambault\case-app-annotations_3\2.1.0-M25\case-app-annotations_3-2.1.0-M25.jar;C:\Users\ZAIN UL ABDIN\AppData\Local\Coursier\cache\v1\https\repo1.maven.org\maven2\com\github\alexarchambault\case-app-util_3\2.1.0-M25\case-app-util_3-2.1.0-M25.jar;C:\Users\ZAIN UL ABDIN\AppData\Local\Coursier\cache\v1\https\repo1.maven.org\maven2\com\lihaoyi\sourcecode_3\0.3.0\sourcecode_3-0.3.0.jar;C:\Users\ZAIN UL ABDIN\AppData\Local\Coursier\cache\v1\https\repo1.maven.org\maven2\org\scala-lang\modules\scala-collection-compat_2.13\2.11.0\scala-collection-compat_2.13-2.11.0.jar;C:\Users\ZAIN UL ABDIN\AppData\Local\Coursier\cache\v1\https\repo1.maven.org\maven2\io\github\alexarchambault\scala-cli\tmp\zip-input-stream\0.1.1\zip-input-stream-0.1.1.jar;C:\Users\ZAIN UL ABDIN\AppData\Local\Coursier\cache\v1\https\repo1.maven.org\maven2\ai\kien\python-native-libs_2.13\0.2.4\python-native-libs_2.13-0.2.4.jar;C:\Users\ZAIN UL ABDIN\AppData\Local\Coursier\cache\v1\https\repo1.maven.org\maven2\org\scala-lang\scala-library\2.13.11\scala-library-2.13.11.jar;C:\Users\ZAIN UL ABDIN\AppData\Local\Coursier\cache\v1\https\repo1.maven.org\maven2\io\get-coursier\coursier-cache_2.13\2.1.5\coursier-cache_2.13-2.1.5.jar;C:\Users\ZAIN UL ABDIN\AppData\Local\Coursier\cache\v1\https\repo1.maven.org\maven2\io\get-coursier\coursier-core_2.13\2.1.5\coursier-core_2.13-2.1.5.jar;C:\Users\ZAIN UL ABDIN\AppData\Local\Coursier\cache\v1\https\repo1.maven.org\maven2\com\github\plokhotnyuk\jsoniter-scala\jsoniter-scala-core_2.13\2.13.15\jsoniter-scala-core_2.13-2.13.15.jar;C:\Users\ZAIN UL ABDIN\AppData\Local\Coursier\cache\v1\https\repo1.maven.org\maven2\com\google\guava\guava\32.1.2-jre\guava-32.1.2-jre.jar;C:\Users\ZAIN UL ABDIN\AppData\Local\Coursier\cache\v1\https\repo1.maven.org\maven2\net\java\dev\jna\jna\5.12.1\jna-5.12.1.jar;C:\Users\ZAIN UL ABDIN\AppData\Local\Coursier\cache\v1\https\repo1.maven.org\maven2\net\java\dev\jna\jna-platform\5.12.1\jna-platform-5.12.1.jar;C:\Users\ZAIN UL ABDIN\AppData\Local\Coursier\cache\v1\https\repo1.maven.org\maven2\com\geirsson\metaconfig-core_3\0.11.1\metaconfig-core_3-0.11.1.jar;C:\Users\ZAIN UL ABDIN\AppData\Local\Coursier\cache\v1\https\repo1.maven.org\maven2\com\typesafe\config\1.4.1\config-1.4.1.jar;C:\Users\ZAIN UL ABDIN\AppData\Local\Coursier\cache\v1\https\repo1.maven.org\maven2\org\scala-lang\modules\scala-collection-compat_3\2.11.0\scala-collection-compat_3-2.11.0.jar;C:\Users\ZAIN UL ABDIN\AppData\Local\Coursier\cache\v1\https\repo1.maven.org\maven2\commons-io\commons-io\2.11.0\commons-io-2.11.0.jar;C:\Users\ZAIN UL ABDIN\AppData\Local\Coursier\cache\v1\https\repo1.maven.org\maven2\com\google\cloud\tools\jib-core\0.22.0\jib-core-0.22.0.jar;C:\Users\ZAIN UL ABDIN\AppData\Local\Coursier\cache\v1\https\repo1.maven.org\maven2\com\lihaoyi\os-lib_2.13\0.8.1\os-lib_2.13-0.8.1.jar;C:\Users\ZAIN UL ABDIN\AppData\Local\Coursier\cache\v1\https\repo1.maven.org\maven2\org\bouncycastle\bcpg-jdk18on\1.73\bcpg-jdk18on-1.73.jar;C:\Users\ZAIN UL ABDIN\AppData\Local\Coursier\cache\v1\https\repo1.maven.org\maven2\org\virtuslab\scala-cli-signing\shared_3\0.2.2\shared_3-0.2.2.jar;C:\Users\ZAIN UL ABDIN\AppData\Local\Coursier\cache\v1\https\repo1.maven.org\maven2\org\slf4j\slf4j-api\2.0.7\slf4j-api-2.0.7.jar;C:\Users\ZAIN UL ABDIN\AppData\Local\Coursier\cache\v1\https\repo1.maven.org\maven2\com\softwaremill\sttp\model\core_2.13\1.5.5\core_2.13-1.5.5.jar;C:\Users\ZAIN UL ABDIN\AppData\Local\Coursier\cache\v1\https\repo1.maven.org\maven2\com\softwaremill\sttp\shared\core_2.13\1.3.13\core_2.13-1.3.13.jar;C:\Users\ZAIN UL ABDIN\AppData\Local\Coursier\cache\v1\https\repo1.maven.org\maven2\com\softwaremill\sttp\shared\ws_2.13\1.3.13\ws_2.13-1.3.13.jar;C:\Users\ZAIN UL ABDIN\AppData\Local\Coursier\cache\v1\https\repo1.maven.org\maven2\org\ow2\asm\asm\9.5\asm-9.5.jar;C:\Users\ZAIN UL ABDIN\AppData\Local\Coursier\cache\v1\https\repo1.maven.org\maven2\io\github\alexarchambault\scala-cli\java-class-name_3\0.1.0\java-class-name_3-0.1.0.jar;C:\Users\ZAIN UL ABDIN\AppData\Local\Coursier\cache\v1\https\repo1.maven.org\maven2\org\scalameta\trees_2.13\4.8.7\trees_2.13-4.8.7.jar;C:\Users\ZAIN UL ABDIN\AppData\Local\Coursier\cache\v1\https\repo1.maven.org\maven2\org\scala-native\test-runner_3\0.4.14\test-runner_3-0.4.14.jar;C:\Users\ZAIN UL ABDIN\AppData\Local\Coursier\cache\v1\https\repo1.maven.org\maven2\com\lihaoyi\os-lib_3\0.9.1\os-lib_3-0.9.1.jar;C:\Users\ZAIN UL ABDIN\AppData\Local\Coursier\cache\v1\https\repo1.maven.org\maven2\com\lihaoyi\pprint_3\0.8.1\pprint_3-0.8.1.jar;C:\Users\ZAIN UL ABDIN\AppData\Local\Coursier\cache\v1\https\repo1.maven.org\maven2\org\scala-js\scalajs-env-nodejs_2.13\1.4.0\scalajs-env-nodejs_2.13-1.4.0.jar;C:\Users\ZAIN UL ABDIN\AppData\Local\Coursier\cache\v1\https\repo1.maven.org\maven2\org\scala-js\scalajs-sbt-test-adapter_2.13\1.13.2\scalajs-sbt-test-adapter_2.13-1.13.2.jar;C:\Users\ZAIN UL ABDIN\AppData\Local\Coursier\cache\v1\https\repo1.maven.org\maven2\com\swoval\file-tree-views\2.1.10\file-tree-views-2.1.10.jar;C:\Users\ZAIN UL ABDIN\AppData\Local\Coursier\cache\v1\https\repo1.maven.org\maven2\org\virtuslab\scala-cli\options_3\1.0.4\options_3-1.0.4.jar;C:\Users\ZAIN UL ABDIN\AppData\Local\Coursier\cache\v1\https\repo1.maven.org\maven2\org\virtuslab\scala-cli\directives_3\1.0.4\directives_3-1.0.4.jar;C:\Users\ZAIN UL ABDIN\AppData\Local\Coursier\cache\v1\https\repo1.maven.org\maven2\org\virtuslab\scala-cli\scala-cli-bsp\1.0.4\scala-cli-bsp-1.0.4.jar;C:\Users\ZAIN UL ABDIN\AppData\Local\Coursier\cache\v1\https\repo1.maven.org\maven2\org\virtuslab\scala-cli\test-runner_2.13\1.0.4\test-runner_2.13-1.0.4.jar;C:\Users\ZAIN UL ABDIN\AppData\Local\Coursier\cache\v1\https\repo1.maven.org\maven2\org\virtuslab\scala-cli\tasty-lib_3\1.0.4\tasty-lib_3-1.0.4.jar;C:\Users\ZAIN UL ABDIN\AppData\Local\Coursier\cache\v1\https\repo1.maven.org\maven2\org\codehaus\plexus\plexus-archiver\4.7.1\plexus-archiver-4.7.1.jar;C:\Users\ZAIN UL ABDIN\AppData\Local\Coursier\cache\v1\https\repo1.maven.org\maven2\org\codehaus\plexus\plexus-container-default\2.1.1\plexus-container-default-2.1.1.jar;C:\Users\ZAIN UL ABDIN\AppData\Local\Coursier\cache\v1\https\repo1.maven.org\maven2\io\github\alexarchambault\windows-ansi\windows-ansi\0.0.5\windows-ansi-0.0.5.jar;C:\Users\ZAIN UL ABDIN\AppData\Local\Coursier\cache\v1\https\repo1.maven.org\maven2\io\get-coursier\coursier-util_2.13\2.1.5\coursier-util_2.13-2.1.5.jar;C:\Users\ZAIN UL ABDIN\AppData\Local\Coursier\cache\v1\https\repo1.maven.org\maven2\io\github\alexarchambault\concurrent-reference-hash-map\1.1.0\concurrent-reference-hash-map-1.1.0.jar;C:\Users\ZAIN UL ABDIN\AppData\Local\Coursier\cache\v1\https\repo1.maven.org\maven2\org\scala-lang\modules\scala-xml_2.13\2.1.0\scala-xml_2.13-2.1.0.jar;C:\Users\ZAIN UL ABDIN\AppData\Local\Coursier\cache\v1\https\repo1.maven.org\maven2\com\google\guava\failureaccess\1.0.1\failureaccess-1.0.1.jar;C:\Users\ZAIN UL ABDIN\AppData\Local\Coursier\cache\v1\https\repo1.maven.org\maven2\com\google\guava\listenablefuture\9999.0-empty-to-avoid-conflict-with-guava\listenablefuture-9999.0-empty-to-avoid-conflict-with-guava.jar;C:\Users\ZAIN UL ABDIN\AppData\Local\Coursier\cache\v1\https\repo1.maven.org\maven2\com\google\code\findbugs\jsr305\3.0.2\jsr305-3.0.2.jar;C:\Users\ZAIN UL ABDIN\AppData\Local\Coursier\cache\v1\https\repo1.maven.org\maven2\org\checkerframework\checker-qual\3.33.0\checker-qual-3.33.0.jar;C:\Users\ZAIN UL ABDIN\AppData\Local\Coursier\cache\v1\https\repo1.maven.org\maven2\com\google\errorprone\error_prone_annotations\2.18.0\error_prone_annotations-2.18.0.jar;C:\Users\ZAIN UL ABDIN\AppData\Local\Coursier\cache\v1\https\repo1.maven.org\maven2\com\google\j2objc\j2objc-annotations\2.8\j2objc-annotations-2.8.jar;C:\Users\ZAIN UL ABDIN\AppData\Local\Coursier\cache\v1\https\repo1.maven.org\maven2\com\geirsson\metaconfig-pprint_3\0.11.1\metaconfig-pprint_3-0.11.1.jar;C:\Users\ZAIN UL ABDIN\AppData\Local\Coursier\cache\v1\https\repo1.maven.org\maven2\org\typelevel\paiges-core_3\0.4.2\paiges-core_3-0.4.2.jar;C:\Users\ZAIN UL ABDIN\AppData\Local\Coursier\cache\v1\https\repo1.maven.org\maven2\org\scala-lang\scala-reflect\2.13.8\scala-reflect-2.13.8.jar;C:\Users\ZAIN UL ABDIN\AppData\Local\Coursier\cache\v1\https\repo1.maven.org\maven2\com\google\cloud\tools\jib-build-plan\0.4.0\jib-build-plan-0.4.0.jar;C:\Users\ZAIN UL ABDIN\AppData\Local\Coursier\cache\v1\https\repo1.maven.org\maven2\com\google\http-client\google-http-client\1.34.0\google-http-client-1.34.0.jar;C:\Users\ZAIN UL ABDIN\AppData\Local\Coursier\cache\v1\https\repo1.maven.org\maven2\com\google\http-client\google-http-client-apache-v2\1.34.0\google-http-client-apache-v2-1.34.0.jar;C:\Users\ZAIN UL ABDIN\AppData\Local\Coursier\cache\v1\https\repo1.maven.org\maven2\com\google\auth\google-auth-library-oauth2-http\0.18.0\google-auth-library-oauth2-http-0.18.0.jar;C:\Users\ZAIN UL ABDIN\AppData\Local\Coursier\cache\v1\https\repo1.maven.org\maven2\org\apache\commons\commons-compress\1.23.0\commons-compress-1.23.0.jar;C:\Users\ZAIN UL ABDIN\AppData\Local\Coursier\cache\v1\https\repo1.maven.org\maven2\com\fasterxml\jackson\core\jackson-databind\2.13.3\jackson-databind-2.13.3.jar;C:\Users\ZAIN UL ABDIN\AppData\Local\Coursier\cache\v1\https\repo1.maven.org\maven2\com\fasterxml\jackson\datatype\jackson-datatype-jsr310\2.13.3\jackson-datatype-jsr310-2.13.3.jar;C:\Users\ZAIN UL ABDIN\AppData\Local\Coursier\cache\v1\https\repo1.maven.org\maven2\com\lihaoyi\geny_2.13\0.7.1\geny_2.13-0.7.1.jar;C:\Users\ZAIN UL ABDIN\AppData\Local\Coursier\cache\v1\https\repo1.maven.org\maven2\org\bouncycastle\bcprov-jdk18on\1.73\bcprov-jdk18on-1.73.jar;C:\Users\ZAIN UL ABDIN\AppData\Local\Coursier\cache\v1\https\repo1.maven.org\maven2\org\scala-lang\scala3-compiler_3\3.1.2\scala3-compiler_3-3.1.2.jar;C:\Users\ZAIN UL ABDIN\AppData\Local\Coursier\cache\v1\https\repo1.maven.org\maven2\org\scalameta\common_2.13\4.8.7\common_2.13-4.8.7.jar;C:\Users\ZAIN UL ABDIN\AppData\Local\Coursier\cache\v1\https\repo1.maven.org\maven2\org\scala-native\tools_3\0.4.14\tools_3-0.4.14.jar;C:\Users\ZAIN UL ABDIN\AppData\Local\Coursier\cache\v1\https\repo1.maven.org\maven2\org\scala-sbt\test-interface\1.0\test-interface-1.0.jar;C:\Users\ZAIN UL ABDIN\AppData\Local\Coursier\cache\v1\https\repo1.maven.org\maven2\com\novocode\junit-interface\0.11\junit-interface-0.11.jar;C:\Users\ZAIN UL ABDIN\AppData\Local\Coursier\cache\v1\https\repo1.maven.org\maven2\junit\junit\4.13.2\junit-4.13.2.jar;C:\Users\ZAIN UL ABDIN\AppData\Local\Coursier\cache\v1\https\repo1.maven.org\maven2\com\lihaoyi\geny_3\1.0.0\geny_3-1.0.0.jar;C:\Users\ZAIN UL ABDIN\AppData\Local\Coursier\cache\v1\https\repo1.maven.org\maven2\com\lihaoyi\fansi_3\0.4.0\fansi_3-0.4.0.jar;C:\Users\ZAIN UL ABDIN\AppData\Local\Coursier\cache\v1\https\repo1.maven.org\maven2\org\scala-js\scalajs-js-envs_2.13\1.4.0\scalajs-js-envs_2.13-1.4.0.jar;C:\Users\ZAIN UL ABDIN\AppData\Local\Coursier\cache\v1\https\repo1.maven.org\maven2\ch\epfl\scala\bloop-config_2.13\1.5.5\bloop-config_2.13-1.5.5.jar;C:\Users\ZAIN UL ABDIN\AppData\Local\Coursier\cache\v1\https\repo1.maven.org\maven2\org\virtuslab\scala-cli\core_3\1.0.4\core_3-1.0.4.jar;C:\Users\ZAIN UL ABDIN\AppData\Local\Coursier\cache\v1\https\repo1.maven.org\maven2\org\virtuslab\using_directives\1.1.0\using_directives-1.1.0.jar;C:\Users\ZAIN UL ABDIN\AppData\Local\Coursier\cache\v1\https\repo1.maven.org\maven2\org\virtuslab\scala-cli\build-macros_3\1.0.4\build-macros_3-1.0.4.jar;C:\Users\ZAIN UL ABDIN\AppData\Local\Coursier\cache\v1\https\repo1.maven.org\maven2\ch\epfl\scala\bsp4j\2.1.0-M5\bsp4j-2.1.0-M5.jar;C:\Users\ZAIN UL ABDIN\AppData\Local\Coursier\cache\v1\https\repo1.maven.org\maven2\javax\inject\javax.inject\1\javax.inject-1.jar;C:\Users\ZAIN UL ABDIN\AppData\Local\Coursier\cache\v1\https\repo1.maven.org\maven2\org\codehaus\plexus\plexus-utils\3.5.1\plexus-utils-3.5.1.jar;C:\Users\ZAIN UL ABDIN\AppData\Local\Coursier\cache\v1\https\repo1.maven.org\maven2\org\codehaus\plexus\plexus-io\3.4.1\plexus-io-3.4.1.jar;C:\Users\ZAIN UL ABDIN\AppData\Local\Coursier\cache\v1\https\repo1.maven.org\maven2\org\iq80\snappy\snappy\0.4\snappy-0.4.jar;C:\Users\ZAIN UL ABDIN\AppData\Local\Coursier\cache\v1\https\repo1.maven.org\maven2\org\tukaani\xz\1.9\xz-1.9.jar;C:\Users\ZAIN UL ABDIN\AppData\Local\Coursier\cache\v1\https\repo1.maven.org\maven2\com\github\luben\zstd-jni\1.5.5-2\zstd-jni-1.5.5-2.jar;C:\Users\ZAIN UL ABDIN\AppData\Local\Coursier\cache\v1\https\repo1.maven.org\maven2\org\codehaus\plexus\plexus-classworlds\2.6.0\plexus-classworlds-2.6.0.jar;C:\Users\ZAIN UL ABDIN\AppData\Local\Coursier\cache\v1\https\repo1.maven.org\maven2\org\apache\xbean\xbean-reflect\3.7\xbean-reflect-3.7.jar;C:\Users\ZAIN UL ABDIN\AppData\Local\Coursier\cache\v1\https\repo1.maven.org\maven2\org\fusesource\jansi\jansi\1.18\jansi-1.18.jar;C:\Users\ZAIN UL ABDIN\AppData\Local\Coursier\cache\v1\https\repo1.maven.org\maven2\org\apache\httpcomponents\httpclient\4.5.10\httpclient-4.5.10.jar;C:\Users\ZAIN UL ABDIN\AppData\Local\Coursier\cache\v1\https\repo1.maven.org\maven2\org\apache\httpcomponents\httpcore\4.4.12\httpcore-4.4.12.jar;C:\Users\ZAIN UL ABDIN\AppData\Local\Coursier\cache\v1\https\repo1.maven.org\maven2\io\opencensus\opencensus-api\0.24.0\opencensus-api-0.24.0.jar;C:\Users\ZAIN UL ABDIN\AppData\Local\Coursier\cache\v1\https\repo1.maven.org\maven2\io\opencensus\opencensus-contrib-http-util\0.24.0\opencensus-contrib-http-util-0.24.0.jar;C:\Users\ZAIN UL ABDIN\AppData\Local\Coursier\cache\v1\https\repo1.maven.org\maven2\com\google\auto\value\auto-value-annotations\1.6.6\auto-value-annotations-1.6.6.jar;C:\Users\ZAIN UL ABDIN\AppData\Local\Coursier\cache\v1\https\repo1.maven.org\maven2\com\google\auth\google-auth-library-credentials\0.18.0\google-auth-library-credentials-0.18.0.jar;C:\Users\ZAIN UL ABDIN\AppData\Local\Coursier\cache\v1\https\repo1.maven.org\maven2\com\google\http-client\google-http-client-jackson2\1.32.1\google-http-client-jackson2-1.32.1.jar;C:\Users\ZAIN UL ABDIN\AppData\Local\Coursier\cache\v1\https\repo1.maven.org\maven2\com\fasterxml\jackson\core\jackson-annotations\2.13.3\jackson-annotations-2.13.3.jar;C:\Users\ZAIN UL ABDIN\AppData\Local\Coursier\cache\v1\https\repo1.maven.org\maven2\com\fasterxml\jackson\core\jackson-core\2.13.3\jackson-core-2.13.3.jar;C:\Users\ZAIN UL ABDIN\AppData\Local\Coursier\cache\v1\https\repo1.maven.org\maven2\org\scala-lang\scala3-interfaces\3.1.2\scala3-interfaces-3.1.2.jar;C:\Users\ZAIN UL ABDIN\AppData\Local\Coursier\cache\v1\https\repo1.maven.org\maven2\org\scala-lang\tasty-core_3\3.1.2\tasty-core_3-3.1.2.jar;C:\Users\ZAIN UL ABDIN\AppData\Local\Coursier\cache\v1\https\repo1.maven.org\maven2\org\scala-lang\modules\scala-asm\9.1.0-scala-1\scala-asm-9.1.0-scala-1.jar;C:\Users\ZAIN UL ABDIN\AppData\Local\Coursier\cache\v1\https\repo1.maven.org\maven2\org\scala-sbt\compiler-interface\1.3.5\compiler-interface-1.3.5.jar;C:\Users\ZAIN UL ABDIN\AppData\Local\Coursier\cache\v1\https\repo1.maven.org\maven2\org\jline\jline-reader\3.19.0\jline-reader-3.19.0.jar;C:\Users\ZAIN UL ABDIN\AppData\Local\Coursier\cache\v1\https\repo1.maven.org\maven2\org\jline\jline-terminal\3.19.0\jline-terminal-3.19.0.jar;C:\Users\ZAIN UL ABDIN\AppData\Local\Coursier\cache\v1\https\repo1.maven.org\maven2\org\jline\jline-terminal-jna\3.19.0\jline-terminal-jna-3.19.0.jar;C:\Users\ZAIN UL ABDIN\AppData\Local\Coursier\cache\v1\https\repo1.maven.org\maven2\com\lihaoyi\sourcecode_2.13\0.3.0\sourcecode_2.13-0.3.0.jar;C:\Users\ZAIN UL ABDIN\AppData\Local\Coursier\cache\v1\https\repo1.maven.org\maven2\com\thesamet\scalapb\scalapb-runtime_2.13\0.11.13\scalapb-runtime_2.13-0.11.13.jar;C:\Users\ZAIN UL ABDIN\AppData\Local\Coursier\cache\v1\https\repo1.maven.org\maven2\org\scala-native\nir_3\0.4.14\nir_3-0.4.14.jar;C:\Users\ZAIN UL ABDIN\AppData\Local\Coursier\cache\v1\https\repo1.maven.org\maven2\org\scala-native\util_3\0.4.14\util_3-0.4.14.jar;C:\Users\ZAIN UL ABDIN\AppData\Local\Coursier\cache\v1\https\repo1.maven.org\maven2\org\scala-lang\modules\scala-parallel-collections_3\1.0.3\scala-parallel-collections_3-1.0.3.jar;C:\Users\ZAIN UL ABDIN\AppData\Local\Coursier\cache\v1\https\repo1.maven.org\maven2\org\hamcrest\hamcrest-core\1.3\hamcrest-core-1.3.jar;C:\Users\ZAIN UL ABDIN\AppData\Local\Coursier\cache\v1\https\repo1.maven.org\maven2\org\scala-js\scalajs-logging_2.13\1.1.1\scalajs-logging_2.13-1.1.1.jar;C:\Users\ZAIN UL ABDIN\AppData\Local\Coursier\cache\v1\https\repo1.maven.org\maven2\io\github\alexarchambault\bleep\bloop-rifle_2.13\1.5.9-sc-1\bloop-rifle_2.13-1.5.9-sc-1.jar;C:\Users\ZAIN UL ABDIN\AppData\Local\Coursier\cache\v1\https\repo1.maven.org\maven2\io\get-coursier\coursier-jvm_2.13\2.1.5\coursier-jvm_2.13-2.1.5.jar;C:\Users\ZAIN UL ABDIN\AppData\Local\Coursier\cache\v1\https\repo1.maven.org\maven2\io\get-coursier\dependency_3\0.2.3\dependency_3-0.2.3.jar;C:\Users\ZAIN UL ABDIN\AppData\Local\Coursier\cache\v1\https\repo1.maven.org\maven2\org\eclipse\jgit\org.eclipse.jgit\6.6.0.202305301015-r\org.eclipse.jgit-6.6.0.202305301015-r.jar;C:\Users\ZAIN UL ABDIN\AppData\Local\Coursier\cache\v1\https\repo1.maven.org\maven2\org\scala-js\scalajs-env-jsdom-nodejs_2.13\1.1.0\scalajs-env-jsdom-nodejs_2.13-1.1.0.jar;C:\Users\ZAIN UL ABDIN\AppData\Local\Coursier\cache\v1\https\repo1.maven.org\maven2\org\eclipse\lsp4j\org.eclipse.lsp4j.generator\0.20.1\org.eclipse.lsp4j.generator-0.20.1.jar;C:\Users\ZAIN UL ABDIN\AppData\Local\Coursier\cache\v1\https\repo1.maven.org\maven2\org\eclipse\lsp4j\org.eclipse.lsp4j.jsonrpc\0.20.1\org.eclipse.lsp4j.jsonrpc-0.20.1.jar;C:\Users\ZAIN UL ABDIN\AppData\Local\Coursier\cache\v1\https\repo1.maven.org\maven2\commons-logging\commons-logging\1.2\commons-logging-1.2.jar;C:\Users\ZAIN UL ABDIN\AppData\Local\Coursier\cache\v1\https\repo1.maven.org\maven2\commons-codec\commons-codec\1.11\commons-codec-1.11.jar;C:\Users\ZAIN UL ABDIN\AppData\Local\Coursier\cache\v1\https\repo1.maven.org\maven2\io\grpc\grpc-context\1.22.1\grpc-context-1.22.1.jar;C:\Users\ZAIN UL ABDIN\AppData\Local\Coursier\cache\v1\https\repo1.maven.org\maven2\com\google\protobuf\protobuf-java\3.19.6\protobuf-java-3.19.6.jar;C:\Users\ZAIN UL ABDIN\AppData\Local\Coursier\cache\v1\https\repo1.maven.org\maven2\org\scala-sbt\util-interface\1.3.0\util-interface-1.3.0.jar;C:\Users\ZAIN UL ABDIN\AppData\Local\Coursier\cache\v1\https\repo1.maven.org\maven2\com\thesamet\scalapb\lenses_2.13\0.11.13\lenses_2.13-0.11.13.jar;C:\Users\ZAIN UL ABDIN\AppData\Local\Coursier\cache\v1\https\repo1.maven.org\maven2\io\github\alexarchambault\libdaemon\libdaemon_2.13\0.0.11\libdaemon_2.13-0.0.11.jar;C:\Users\ZAIN UL ABDIN\AppData\Local\Coursier\cache\v1\https\repo1.maven.org\maven2\io\github\alexarchambault\scala-cli\snailgun\snailgun-core_2.13\0.4.1-sc2\snailgun-core_2.13-0.4.1-sc2.jar;C:\Users\ZAIN UL ABDIN\AppData\Local\Coursier\cache\v1\https\repo1.maven.org\maven2\com\github\alexarchambault\argonaut-shapeless_6.3_2.13\1.3.1\argonaut-shapeless_6.3_2.13-1.3.1.jar;C:\Users\ZAIN UL ABDIN\AppData\Local\Coursier\cache\v1\https\repo1.maven.org\maven2\io\get-coursier\coursier_2.13\2.1.5\coursier_2.13-2.1.5.jar;C:\Users\ZAIN UL ABDIN\AppData\Local\Coursier\cache\v1\https\repo1.maven.org\maven2\io\get-coursier\coursier-env_2.13\2.1.5\coursier-env_2.13-2.1.5.jar;C:\Users\ZAIN UL ABDIN\AppData\Local\Coursier\cache\v1\https\repo1.maven.org\maven2\com\googlecode\javaewah\JavaEWAH\1.2.3\JavaEWAH-1.2.3.jar;C:\Users\ZAIN UL ABDIN\AppData\Local\Coursier\cache\v1\https\repo1.maven.org\maven2\org\eclipse\xtend\org.eclipse.xtend.lib\2.28.0\org.eclipse.xtend.lib-2.28.0.jar;C:\Users\ZAIN UL ABDIN\AppData\Local\Coursier\cache\v1\https\repo1.maven.org\maven2\com\google\code\gson\gson\2.10.1\gson-2.10.1.jar;C:\Users\ZAIN UL ABDIN\AppData\Local\Coursier\cache\v1\https\repo1.maven.org\maven2\io\argonaut\argonaut_2.13\6.3.8\argonaut_2.13-6.3.8.jar;C:\Users\ZAIN UL ABDIN\AppData\Local\Coursier\cache\v1\https\repo1.maven.org\maven2\com\chuusai\shapeless_2.13\2.3.9\shapeless_2.13-2.3.9.jar;C:\Users\ZAIN UL ABDIN\AppData\Local\Coursier\cache\v1\https\repo1.maven.org\maven2\org\eclipse\xtext\org.eclipse.xtext.xbase.lib\2.28.0\org.eclipse.xtext.xbase.lib-2.28.0.jar;C:\Users\ZAIN UL ABDIN\AppData\Local\Coursier\cache\v1\https\repo1.maven.org\maven2\org\eclipse\xtend\org.eclipse.xtend.lib.macro\2.28.0\org.eclipse.xtend.lib.macro-2.28.0.jar, scala.cli.ScalaCli, bsp, C:\Users\ZAIN UL ABDIN\Documents\scala_learnings\first_class)
2023.09.04 12:02:41 INFO  tracing is disabled for protocol BSP, to enable tracing of incoming and outgoing JSON messages create an empty file at C:\Users\ZAIN UL ABDIN\Documents\scala_learnings\first_class\.metals\bsp.trace.json or C:\Users\ZAIN UL ABDIN\AppData\Local\scalameta\metals\cache\bsp.trace.json
2023.09.04 12:02:45 INFO  BSP server: Starting compilation server
2023.09.04 12:02:50 INFO  BSP server: Downloading https://repo1.maven.org/maven2/ch/epfl/scala/bsp4s_2.12/2.1.0-M5/bsp4s_2.12-2.1.0-M5.jar
2023.09.04 12:02:50 INFO  BSP server: Downloading https://repo1.maven.org/maven2/io/monix/monix-reactive_2.12/3.2.0/monix-reactive_2.12-3.2.0.jar
2023.09.04 12:02:50 INFO  BSP server: Downloading https://repo1.maven.org/maven2/io/monix/monix-tail_2.12/3.2.0/monix-tail_2.12-3.2.0.jar
2023.09.04 12:02:50 INFO  BSP server: Downloading https://repo1.maven.org/maven2/com/lihaoyi/pprint_2.12/0.8.1/pprint_2.12-0.8.1.jar
2023.09.04 12:02:50 INFO  BSP server: Downloading https://repo1.maven.org/maven2/com/lihaoyi/fansi_2.12/0.4.0/fansi_2.12-0.4.0.jar
2023.09.04 12:02:50 INFO  BSP server: Downloading https://repo1.maven.org/maven2/org/typelevel/cats-kernel_2.12/2.1.1/cats-kernel_2.12-2.1.1.jar
2023.09.04 12:02:52 INFO  BSP server: Downloaded https://repo1.maven.org/maven2/com/lihaoyi/fansi_2.12/0.4.0/fansi_2.12-0.4.0.jar
2023.09.04 12:02:52 INFO  BSP server: Downloading https://repo1.maven.org/maven2/io/monix/monix-eval_2.12/3.2.0/monix-eval_2.12-3.2.0.jar
2023.09.04 12:02:52 INFO  BSP server: Downloaded https://repo1.maven.org/maven2/com/lihaoyi/pprint_2.12/0.8.1/pprint_2.12-0.8.1.jar
2023.09.04 12:02:52 INFO  BSP server: Downloading https://repo1.maven.org/maven2/com/github/alexarchambault/case-app_2.12/2.0.6/case-app_2.12-2.0.6.jar
2023.09.04 12:02:58 INFO  BSP server: Downloaded https://repo1.maven.org/maven2/io/monix/monix-tail_2.12/3.2.0/monix-tail_2.12-3.2.0.jar
2023.09.04 12:02:58 INFO  BSP server: Downloading https://repo1.maven.org/maven2/org/scala-sbt/util-relation_2.12/1.9.1/util-relation_2.12-1.9.1.jar
2023.09.04 12:02:58 INFO  BSP server: Downloaded https://repo1.maven.org/maven2/org/scala-sbt/util-relation_2.12/1.9.1/util-relation_2.12-1.9.1.jar
2023.09.04 12:02:58 INFO  BSP server: Downloading https://repo1.maven.org/maven2/io/zipkin/reporter2/zipkin-reporter-brave/2.16.3/zipkin-reporter-brave-2.16.3.jar
2023.09.04 12:02:58 INFO  BSP server: Downloaded https://repo1.maven.org/maven2/io/zipkin/reporter2/zipkin-reporter-brave/2.16.3/zipkin-reporter-brave-2.16.3.jar
2023.09.04 12:02:58 INFO  BSP server: Downloading https://repo1.maven.org/maven2/com/outr/perfolation_2.12/1.2.8/perfolation_2.12-1.2.8.jar
2023.09.04 12:02:59 INFO  BSP server: Downloaded https://repo1.maven.org/maven2/com/github/alexarchambault/case-app_2.12/2.0.6/case-app_2.12-2.0.6.jar
2023.09.04 12:02:59 INFO  BSP server: Downloading https://repo1.maven.org/maven2/org/ow2/asm/asm-analysis/9.5/asm-analysis-9.5.jar
2023.09.04 12:02:59 INFO  BSP server: Downloaded https://repo1.maven.org/maven2/com/outr/perfolation_2.12/1.2.8/perfolation_2.12-1.2.8.jar
2023.09.04 12:02:59 INFO  BSP server: Downloading https://repo1.maven.org/maven2/io/zipkin/reporter2/zipkin-sender-urlconnection/2.16.4/zipkin-sender-urlconnection-2.16.4.jar
2023.09.04 12:02:59 INFO  BSP server: Downloaded https://repo1.maven.org/maven2/io/zipkin/reporter2/zipkin-sender-urlconnection/2.16.4/zipkin-sender-urlconnection-2.16.4.jar
2023.09.04 12:02:59 INFO  BSP server: Downloading https://repo1.maven.org/maven2/com/github/alexarchambault/case-app-util_2.12/2.0.6/case-app-util_2.12-2.0.6.jar
2023.09.04 12:02:59 INFO  BSP server: Downloaded https://repo1.maven.org/maven2/org/ow2/asm/asm-analysis/9.5/asm-analysis-9.5.jar
2023.09.04 12:02:59 INFO  BSP server: Downloading https://repo1.maven.org/maven2/org/scala-sbt/util-position_2.12/1.9.1/util-position_2.12-1.9.1.jar
2023.09.04 12:02:59 INFO  BSP server: Downloaded https://repo1.maven.org/maven2/org/scala-sbt/util-position_2.12/1.9.1/util-position_2.12-1.9.1.jar
2023.09.04 12:02:59 INFO  BSP server: Downloading https://repo1.maven.org/maven2/net/jpountz/lz4/lz4/1.3.0/lz4-1.3.0.jar
2023.09.04 12:03:00 INFO  BSP server: Downloaded https://repo1.maven.org/maven2/com/github/alexarchambault/case-app-util_2.12/2.0.6/case-app-util_2.12-2.0.6.jar
2023.09.04 12:03:00 INFO  BSP server: Downloading https://repo1.maven.org/maven2/com/github/alexarchambault/case-app-annotations_2.12/2.0.6/case-app-annotations_2.12-2.0.6.jar
2023.09.04 12:03:00 INFO  BSP server: Downloaded https://repo1.maven.org/maven2/com/github/alexarchambault/case-app-annotations_2.12/2.0.6/case-app-annotations_2.12-2.0.6.jar
2023.09.04 12:03:00 INFO  BSP server: Downloading https://repo1.maven.org/maven2/io/monix/monix_2.12/3.2.0/monix_2.12-3.2.0.jar
2023.09.04 12:03:00 INFO  BSP server: Downloaded https://repo1.maven.org/maven2/io/monix/monix_2.12/3.2.0/monix_2.12-3.2.0.jar
2023.09.04 12:03:00 INFO  BSP server: Downloading https://repo1.maven.org/maven2/io/github/alexarchambault/bleep/bloop-shared_2.12/1.5.9-sc-1/bloop-shared_2.12-1.5.9-sc-1.jar
2023.09.04 12:03:00 INFO  BSP server: Downloaded https://repo1.maven.org/maven2/ch/epfl/scala/bsp4s_2.12/2.1.0-M5/bsp4s_2.12-2.1.0-M5.jar
2023.09.04 12:03:00 INFO  BSP server: Downloading https://repo1.maven.org/maven2/io/reactivex/rxjava2/rxjava/2.2.21/rxjava-2.2.21.jar
2023.09.04 12:03:01 INFO  BSP server: Downloaded https://repo1.maven.org/maven2/io/github/alexarchambault/bleep/bloop-shared_2.12/1.5.9-sc-1/bloop-shared_2.12-1.5.9-sc-1.jar
2023.09.04 12:03:01 INFO  BSP server: Downloading https://repo1.maven.org/maven2/org/scala-sbt/util-logging_2.12/1.9.1/util-logging_2.12-1.9.1.jar
2023.09.04 12:03:01 INFO  BSP server: Downloaded https://repo1.maven.org/maven2/io/monix/monix-eval_2.12/3.2.0/monix-eval_2.12-3.2.0.jar
2023.09.04 12:03:01 INFO  BSP server: Downloading https://repo1.maven.org/maven2/org/slf4j/slf4j-api/2.0.6/slf4j-api-2.0.6.jar
2023.09.04 12:03:01 ERROR Timeout waiting for 'build/initialize' response
2023.09.04 12:03:01 WARN  Retrying connection to the build server scala-cli
2023.09.04 12:03:01 INFO  Running BSP server List(C:\Users\ZAIN UL ABDIN\AppData\Local\Programs\Eclipse Adoptium\jdk-17.0.8.7-hotspot\bin\java.exe, -cp, C:\Users\ZAIN UL ABDIN\AppData\Local\Coursier\cache\v1\https\repo1.maven.org\maven2\org\virtuslab\scala-cli\cli_3\1.0.4\cli_3-1.0.4.jar;C:\Users\ZAIN UL ABDIN\AppData\Local\Coursier\cache\v1\https\repo1.maven.org\maven2\com\github\alexarchambault\case-app_3\2.1.0-M25\case-app_3-2.1.0-M25.jar;C:\Users\ZAIN UL ABDIN\AppData\Local\Coursier\cache\v1\https\repo1.maven.org\maven2\io\get-coursier\coursier-launcher_2.13\2.1.5\coursier-launcher_2.13-2.1.5.jar;C:\Users\ZAIN UL ABDIN\AppData\Local\Coursier\cache\v1\https\repo1.maven.org\maven2\io\get-coursier\coursier-proxy-setup\2.1.5\coursier-proxy-setup-2.1.5.jar;C:\Users\ZAIN UL ABDIN\AppData\Local\Coursier\cache\v1\https\repo1.maven.org\maven2\io\get-coursier\publish\publish_2.13\0.1.4\publish_2.13-0.1.4.jar;C:\Users\ZAIN UL ABDIN\AppData\Local\Coursier\cache\v1\https\repo1.maven.org\maven2\com\google\jimfs\jimfs\1.3.0\jimfs-1.3.0.jar;C:\Users\ZAIN UL ABDIN\AppData\Local\Coursier\cache\v1\https\repo1.maven.org\maven2\io\get-coursier\jniutils\windows-jni-utils\0.3.3\windows-jni-utils-0.3.3.jar;C:\Users\ZAIN UL ABDIN\AppData\Local\Coursier\cache\v1\https\repo1.maven.org\maven2\com\github\plokhotnyuk\jsoniter-scala\jsoniter-scala-core_3\2.13.5.2\jsoniter-scala-core_3-2.13.5.2.jar;C:\Users\ZAIN UL ABDIN\AppData\Local\Coursier\cache\v1\https\repo1.maven.org\maven2\org\virtuslab\scala-cli\libsodiumjni\0.0.3\libsodiumjni-0.0.3.jar;C:\Users\ZAIN UL ABDIN\AppData\Local\Coursier\cache\v1\https\repo1.maven.org\maven2\com\geirsson\metaconfig-typesafe-config_3\0.11.1\metaconfig-typesafe-config_3-0.11.1.jar;C:\Users\ZAIN UL ABDIN\AppData\Local\Coursier\cache\v1\https\repo1.maven.org\maven2\ai\kien\python-native-libs_3\0.2.4\python-native-libs_3-0.2.4.jar;C:\Users\ZAIN UL ABDIN\AppData\Local\Coursier\cache\v1\https\repo1.maven.org\maven2\org\virtuslab\scala-packager_2.13\0.1.29\scala-packager_2.13-0.1.29.jar;C:\Users\ZAIN UL ABDIN\AppData\Local\Coursier\cache\v1\https\repo1.maven.org\maven2\org\virtuslab\scala-cli-signing\cli_3\0.2.2\cli_3-0.2.2.jar;C:\Users\ZAIN UL ABDIN\AppData\Local\Coursier\cache\v1\https\repo1.maven.org\maven2\org\slf4j\slf4j-nop\2.0.7\slf4j-nop-2.0.7.jar;C:\Users\ZAIN UL ABDIN\AppData\Local\Coursier\cache\v1\https\repo1.maven.org\maven2\com\softwaremill\sttp\client3\core_2.13\3.8.16\core_2.13-3.8.16.jar;C:\Users\ZAIN UL ABDIN\AppData\Local\Coursier\cache\v1\https\repo1.maven.org\maven2\org\scala-lang\scala3-library_3\3.3.0\scala3-library_3-3.3.0.jar;C:\Users\ZAIN UL ABDIN\AppData\Local\Coursier\cache\v1\https\repo1.maven.org\maven2\org\virtuslab\scala-cli\build-module_3\1.0.4\build-module_3-1.0.4.jar;C:\Users\ZAIN UL ABDIN\AppData\Local\Coursier\cache\v1\https\repo1.maven.org\maven2\org\virtuslab\scala-cli\config_3\1.0.4\config_3-1.0.4.jar;C:\Users\ZAIN UL ABDIN\AppData\Local\Coursier\cache\v1\https\repo1.maven.org\maven2\org\virtuslab\scala-cli\scala3-graal_3\1.0.4\scala3-graal_3-1.0.4.jar;C:\Users\ZAIN UL ABDIN\AppData\Local\Coursier\cache\v1\https\repo1.maven.org\maven2\org\virtuslab\scala-cli\specification-level_3\1.0.4\specification-level_3-1.0.4.jar;C:\Users\ZAIN UL ABDIN\AppData\Local\Coursier\cache\v1\https\repo1.maven.org\maven2\com\github\alexarchambault\case-app-annotations_3\2.1.0-M25\case-app-annotations_3-2.1.0-M25.jar;C:\Users\ZAIN UL ABDIN\AppData\Local\Coursier\cache\v1\https\repo1.maven.org\maven2\com\github\alexarchambault\case-app-util_3\2.1.0-M25\case-app-util_3-2.1.0-M25.jar;C:\Users\ZAIN UL ABDIN\AppData\Local\Coursier\cache\v1\https\repo1.maven.org\maven2\com\lihaoyi\sourcecode_3\0.3.0\sourcecode_3-0.3.0.jar;C:\Users\ZAIN UL ABDIN\AppData\Local\Coursier\cache\v1\https\repo1.maven.org\maven2\org\scala-lang\modules\scala-collection-compat_2.13\2.11.0\scala-collection-compat_2.13-2.11.0.jar;C:\Users\ZAIN UL ABDIN\AppData\Local\Coursier\cache\v1\https\repo1.maven.org\maven2\io\github\alexarchambault\scala-cli\tmp\zip-input-stream\0.1.1\zip-input-stream-0.1.1.jar;C:\Users\ZAIN UL ABDIN\AppData\Local\Coursier\cache\v1\https\repo1.maven.org\maven2\ai\kien\python-native-libs_2.13\0.2.4\python-native-libs_2.13-0.2.4.jar;C:\Users\ZAIN UL ABDIN\AppData\Local\Coursier\cache\v1\https\repo1.maven.org\maven2\org\scala-lang\scala-library\2.13.11\scala-library-2.13.11.jar;C:\Users\ZAIN UL ABDIN\AppData\Local\Coursier\cache\v1\https\repo1.maven.org\maven2\io\get-coursier\coursier-cache_2.13\2.1.5\coursier-cache_2.13-2.1.5.jar;C:\Users\ZAIN UL ABDIN\AppData\Local\Coursier\cache\v1\https\repo1.maven.org\maven2\io\get-coursier\coursier-core_2.13\2.1.5\coursier-core_2.13-2.1.5.jar;C:\Users\ZAIN UL ABDIN\AppData\Local\Coursier\cache\v1\https\repo1.maven.org\maven2\com\github\plokhotnyuk\jsoniter-scala\jsoniter-scala-core_2.13\2.13.15\jsoniter-scala-core_2.13-2.13.15.jar;C:\Users\ZAIN UL ABDIN\AppData\Local\Coursier\cache\v1\https\repo1.maven.org\maven2\com\google\guava\guava\32.1.2-jre\guava-32.1.2-jre.jar;C:\Users\ZAIN UL ABDIN\AppData\Local\Coursier\cache\v1\https\repo1.maven.org\maven2\net\java\dev\jna\jna\5.12.1\jna-5.12.1.jar;C:\Users\ZAIN UL ABDIN\AppData\Local\Coursier\cache\v1\https\repo1.maven.org\maven2\net\java\dev\jna\jna-platform\5.12.1\jna-platform-5.12.1.jar;C:\Users\ZAIN UL ABDIN\AppData\Local\Coursier\cache\v1\https\repo1.maven.org\maven2\com\geirsson\metaconfig-core_3\0.11.1\metaconfig-core_3-0.11.1.jar;C:\Users\ZAIN UL ABDIN\AppData\Local\Coursier\cache\v1\https\repo1.maven.org\maven2\com\typesafe\config\1.4.1\config-1.4.1.jar;C:\Users\ZAIN UL ABDIN\AppData\Local\Coursier\cache\v1\https\repo1.maven.org\maven2\org\scala-lang\modules\scala-collection-compat_3\2.11.0\scala-collection-compat_3-2.11.0.jar;C:\Users\ZAIN UL ABDIN\AppData\Local\Coursier\cache\v1\https\repo1.maven.org\maven2\commons-io\commons-io\2.11.0\commons-io-2.11.0.jar;C:\Users\ZAIN UL ABDIN\AppData\Local\Coursier\cache\v1\https\repo1.maven.org\maven2\com\google\cloud\tools\jib-core\0.22.0\jib-core-0.22.0.jar;C:\Users\ZAIN UL ABDIN\AppData\Local\Coursier\cache\v1\https\repo1.maven.org\maven2\com\lihaoyi\os-lib_2.13\0.8.1\os-lib_2.13-0.8.1.jar;C:\Users\ZAIN UL ABDIN\AppData\Local\Coursier\cache\v1\https\repo1.maven.org\maven2\org\bouncycastle\bcpg-jdk18on\1.73\bcpg-jdk18on-1.73.jar;C:\Users\ZAIN UL ABDIN\AppData\Local\Coursier\cache\v1\https\repo1.maven.org\maven2\org\virtuslab\scala-cli-signing\shared_3\0.2.2\shared_3-0.2.2.jar;C:\Users\ZAIN UL ABDIN\AppData\Local\Coursier\cache\v1\https\repo1.maven.org\maven2\org\slf4j\slf4j-api\2.0.7\slf4j-api-2.0.7.jar;C:\Users\ZAIN UL ABDIN\AppData\Local\Coursier\cache\v1\https\repo1.maven.org\maven2\com\softwaremill\sttp\model\core_2.13\1.5.5\core_2.13-1.5.5.jar;C:\Users\ZAIN UL ABDIN\AppData\Local\Coursier\cache\v1\https\repo1.maven.org\maven2\com\softwaremill\sttp\shared\core_2.13\1.3.13\core_2.13-1.3.13.jar;C:\Users\ZAIN UL ABDIN\AppData\Local\Coursier\cache\v1\https\repo1.maven.org\maven2\com\softwaremill\sttp\shared\ws_2.13\1.3.13\ws_2.13-1.3.13.jar;C:\Users\ZAIN UL ABDIN\AppData\Local\Coursier\cache\v1\https\repo1.maven.org\maven2\org\ow2\asm\asm\9.5\asm-9.5.jar;C:\Users\ZAIN UL ABDIN\AppData\Local\Coursier\cache\v1\https\repo1.maven.org\maven2\io\github\alexarchambault\scala-cli\java-class-name_3\0.1.0\java-class-name_3-0.1.0.jar;C:\Users\ZAIN UL ABDIN\AppData\Local\Coursier\cache\v1\https\repo1.maven.org\maven2\org\scalameta\trees_2.13\4.8.7\trees_2.13-4.8.7.jar;C:\Users\ZAIN UL ABDIN\AppData\Local\Coursier\cache\v1\https\repo1.maven.org\maven2\org\scala-native\test-runner_3\0.4.14\test-runner_3-0.4.14.jar;C:\Users\ZAIN UL ABDIN\AppData\Local\Coursier\cache\v1\https\repo1.maven.org\maven2\com\lihaoyi\os-lib_3\0.9.1\os-lib_3-0.9.1.jar;C:\Users\ZAIN UL ABDIN\AppData\Local\Coursier\cache\v1\https\repo1.maven.org\maven2\com\lihaoyi\pprint_3\0.8.1\pprint_3-0.8.1.jar;C:\Users\ZAIN UL ABDIN\AppData\Local\Coursier\cache\v1\https\repo1.maven.org\maven2\org\scala-js\scalajs-env-nodejs_2.13\1.4.0\scalajs-env-nodejs_2.13-1.4.0.jar;C:\Users\ZAIN UL ABDIN\AppData\Local\Coursier\cache\v1\https\repo1.maven.org\maven2\org\scala-js\scalajs-sbt-test-adapter_2.13\1.13.2\scalajs-sbt-test-adapter_2.13-1.13.2.jar;C:\Users\ZAIN UL ABDIN\AppData\Local\Coursier\cache\v1\https\repo1.maven.org\maven2\com\swoval\file-tree-views\2.1.10\file-tree-views-2.1.10.jar;C:\Users\ZAIN UL ABDIN\AppData\Local\Coursier\cache\v1\https\repo1.maven.org\maven2\org\virtuslab\scala-cli\options_3\1.0.4\options_3-1.0.4.jar;C:\Users\ZAIN UL ABDIN\AppData\Local\Coursier\cache\v1\https\repo1.maven.org\maven2\org\virtuslab\scala-cli\directives_3\1.0.4\directives_3-1.0.4.jar;C:\Users\ZAIN UL ABDIN\AppData\Local\Coursier\cache\v1\https\repo1.maven.org\maven2\org\virtuslab\scala-cli\scala-cli-bsp\1.0.4\scala-cli-bsp-1.0.4.jar;C:\Users\ZAIN UL ABDIN\AppData\Local\Coursier\cache\v1\https\repo1.maven.org\maven2\org\virtuslab\scala-cli\test-runner_2.13\1.0.4\test-runner_2.13-1.0.4.jar;C:\Users\ZAIN UL ABDIN\AppData\Local\Coursier\cache\v1\https\repo1.maven.org\maven2\org\virtuslab\scala-cli\tasty-lib_3\1.0.4\tasty-lib_3-1.0.4.jar;C:\Users\ZAIN UL ABDIN\AppData\Local\Coursier\cache\v1\https\repo1.maven.org\maven2\org\codehaus\plexus\plexus-archiver\4.7.1\plexus-archiver-4.7.1.jar;C:\Users\ZAIN UL ABDIN\AppData\Local\Coursier\cache\v1\https\repo1.maven.org\maven2\org\codehaus\plexus\plexus-container-default\2.1.1\plexus-container-default-2.1.1.jar;C:\Users\ZAIN UL ABDIN\AppData\Local\Coursier\cache\v1\https\repo1.maven.org\maven2\io\github\alexarchambault\windows-ansi\windows-ansi\0.0.5\windows-ansi-0.0.5.jar;C:\Users\ZAIN UL ABDIN\AppData\Local\Coursier\cache\v1\https\repo1.maven.org\maven2\io\get-coursier\coursier-util_2.13\2.1.5\coursier-util_2.13-2.1.5.jar;C:\Users\ZAIN UL ABDIN\AppData\Local\Coursier\cache\v1\https\repo1.maven.org\maven2\io\github\alexarchambault\concurrent-reference-hash-map\1.1.0\concurrent-reference-hash-map-1.1.0.jar;C:\Users\ZAIN UL ABDIN\AppData\Local\Coursier\cache\v1\https\repo1.maven.org\maven2\org\scala-lang\modules\scala-xml_2.13\2.1.0\scala-xml_2.13-2.1.0.jar;C:\Users\ZAIN UL ABDIN\AppData\Local\Coursier\cache\v1\https\repo1.maven.org\maven2\com\google\guava\failureaccess\1.0.1\failureaccess-1.0.1.jar;C:\Users\ZAIN UL ABDIN\AppData\Local\Coursier\cache\v1\https\repo1.maven.org\maven2\com\google\guava\listenablefuture\9999.0-empty-to-avoid-conflict-with-guava\listenablefuture-9999.0-empty-to-avoid-conflict-with-guava.jar;C:\Users\ZAIN UL ABDIN\AppData\Local\Coursier\cache\v1\https\repo1.maven.org\maven2\com\google\code\findbugs\jsr305\3.0.2\jsr305-3.0.2.jar;C:\Users\ZAIN UL ABDIN\AppData\Local\Coursier\cache\v1\https\repo1.maven.org\maven2\org\checkerframework\checker-qual\3.33.0\checker-qual-3.33.0.jar;C:\Users\ZAIN UL ABDIN\AppData\Local\Coursier\cache\v1\https\repo1.maven.org\maven2\com\google\errorprone\error_prone_annotations\2.18.0\error_prone_annotations-2.18.0.jar;C:\Users\ZAIN UL ABDIN\AppData\Local\Coursier\cache\v1\https\repo1.maven.org\maven2\com\google\j2objc\j2objc-annotations\2.8\j2objc-annotations-2.8.jar;C:\Users\ZAIN UL ABDIN\AppData\Local\Coursier\cache\v1\https\repo1.maven.org\maven2\com\geirsson\metaconfig-pprint_3\0.11.1\metaconfig-pprint_3-0.11.1.jar;C:\Users\ZAIN UL ABDIN\AppData\Local\Coursier\cache\v1\https\repo1.maven.org\maven2\org\typelevel\paiges-core_3\0.4.2\paiges-core_3-0.4.2.jar;C:\Users\ZAIN UL ABDIN\AppData\Local\Coursier\cache\v1\https\repo1.maven.org\maven2\org\scala-lang\scala-reflect\2.13.8\scala-reflect-2.13.8.jar;C:\Users\ZAIN UL ABDIN\AppData\Local\Coursier\cache\v1\https\repo1.maven.org\maven2\com\google\cloud\tools\jib-build-plan\0.4.0\jib-build-plan-0.4.0.jar;C:\Users\ZAIN UL ABDIN\AppData\Local\Coursier\cache\v1\https\repo1.maven.org\maven2\com\google\http-client\google-http-client\1.34.0\google-http-client-1.34.0.jar;C:\Users\ZAIN UL ABDIN\AppData\Local\Coursier\cache\v1\https\repo1.maven.org\maven2\com\google\http-client\google-http-client-apache-v2\1.34.0\google-http-client-apache-v2-1.34.0.jar;C:\Users\ZAIN UL ABDIN\AppData\Local\Coursier\cache\v1\https\repo1.maven.org\maven2\com\google\auth\google-auth-library-oauth2-http\0.18.0\google-auth-library-oauth2-http-0.18.0.jar;C:\Users\ZAIN UL ABDIN\AppData\Local\Coursier\cache\v1\https\repo1.maven.org\maven2\org\apache\commons\commons-compress\1.23.0\commons-compress-1.23.0.jar;C:\Users\ZAIN UL ABDIN\AppData\Local\Coursier\cache\v1\https\repo1.maven.org\maven2\com\fasterxml\jackson\core\jackson-databind\2.13.3\jackson-databind-2.13.3.jar;C:\Users\ZAIN UL ABDIN\AppData\Local\Coursier\cache\v1\https\repo1.maven.org\maven2\com\fasterxml\jackson\datatype\jackson-datatype-jsr310\2.13.3\jackson-datatype-jsr310-2.13.3.jar;C:\Users\ZAIN UL ABDIN\AppData\Local\Coursier\cache\v1\https\repo1.maven.org\maven2\com\lihaoyi\geny_2.13\0.7.1\geny_2.13-0.7.1.jar;C:\Users\ZAIN UL ABDIN\AppData\Local\Coursier\cache\v1\https\repo1.maven.org\maven2\org\bouncycastle\bcprov-jdk18on\1.73\bcprov-jdk18on-1.73.jar;C:\Users\ZAIN UL ABDIN\AppData\Local\Coursier\cache\v1\https\repo1.maven.org\maven2\org\scala-lang\scala3-compiler_3\3.1.2\scala3-compiler_3-3.1.2.jar;C:\Users\ZAIN UL ABDIN\AppData\Local\Coursier\cache\v1\https\repo1.maven.org\maven2\org\scalameta\common_2.13\4.8.7\common_2.13-4.8.7.jar;C:\Users\ZAIN UL ABDIN\AppData\Local\Coursier\cache\v1\https\repo1.maven.org\maven2\org\scala-native\tools_3\0.4.14\tools_3-0.4.14.jar;C:\Users\ZAIN UL ABDIN\AppData\Local\Coursier\cache\v1\https\repo1.maven.org\maven2\org\scala-sbt\test-interface\1.0\test-interface-1.0.jar;C:\Users\ZAIN UL ABDIN\AppData\Local\Coursier\cache\v1\https\repo1.maven.org\maven2\com\novocode\junit-interface\0.11\junit-interface-0.11.jar;C:\Users\ZAIN UL ABDIN\AppData\Local\Coursier\cache\v1\https\repo1.maven.org\maven2\junit\junit\4.13.2\junit-4.13.2.jar;C:\Users\ZAIN UL ABDIN\AppData\Local\Coursier\cache\v1\https\repo1.maven.org\maven2\com\lihaoyi\geny_3\1.0.0\geny_3-1.0.0.jar;C:\Users\ZAIN UL ABDIN\AppData\Local\Coursier\cache\v1\https\repo1.maven.org\maven2\com\lihaoyi\fansi_3\0.4.0\fansi_3-0.4.0.jar;C:\Users\ZAIN UL ABDIN\AppData\Local\Coursier\cache\v1\https\repo1.maven.org\maven2\org\scala-js\scalajs-js-envs_2.13\1.4.0\scalajs-js-envs_2.13-1.4.0.jar;C:\Users\ZAIN UL ABDIN\AppData\Local\Coursier\cache\v1\https\repo1.maven.org\maven2\ch\epfl\scala\bloop-config_2.13\1.5.5\bloop-config_2.13-1.5.5.jar;C:\Users\ZAIN UL ABDIN\AppData\Local\Coursier\cache\v1\https\repo1.maven.org\maven2\org\virtuslab\scala-cli\core_3\1.0.4\core_3-1.0.4.jar;C:\Users\ZAIN UL ABDIN\AppData\Local\Coursier\cache\v1\https\repo1.maven.org\maven2\org\virtuslab\using_directives\1.1.0\using_directives-1.1.0.jar;C:\Users\ZAIN UL ABDIN\AppData\Local\Coursier\cache\v1\https\repo1.maven.org\maven2\org\virtuslab\scala-cli\build-macros_3\1.0.4\build-macros_3-1.0.4.jar;C:\Users\ZAIN UL ABDIN\AppData\Local\Coursier\cache\v1\https\repo1.maven.org\maven2\ch\epfl\scala\bsp4j\2.1.0-M5\bsp4j-2.1.0-M5.jar;C:\Users\ZAIN UL ABDIN\AppData\Local\Coursier\cache\v1\https\repo1.maven.org\maven2\javax\inject\javax.inject\1\javax.inject-1.jar;C:\Users\ZAIN UL ABDIN\AppData\Local\Coursier\cache\v1\https\repo1.maven.org\maven2\org\codehaus\plexus\plexus-utils\3.5.1\plexus-utils-3.5.1.jar;C:\Users\ZAIN UL ABDIN\AppData\Local\Coursier\cache\v1\https\repo1.maven.org\maven2\org\codehaus\plexus\plexus-io\3.4.1\plexus-io-3.4.1.jar;C:\Users\ZAIN UL ABDIN\AppData\Local\Coursier\cache\v1\https\repo1.maven.org\maven2\org\iq80\snappy\snappy\0.4\snappy-0.4.jar;C:\Users\ZAIN UL ABDIN\AppData\Local\Coursier\cache\v1\https\repo1.maven.org\maven2\org\tukaani\xz\1.9\xz-1.9.jar;C:\Users\ZAIN UL ABDIN\AppData\Local\Coursier\cache\v1\https\repo1.maven.org\maven2\com\github\luben\zstd-jni\1.5.5-2\zstd-jni-1.5.5-2.jar;C:\Users\ZAIN UL ABDIN\AppData\Local\Coursier\cache\v1\https\repo1.maven.org\maven2\org\codehaus\plexus\plexus-classworlds\2.6.0\plexus-classworlds-2.6.0.jar;C:\Users\ZAIN UL ABDIN\AppData\Local\Coursier\cache\v1\https\repo1.maven.org\maven2\org\apache\xbean\xbean-reflect\3.7\xbean-reflect-3.7.jar;C:\Users\ZAIN UL ABDIN\AppData\Local\Coursier\cache\v1\https\repo1.maven.org\maven2\org\fusesource\jansi\jansi\1.18\jansi-1.18.jar;C:\Users\ZAIN UL ABDIN\AppData\Local\Coursier\cache\v1\https\repo1.maven.org\maven2\org\apache\httpcomponents\httpclient\4.5.10\httpclient-4.5.10.jar;C:\Users\ZAIN UL ABDIN\AppData\Local\Coursier\cache\v1\https\repo1.maven.org\maven2\org\apache\httpcomponents\httpcore\4.4.12\httpcore-4.4.12.jar;C:\Users\ZAIN UL ABDIN\AppData\Local\Coursier\cache\v1\https\repo1.maven.org\maven2\io\opencensus\opencensus-api\0.24.0\opencensus-api-0.24.0.jar;C:\Users\ZAIN UL ABDIN\AppData\Local\Coursier\cache\v1\https\repo1.maven.org\maven2\io\opencensus\opencensus-contrib-http-util\0.24.0\opencensus-contrib-http-util-0.24.0.jar;C:\Users\ZAIN UL ABDIN\AppData\Local\Coursier\cache\v1\https\repo1.maven.org\maven2\com\google\auto\value\auto-value-annotations\1.6.6\auto-value-annotations-1.6.6.jar;C:\Users\ZAIN UL ABDIN\AppData\Local\Coursier\cache\v1\https\repo1.maven.org\maven2\com\google\auth\google-auth-library-credentials\0.18.0\google-auth-library-credentials-0.18.0.jar;C:\Users\ZAIN UL ABDIN\AppData\Local\Coursier\cache\v1\https\repo1.maven.org\maven2\com\google\http-client\google-http-client-jackson2\1.32.1\google-http-client-jackson2-1.32.1.jar;C:\Users\ZAIN UL ABDIN\AppData\Local\Coursier\cache\v1\https\repo1.maven.org\maven2\com\fasterxml\jackson\core\jackson-annotations\2.13.3\jackson-annotations-2.13.3.jar;C:\Users\ZAIN UL ABDIN\AppData\Local\Coursier\cache\v1\https\repo1.maven.org\maven2\com\fasterxml\jackson\core\jackson-core\2.13.3\jackson-core-2.13.3.jar;C:\Users\ZAIN UL ABDIN\AppData\Local\Coursier\cache\v1\https\repo1.maven.org\maven2\org\scala-lang\scala3-interfaces\3.1.2\scala3-interfaces-3.1.2.jar;C:\Users\ZAIN UL ABDIN\AppData\Local\Coursier\cache\v1\https\repo1.maven.org\maven2\org\scala-lang\tasty-core_3\3.1.2\tasty-core_3-3.1.2.jar;C:\Users\ZAIN UL ABDIN\AppData\Local\Coursier\cache\v1\https\repo1.maven.org\maven2\org\scala-lang\modules\scala-asm\9.1.0-scala-1\scala-asm-9.1.0-scala-1.jar;C:\Users\ZAIN UL ABDIN\AppData\Local\Coursier\cache\v1\https\repo1.maven.org\maven2\org\scala-sbt\compiler-interface\1.3.5\compiler-interface-1.3.5.jar;C:\Users\ZAIN UL ABDIN\AppData\Local\Coursier\cache\v1\https\repo1.maven.org\maven2\org\jline\jline-reader\3.19.0\jline-reader-3.19.0.jar;C:\Users\ZAIN UL ABDIN\AppData\Local\Coursier\cache\v1\https\repo1.maven.org\maven2\org\jline\jline-terminal\3.19.0\jline-terminal-3.19.0.jar;C:\Users\ZAIN UL ABDIN\AppData\Local\Coursier\cache\v1\https\repo1.maven.org\maven2\org\jline\jline-terminal-jna\3.19.0\jline-terminal-jna-3.19.0.jar;C:\Users\ZAIN UL ABDIN\AppData\Local\Coursier\cache\v1\https\repo1.maven.org\maven2\com\lihaoyi\sourcecode_2.13\0.3.0\sourcecode_2.13-0.3.0.jar;C:\Users\ZAIN UL ABDIN\AppData\Local\Coursier\cache\v1\https\repo1.maven.org\maven2\com\thesamet\scalapb\scalapb-runtime_2.13\0.11.13\scalapb-runtime_2.13-0.11.13.jar;C:\Users\ZAIN UL ABDIN\AppData\Local\Coursier\cache\v1\https\repo1.maven.org\maven2\org\scala-native\nir_3\0.4.14\nir_3-0.4.14.jar;C:\Users\ZAIN UL ABDIN\AppData\Local\Coursier\cache\v1\https\repo1.maven.org\maven2\org\scala-native\util_3\0.4.14\util_3-0.4.14.jar;C:\Users\ZAIN UL ABDIN\AppData\Local\Coursier\cache\v1\https\repo1.maven.org\maven2\org\scala-lang\modules\scala-parallel-collections_3\1.0.3\scala-parallel-collections_3-1.0.3.jar;C:\Users\ZAIN UL ABDIN\AppData\Local\Coursier\cache\v1\https\repo1.maven.org\maven2\org\hamcrest\hamcrest-core\1.3\hamcrest-core-1.3.jar;C:\Users\ZAIN UL ABDIN\AppData\Local\Coursier\cache\v1\https\repo1.maven.org\maven2\org\scala-js\scalajs-logging_2.13\1.1.1\scalajs-logging_2.13-1.1.1.jar;C:\Users\ZAIN UL ABDIN\AppData\Local\Coursier\cache\v1\https\repo1.maven.org\maven2\io\github\alexarchambault\bleep\bloop-rifle_2.13\1.5.9-sc-1\bloop-rifle_2.13-1.5.9-sc-1.jar;C:\Users\ZAIN UL ABDIN\AppData\Local\Coursier\cache\v1\https\repo1.maven.org\maven2\io\get-coursier\coursier-jvm_2.13\2.1.5\coursier-jvm_2.13-2.1.5.jar;C:\Users\ZAIN UL ABDIN\AppData\Local\Coursier\cache\v1\https\repo1.maven.org\maven2\io\get-coursier\dependency_3\0.2.3\dependency_3-0.2.3.jar;C:\Users\ZAIN UL ABDIN\AppData\Local\Coursier\cache\v1\https\repo1.maven.org\maven2\org\eclipse\jgit\org.eclipse.jgit\6.6.0.202305301015-r\org.eclipse.jgit-6.6.0.202305301015-r.jar;C:\Users\ZAIN UL ABDIN\AppData\Local\Coursier\cache\v1\https\repo1.maven.org\maven2\org\scala-js\scalajs-env-jsdom-nodejs_2.13\1.1.0\scalajs-env-jsdom-nodejs_2.13-1.1.0.jar;C:\Users\ZAIN UL ABDIN\AppData\Local\Coursier\cache\v1\https\repo1.maven.org\maven2\org\eclipse\lsp4j\org.eclipse.lsp4j.generator\0.20.1\org.eclipse.lsp4j.generator-0.20.1.jar;C:\Users\ZAIN UL ABDIN\AppData\Local\Coursier\cache\v1\https\repo1.maven.org\maven2\org\eclipse\lsp4j\org.eclipse.lsp4j.jsonrpc\0.20.1\org.eclipse.lsp4j.jsonrpc-0.20.1.jar;C:\Users\ZAIN UL ABDIN\AppData\Local\Coursier\cache\v1\https\repo1.maven.org\maven2\commons-logging\commons-logging\1.2\commons-logging-1.2.jar;C:\Users\ZAIN UL ABDIN\AppData\Local\Coursier\cache\v1\https\repo1.maven.org\maven2\commons-codec\commons-codec\1.11\commons-codec-1.11.jar;C:\Users\ZAIN UL ABDIN\AppData\Local\Coursier\cache\v1\https\repo1.maven.org\maven2\io\grpc\grpc-context\1.22.1\grpc-context-1.22.1.jar;C:\Users\ZAIN UL ABDIN\AppData\Local\Coursier\cache\v1\https\repo1.maven.org\maven2\com\google\protobuf\protobuf-java\3.19.6\protobuf-java-3.19.6.jar;C:\Users\ZAIN UL ABDIN\AppData\Local\Coursier\cache\v1\https\repo1.maven.org\maven2\org\scala-sbt\util-interface\1.3.0\util-interface-1.3.0.jar;C:\Users\ZAIN UL ABDIN\AppData\Local\Coursier\cache\v1\https\repo1.maven.org\maven2\com\thesamet\scalapb\lenses_2.13\0.11.13\lenses_2.13-0.11.13.jar;C:\Users\ZAIN UL ABDIN\AppData\Local\Coursier\cache\v1\https\repo1.maven.org\maven2\io\github\alexarchambault\libdaemon\libdaemon_2.13\0.0.11\libdaemon_2.13-0.0.11.jar;C:\Users\ZAIN UL ABDIN\AppData\Local\Coursier\cache\v1\https\repo1.maven.org\maven2\io\github\alexarchambault\scala-cli\snailgun\snailgun-core_2.13\0.4.1-sc2\snailgun-core_2.13-0.4.1-sc2.jar;C:\Users\ZAIN UL ABDIN\AppData\Local\Coursier\cache\v1\https\repo1.maven.org\maven2\com\github\alexarchambault\argonaut-shapeless_6.3_2.13\1.3.1\argonaut-shapeless_6.3_2.13-1.3.1.jar;C:\Users\ZAIN UL ABDIN\AppData\Local\Coursier\cache\v1\https\repo1.maven.org\maven2\io\get-coursier\coursier_2.13\2.1.5\coursier_2.13-2.1.5.jar;C:\Users\ZAIN UL ABDIN\AppData\Local\Coursier\cache\v1\https\repo1.maven.org\maven2\io\get-coursier\coursier-env_2.13\2.1.5\coursier-env_2.13-2.1.5.jar;C:\Users\ZAIN UL ABDIN\AppData\Local\Coursier\cache\v1\https\repo1.maven.org\maven2\com\googlecode\javaewah\JavaEWAH\1.2.3\JavaEWAH-1.2.3.jar;C:\Users\ZAIN UL ABDIN\AppData\Local\Coursier\cache\v1\https\repo1.maven.org\maven2\org\eclipse\xtend\org.eclipse.xtend.lib\2.28.0\org.eclipse.xtend.lib-2.28.0.jar;C:\Users\ZAIN UL ABDIN\AppData\Local\Coursier\cache\v1\https\repo1.maven.org\maven2\com\google\code\gson\gson\2.10.1\gson-2.10.1.jar;C:\Users\ZAIN UL ABDIN\AppData\Local\Coursier\cache\v1\https\repo1.maven.org\maven2\io\argonaut\argonaut_2.13\6.3.8\argonaut_2.13-6.3.8.jar;C:\Users\ZAIN UL ABDIN\AppData\Local\Coursier\cache\v1\https\repo1.maven.org\maven2\com\chuusai\shapeless_2.13\2.3.9\shapeless_2.13-2.3.9.jar;C:\Users\ZAIN UL ABDIN\AppData\Local\Coursier\cache\v1\https\repo1.maven.org\maven2\org\eclipse\xtext\org.eclipse.xtext.xbase.lib\2.28.0\org.eclipse.xtext.xbase.lib-2.28.0.jar;C:\Users\ZAIN UL ABDIN\AppData\Local\Coursier\cache\v1\https\repo1.maven.org\maven2\org\eclipse\xtend\org.eclipse.xtend.lib.macro\2.28.0\org.eclipse.xtend.lib.macro-2.28.0.jar, scala.cli.ScalaCli, bsp, C:\Users\ZAIN UL ABDIN\Documents\scala_learnings\first_class)
2023.09.04 12:03:01 INFO  tracing is disabled for protocol BSP, to enable tracing of incoming and outgoing JSON messages create an empty file at C:\Users\ZAIN UL ABDIN\Documents\scala_learnings\first_class\.metals\bsp.trace.json or C:\Users\ZAIN UL ABDIN\AppData\Local\scalameta\metals\cache\bsp.trace.json
2023.09.04 12:03:07 INFO  BSP server: Starting compilation server
2023.09.04 12:03:10 INFO  BSP server: Downloading https://repo1.maven.org/maven2/org/typelevel/cats-kernel_2.12/2.1.1/cats-kernel_2.12-2.1.1.jar
2023.09.04 12:03:10 INFO  BSP server: Downloading https://repo1.maven.org/maven2/org/apache/logging/log4j/log4j-core/2.20.0/log4j-core-2.20.0.jar
2023.09.04 12:03:10 INFO  BSP server: Downloading https://repo1.maven.org/maven2/io/github/alexarchambault/bleep/bloop-frontend_2.12/1.5.9-sc-1/bloop-frontend_2.12-1.5.9-sc-1.jar
2023.09.04 12:03:10 INFO  BSP server: Downloading https://repo1.maven.org/maven2/org/typelevel/cats-core_2.12/2.1.1/cats-core_2.12-2.1.1.jar
2023.09.04 12:03:10 INFO  BSP server: Downloading https://repo1.maven.org/maven2/com/outr/moduload_2.12/1.1.5/moduload_2.12-1.1.5.jar
2023.09.04 12:03:10 INFO  BSP server: Downloading https://repo1.maven.org/maven2/ch/epfl/scala/com-microsoft-java-debug-core/0.34.0+19/com-microsoft-java-debug-core-0.34.0+19.jar
2023.09.04 12:03:12 INFO  BSP server: Downloaded https://repo1.maven.org/maven2/com/outr/moduload_2.12/1.1.5/moduload_2.12-1.1.5.jar
2023.09.04 12:03:12 INFO  BSP server: Downloading https://repo1.maven.org/maven2/ch/qos/logback/logback-core/1.4.6/logback-core-1.4.6.jar
2023.09.04 12:03:18 INFO  BSP server: Still downloading:
2023.09.04 12:03:18 INFO  BSP server: https://repo1.maven.org/maven2/ch/epfl/scala/com-microsoft-java-debug-core/0.34.0+19/com-microsoft-java-debug-core-0.34.0+19.jar (97.62 %, 294912 / 302104)
2023.09.04 12:03:18 INFO  BSP server: https://repo1.maven.org/maven2/io/github/alexarchambault/bleep/bloop-frontend_2.12/1.5.9-sc-1/bloop-frontend_2.12-1.5.9-sc-1.jar (87.31 %, 1341483 / 1536412)
2023.09.04 12:03:18 INFO  BSP server: https://repo1.maven.org/maven2/org/typelevel/cats-core_2.12/2.1.1/cats-core_2.12-2.1.1.jar (40.06 %, 1930042 / 4818064)
2023.09.04 12:03:18 INFO  BSP server: https://repo1.maven.org/maven2/org/typelevel/cats-kernel_2.12/2.1.1/cats-kernel_2.12-2.1.1.jar (26.50 %, 885191 / 3340031)
2023.09.04 12:03:18 INFO  BSP server: https://repo1.maven.org/maven2/ch/qos/logback/logback-core/1.4.6/logback-core-1.4.6.jar (16.85 %, 98304 / 583389)
2023.09.04 12:03:18 INFO  BSP server: https://repo1.maven.org/maven2/org/apache/logging/log4j/log4j-core/2.20.0/log4j-core-2.20.0.jar (14.19 %, 262144 / 1847550)
2023.09.04 12:03:18 INFO  BSP server: 
2023.09.04 12:03:18 INFO  BSP server: Downloaded https://repo1.maven.org/maven2/ch/epfl/scala/com-microsoft-java-debug-core/0.34.0+19/com-microsoft-java-debug-core-0.34.0+19.jar
2023.09.04 12:03:18 INFO  BSP server: Downloading https://repo1.maven.org/maven2/org/slf4j/slf4j-api/2.0.6/slf4j-api-2.0.6.jar
2023.09.04 12:03:19 INFO  BSP server: Downloaded https://repo1.maven.org/maven2/org/slf4j/slf4j-api/2.0.6/slf4j-api-2.0.6.jar
2023.09.04 12:03:19 INFO  BSP server: Downloading https://repo1.maven.org/maven2/me/vican/jorge/jsonrpc4s_2.12/0.1.0/jsonrpc4s_2.12-0.1.0.jar
2023.09.04 12:03:19 INFO  BSP server: Downloaded https://repo1.maven.org/maven2/me/vican/jorge/jsonrpc4s_2.12/0.1.0/jsonrpc4s_2.12-0.1.0.jar
2023.09.04 12:03:19 INFO  BSP server: Downloading https://repo1.maven.org/maven2/com/lihaoyi/sourcecode_2.12/0.3.0/sourcecode_2.12-0.3.0.jar
2023.09.04 12:03:20 INFO  BSP server: Downloaded https://repo1.maven.org/maven2/com/lihaoyi/sourcecode_2.12/0.3.0/sourcecode_2.12-0.3.0.jar
2023.09.04 12:03:20 INFO  BSP server: Downloading https://repo1.maven.org/maven2/org/typelevel/cats-effect_2.12/2.1.3/cats-effect_2.12-2.1.3.jar
2023.09.04 12:03:20 INFO  BSP server: Downloaded https://repo1.maven.org/maven2/io/github/alexarchambault/bleep/bloop-frontend_2.12/1.5.9-sc-1/bloop-frontend_2.12-1.5.9-sc-1.jar
2023.09.04 12:03:20 INFO  BSP server: Downloading https://repo1.maven.org/maven2/io/monix/implicitbox_2.12/0.2.0/implicitbox_2.12-0.2.0.jar
2023.09.04 12:03:21 ERROR Timeout waiting for 'build/initialize' response
2023.09.04 12:03:21 WARN  Retrying connection to the build server scala-cli
2023.09.04 12:03:21 INFO  Running BSP server List(C:\Users\ZAIN UL ABDIN\AppData\Local\Programs\Eclipse Adoptium\jdk-17.0.8.7-hotspot\bin\java.exe, -cp, C:\Users\ZAIN UL ABDIN\AppData\Local\Coursier\cache\v1\https\repo1.maven.org\maven2\org\virtuslab\scala-cli\cli_3\1.0.4\cli_3-1.0.4.jar;C:\Users\ZAIN UL ABDIN\AppData\Local\Coursier\cache\v1\https\repo1.maven.org\maven2\com\github\alexarchambault\case-app_3\2.1.0-M25\case-app_3-2.1.0-M25.jar;C:\Users\ZAIN UL ABDIN\AppData\Local\Coursier\cache\v1\https\repo1.maven.org\maven2\io\get-coursier\coursier-launcher_2.13\2.1.5\coursier-launcher_2.13-2.1.5.jar;C:\Users\ZAIN UL ABDIN\AppData\Local\Coursier\cache\v1\https\repo1.maven.org\maven2\io\get-coursier\coursier-proxy-setup\2.1.5\coursier-proxy-setup-2.1.5.jar;C:\Users\ZAIN UL ABDIN\AppData\Local\Coursier\cache\v1\https\repo1.maven.org\maven2\io\get-coursier\publish\publish_2.13\0.1.4\publish_2.13-0.1.4.jar;C:\Users\ZAIN UL ABDIN\AppData\Local\Coursier\cache\v1\https\repo1.maven.org\maven2\com\google\jimfs\jimfs\1.3.0\jimfs-1.3.0.jar;C:\Users\ZAIN UL ABDIN\AppData\Local\Coursier\cache\v1\https\repo1.maven.org\maven2\io\get-coursier\jniutils\windows-jni-utils\0.3.3\windows-jni-utils-0.3.3.jar;C:\Users\ZAIN UL ABDIN\AppData\Local\Coursier\cache\v1\https\repo1.maven.org\maven2\com\github\plokhotnyuk\jsoniter-scala\jsoniter-scala-core_3\2.13.5.2\jsoniter-scala-core_3-2.13.5.2.jar;C:\Users\ZAIN UL ABDIN\AppData\Local\Coursier\cache\v1\https\repo1.maven.org\maven2\org\virtuslab\scala-cli\libsodiumjni\0.0.3\libsodiumjni-0.0.3.jar;C:\Users\ZAIN UL ABDIN\AppData\Local\Coursier\cache\v1\https\repo1.maven.org\maven2\com\geirsson\metaconfig-typesafe-config_3\0.11.1\metaconfig-typesafe-config_3-0.11.1.jar;C:\Users\ZAIN UL ABDIN\AppData\Local\Coursier\cache\v1\https\repo1.maven.org\maven2\ai\kien\python-native-libs_3\0.2.4\python-native-libs_3-0.2.4.jar;C:\Users\ZAIN UL ABDIN\AppData\Local\Coursier\cache\v1\https\repo1.maven.org\maven2\org\virtuslab\scala-packager_2.13\0.1.29\scala-packager_2.13-0.1.29.jar;C:\Users\ZAIN UL ABDIN\AppData\Local\Coursier\cache\v1\https\repo1.maven.org\maven2\org\virtuslab\scala-cli-signing\cli_3\0.2.2\cli_3-0.2.2.jar;C:\Users\ZAIN UL ABDIN\AppData\Local\Coursier\cache\v1\https\repo1.maven.org\maven2\org\slf4j\slf4j-nop\2.0.7\slf4j-nop-2.0.7.jar;C:\Users\ZAIN UL ABDIN\AppData\Local\Coursier\cache\v1\https\repo1.maven.org\maven2\com\softwaremill\sttp\client3\core_2.13\3.8.16\core_2.13-3.8.16.jar;C:\Users\ZAIN UL ABDIN\AppData\Local\Coursier\cache\v1\https\repo1.maven.org\maven2\org\scala-lang\scala3-library_3\3.3.0\scala3-library_3-3.3.0.jar;C:\Users\ZAIN UL ABDIN\AppData\Local\Coursier\cache\v1\https\repo1.maven.org\maven2\org\virtuslab\scala-cli\build-module_3\1.0.4\build-module_3-1.0.4.jar;C:\Users\ZAIN UL ABDIN\AppData\Local\Coursier\cache\v1\https\repo1.maven.org\maven2\org\virtuslab\scala-cli\config_3\1.0.4\config_3-1.0.4.jar;C:\Users\ZAIN UL ABDIN\AppData\Local\Coursier\cache\v1\https\repo1.maven.org\maven2\org\virtuslab\scala-cli\scala3-graal_3\1.0.4\scala3-graal_3-1.0.4.jar;C:\Users\ZAIN UL ABDIN\AppData\Local\Coursier\cache\v1\https\repo1.maven.org\maven2\org\virtuslab\scala-cli\specification-level_3\1.0.4\specification-level_3-1.0.4.jar;C:\Users\ZAIN UL ABDIN\AppData\Local\Coursier\cache\v1\https\repo1.maven.org\maven2\com\github\alexarchambault\case-app-annotations_3\2.1.0-M25\case-app-annotations_3-2.1.0-M25.jar;C:\Users\ZAIN UL ABDIN\AppData\Local\Coursier\cache\v1\https\repo1.maven.org\maven2\com\github\alexarchambault\case-app-util_3\2.1.0-M25\case-app-util_3-2.1.0-M25.jar;C:\Users\ZAIN UL ABDIN\AppData\Local\Coursier\cache\v1\https\repo1.maven.org\maven2\com\lihaoyi\sourcecode_3\0.3.0\sourcecode_3-0.3.0.jar;C:\Users\ZAIN UL ABDIN\AppData\Local\Coursier\cache\v1\https\repo1.maven.org\maven2\org\scala-lang\modules\scala-collection-compat_2.13\2.11.0\scala-collection-compat_2.13-2.11.0.jar;C:\Users\ZAIN UL ABDIN\AppData\Local\Coursier\cache\v1\https\repo1.maven.org\maven2\io\github\alexarchambault\scala-cli\tmp\zip-input-stream\0.1.1\zip-input-stream-0.1.1.jar;C:\Users\ZAIN UL ABDIN\AppData\Local\Coursier\cache\v1\https\repo1.maven.org\maven2\ai\kien\python-native-libs_2.13\0.2.4\python-native-libs_2.13-0.2.4.jar;C:\Users\ZAIN UL ABDIN\AppData\Local\Coursier\cache\v1\https\repo1.maven.org\maven2\org\scala-lang\scala-library\2.13.11\scala-library-2.13.11.jar;C:\Users\ZAIN UL ABDIN\AppData\Local\Coursier\cache\v1\https\repo1.maven.org\maven2\io\get-coursier\coursier-cache_2.13\2.1.5\coursier-cache_2.13-2.1.5.jar;C:\Users\ZAIN UL ABDIN\AppData\Local\Coursier\cache\v1\https\repo1.maven.org\maven2\io\get-coursier\coursier-core_2.13\2.1.5\coursier-core_2.13-2.1.5.jar;C:\Users\ZAIN UL ABDIN\AppData\Local\Coursier\cache\v1\https\repo1.maven.org\maven2\com\github\plokhotnyuk\jsoniter-scala\jsoniter-scala-core_2.13\2.13.15\jsoniter-scala-core_2.13-2.13.15.jar;C:\Users\ZAIN UL ABDIN\AppData\Local\Coursier\cache\v1\https\repo1.maven.org\maven2\com\google\guava\guava\32.1.2-jre\guava-32.1.2-jre.jar;C:\Users\ZAIN UL ABDIN\AppData\Local\Coursier\cache\v1\https\repo1.maven.org\maven2\net\java\dev\jna\jna\5.12.1\jna-5.12.1.jar;C:\Users\ZAIN UL ABDIN\AppData\Local\Coursier\cache\v1\https\repo1.maven.org\maven2\net\java\dev\jna\jna-platform\5.12.1\jna-platform-5.12.1.jar;C:\Users\ZAIN UL ABDIN\AppData\Local\Coursier\cache\v1\https\repo1.maven.org\maven2\com\geirsson\metaconfig-core_3\0.11.1\metaconfig-core_3-0.11.1.jar;C:\Users\ZAIN UL ABDIN\AppData\Local\Coursier\cache\v1\https\repo1.maven.org\maven2\com\typesafe\config\1.4.1\config-1.4.1.jar;C:\Users\ZAIN UL ABDIN\AppData\Local\Coursier\cache\v1\https\repo1.maven.org\maven2\org\scala-lang\modules\scala-collection-compat_3\2.11.0\scala-collection-compat_3-2.11.0.jar;C:\Users\ZAIN UL ABDIN\AppData\Local\Coursier\cache\v1\https\repo1.maven.org\maven2\commons-io\commons-io\2.11.0\commons-io-2.11.0.jar;C:\Users\ZAIN UL ABDIN\AppData\Local\Coursier\cache\v1\https\repo1.maven.org\maven2\com\google\cloud\tools\jib-core\0.22.0\jib-core-0.22.0.jar;C:\Users\ZAIN UL ABDIN\AppData\Local\Coursier\cache\v1\https\repo1.maven.org\maven2\com\lihaoyi\os-lib_2.13\0.8.1\os-lib_2.13-0.8.1.jar;C:\Users\ZAIN UL ABDIN\AppData\Local\Coursier\cache\v1\https\repo1.maven.org\maven2\org\bouncycastle\bcpg-jdk18on\1.73\bcpg-jdk18on-1.73.jar;C:\Users\ZAIN UL ABDIN\AppData\Local\Coursier\cache\v1\https\repo1.maven.org\maven2\org\virtuslab\scala-cli-signing\shared_3\0.2.2\shared_3-0.2.2.jar;C:\Users\ZAIN UL ABDIN\AppData\Local\Coursier\cache\v1\https\repo1.maven.org\maven2\org\slf4j\slf4j-api\2.0.7\slf4j-api-2.0.7.jar;C:\Users\ZAIN UL ABDIN\AppData\Local\Coursier\cache\v1\https\repo1.maven.org\maven2\com\softwaremill\sttp\model\core_2.13\1.5.5\core_2.13-1.5.5.jar;C:\Users\ZAIN UL ABDIN\AppData\Local\Coursier\cache\v1\https\repo1.maven.org\maven2\com\softwaremill\sttp\shared\core_2.13\1.3.13\core_2.13-1.3.13.jar;C:\Users\ZAIN UL ABDIN\AppData\Local\Coursier\cache\v1\https\repo1.maven.org\maven2\com\softwaremill\sttp\shared\ws_2.13\1.3.13\ws_2.13-1.3.13.jar;C:\Users\ZAIN UL ABDIN\AppData\Local\Coursier\cache\v1\https\repo1.maven.org\maven2\org\ow2\asm\asm\9.5\asm-9.5.jar;C:\Users\ZAIN UL ABDIN\AppData\Local\Coursier\cache\v1\https\repo1.maven.org\maven2\io\github\alexarchambault\scala-cli\java-class-name_3\0.1.0\java-class-name_3-0.1.0.jar;C:\Users\ZAIN UL ABDIN\AppData\Local\Coursier\cache\v1\https\repo1.maven.org\maven2\org\scalameta\trees_2.13\4.8.7\trees_2.13-4.8.7.jar;C:\Users\ZAIN UL ABDIN\AppData\Local\Coursier\cache\v1\https\repo1.maven.org\maven2\org\scala-native\test-runner_3\0.4.14\test-runner_3-0.4.14.jar;C:\Users\ZAIN UL ABDIN\AppData\Local\Coursier\cache\v1\https\repo1.maven.org\maven2\com\lihaoyi\os-lib_3\0.9.1\os-lib_3-0.9.1.jar;C:\Users\ZAIN UL ABDIN\AppData\Local\Coursier\cache\v1\https\repo1.maven.org\maven2\com\lihaoyi\pprint_3\0.8.1\pprint_3-0.8.1.jar;C:\Users\ZAIN UL ABDIN\AppData\Local\Coursier\cache\v1\https\repo1.maven.org\maven2\org\scala-js\scalajs-env-nodejs_2.13\1.4.0\scalajs-env-nodejs_2.13-1.4.0.jar;C:\Users\ZAIN UL ABDIN\AppData\Local\Coursier\cache\v1\https\repo1.maven.org\maven2\org\scala-js\scalajs-sbt-test-adapter_2.13\1.13.2\scalajs-sbt-test-adapter_2.13-1.13.2.jar;C:\Users\ZAIN UL ABDIN\AppData\Local\Coursier\cache\v1\https\repo1.maven.org\maven2\com\swoval\file-tree-views\2.1.10\file-tree-views-2.1.10.jar;C:\Users\ZAIN UL ABDIN\AppData\Local\Coursier\cache\v1\https\repo1.maven.org\maven2\org\virtuslab\scala-cli\options_3\1.0.4\options_3-1.0.4.jar;C:\Users\ZAIN UL ABDIN\AppData\Local\Coursier\cache\v1\https\repo1.maven.org\maven2\org\virtuslab\scala-cli\directives_3\1.0.4\directives_3-1.0.4.jar;C:\Users\ZAIN UL ABDIN\AppData\Local\Coursier\cache\v1\https\repo1.maven.org\maven2\org\virtuslab\scala-cli\scala-cli-bsp\1.0.4\scala-cli-bsp-1.0.4.jar;C:\Users\ZAIN UL ABDIN\AppData\Local\Coursier\cache\v1\https\repo1.maven.org\maven2\org\virtuslab\scala-cli\test-runner_2.13\1.0.4\test-runner_2.13-1.0.4.jar;C:\Users\ZAIN UL ABDIN\AppData\Local\Coursier\cache\v1\https\repo1.maven.org\maven2\org\virtuslab\scala-cli\tasty-lib_3\1.0.4\tasty-lib_3-1.0.4.jar;C:\Users\ZAIN UL ABDIN\AppData\Local\Coursier\cache\v1\https\repo1.maven.org\maven2\org\codehaus\plexus\plexus-archiver\4.7.1\plexus-archiver-4.7.1.jar;C:\Users\ZAIN UL ABDIN\AppData\Local\Coursier\cache\v1\https\repo1.maven.org\maven2\org\codehaus\plexus\plexus-container-default\2.1.1\plexus-container-default-2.1.1.jar;C:\Users\ZAIN UL ABDIN\AppData\Local\Coursier\cache\v1\https\repo1.maven.org\maven2\io\github\alexarchambault\windows-ansi\windows-ansi\0.0.5\windows-ansi-0.0.5.jar;C:\Users\ZAIN UL ABDIN\AppData\Local\Coursier\cache\v1\https\repo1.maven.org\maven2\io\get-coursier\coursier-util_2.13\2.1.5\coursier-util_2.13-2.1.5.jar;C:\Users\ZAIN UL ABDIN\AppData\Local\Coursier\cache\v1\https\repo1.maven.org\maven2\io\github\alexarchambault\concurrent-reference-hash-map\1.1.0\concurrent-reference-hash-map-1.1.0.jar;C:\Users\ZAIN UL ABDIN\AppData\Local\Coursier\cache\v1\https\repo1.maven.org\maven2\org\scala-lang\modules\scala-xml_2.13\2.1.0\scala-xml_2.13-2.1.0.jar;C:\Users\ZAIN UL ABDIN\AppData\Local\Coursier\cache\v1\https\repo1.maven.org\maven2\com\google\guava\failureaccess\1.0.1\failureaccess-1.0.1.jar;C:\Users\ZAIN UL ABDIN\AppData\Local\Coursier\cache\v1\https\repo1.maven.org\maven2\com\google\guava\listenablefuture\9999.0-empty-to-avoid-conflict-with-guava\listenablefuture-9999.0-empty-to-avoid-conflict-with-guava.jar;C:\Users\ZAIN UL ABDIN\AppData\Local\Coursier\cache\v1\https\repo1.maven.org\maven2\com\google\code\findbugs\jsr305\3.0.2\jsr305-3.0.2.jar;C:\Users\ZAIN UL ABDIN\AppData\Local\Coursier\cache\v1\https\repo1.maven.org\maven2\org\checkerframework\checker-qual\3.33.0\checker-qual-3.33.0.jar;C:\Users\ZAIN UL ABDIN\AppData\Local\Coursier\cache\v1\https\repo1.maven.org\maven2\com\google\errorprone\error_prone_annotations\2.18.0\error_prone_annotations-2.18.0.jar;C:\Users\ZAIN UL ABDIN\AppData\Local\Coursier\cache\v1\https\repo1.maven.org\maven2\com\google\j2objc\j2objc-annotations\2.8\j2objc-annotations-2.8.jar;C:\Users\ZAIN UL ABDIN\AppData\Local\Coursier\cache\v1\https\repo1.maven.org\maven2\com\geirsson\metaconfig-pprint_3\0.11.1\metaconfig-pprint_3-0.11.1.jar;C:\Users\ZAIN UL ABDIN\AppData\Local\Coursier\cache\v1\https\repo1.maven.org\maven2\org\typelevel\paiges-core_3\0.4.2\paiges-core_3-0.4.2.jar;C:\Users\ZAIN UL ABDIN\AppData\Local\Coursier\cache\v1\https\repo1.maven.org\maven2\org\scala-lang\scala-reflect\2.13.8\scala-reflect-2.13.8.jar;C:\Users\ZAIN UL ABDIN\AppData\Local\Coursier\cache\v1\https\repo1.maven.org\maven2\com\google\cloud\tools\jib-build-plan\0.4.0\jib-build-plan-0.4.0.jar;C:\Users\ZAIN UL ABDIN\AppData\Local\Coursier\cache\v1\https\repo1.maven.org\maven2\com\google\http-client\google-http-client\1.34.0\google-http-client-1.34.0.jar;C:\Users\ZAIN UL ABDIN\AppData\Local\Coursier\cache\v1\https\repo1.maven.org\maven2\com\google\http-client\google-http-client-apache-v2\1.34.0\google-http-client-apache-v2-1.34.0.jar;C:\Users\ZAIN UL ABDIN\AppData\Local\Coursier\cache\v1\https\repo1.maven.org\maven2\com\google\auth\google-auth-library-oauth2-http\0.18.0\google-auth-library-oauth2-http-0.18.0.jar;C:\Users\ZAIN UL ABDIN\AppData\Local\Coursier\cache\v1\https\repo1.maven.org\maven2\org\apache\commons\commons-compress\1.23.0\commons-compress-1.23.0.jar;C:\Users\ZAIN UL ABDIN\AppData\Local\Coursier\cache\v1\https\repo1.maven.org\maven2\com\fasterxml\jackson\core\jackson-databind\2.13.3\jackson-databind-2.13.3.jar;C:\Users\ZAIN UL ABDIN\AppData\Local\Coursier\cache\v1\https\repo1.maven.org\maven2\com\fasterxml\jackson\datatype\jackson-datatype-jsr310\2.13.3\jackson-datatype-jsr310-2.13.3.jar;C:\Users\ZAIN UL ABDIN\AppData\Local\Coursier\cache\v1\https\repo1.maven.org\maven2\com\lihaoyi\geny_2.13\0.7.1\geny_2.13-0.7.1.jar;C:\Users\ZAIN UL ABDIN\AppData\Local\Coursier\cache\v1\https\repo1.maven.org\maven2\org\bouncycastle\bcprov-jdk18on\1.73\bcprov-jdk18on-1.73.jar;C:\Users\ZAIN UL ABDIN\AppData\Local\Coursier\cache\v1\https\repo1.maven.org\maven2\org\scala-lang\scala3-compiler_3\3.1.2\scala3-compiler_3-3.1.2.jar;C:\Users\ZAIN UL ABDIN\AppData\Local\Coursier\cache\v1\https\repo1.maven.org\maven2\org\scalameta\common_2.13\4.8.7\common_2.13-4.8.7.jar;C:\Users\ZAIN UL ABDIN\AppData\Local\Coursier\cache\v1\https\repo1.maven.org\maven2\org\scala-native\tools_3\0.4.14\tools_3-0.4.14.jar;C:\Users\ZAIN UL ABDIN\AppData\Local\Coursier\cache\v1\https\repo1.maven.org\maven2\org\scala-sbt\test-interface\1.0\test-interface-1.0.jar;C:\Users\ZAIN UL ABDIN\AppData\Local\Coursier\cache\v1\https\repo1.maven.org\maven2\com\novocode\junit-interface\0.11\junit-interface-0.11.jar;C:\Users\ZAIN UL ABDIN\AppData\Local\Coursier\cache\v1\https\repo1.maven.org\maven2\junit\junit\4.13.2\junit-4.13.2.jar;C:\Users\ZAIN UL ABDIN\AppData\Local\Coursier\cache\v1\https\repo1.maven.org\maven2\com\lihaoyi\geny_3\1.0.0\geny_3-1.0.0.jar;C:\Users\ZAIN UL ABDIN\AppData\Local\Coursier\cache\v1\https\repo1.maven.org\maven2\com\lihaoyi\fansi_3\0.4.0\fansi_3-0.4.0.jar;C:\Users\ZAIN UL ABDIN\AppData\Local\Coursier\cache\v1\https\repo1.maven.org\maven2\org\scala-js\scalajs-js-envs_2.13\1.4.0\scalajs-js-envs_2.13-1.4.0.jar;C:\Users\ZAIN UL ABDIN\AppData\Local\Coursier\cache\v1\https\repo1.maven.org\maven2\ch\epfl\scala\bloop-config_2.13\1.5.5\bloop-config_2.13-1.5.5.jar;C:\Users\ZAIN UL ABDIN\AppData\Local\Coursier\cache\v1\https\repo1.maven.org\maven2\org\virtuslab\scala-cli\core_3\1.0.4\core_3-1.0.4.jar;C:\Users\ZAIN UL ABDIN\AppData\Local\Coursier\cache\v1\https\repo1.maven.org\maven2\org\virtuslab\using_directives\1.1.0\using_directives-1.1.0.jar;C:\Users\ZAIN UL ABDIN\AppData\Local\Coursier\cache\v1\https\repo1.maven.org\maven2\org\virtuslab\scala-cli\build-macros_3\1.0.4\build-macros_3-1.0.4.jar;C:\Users\ZAIN UL ABDIN\AppData\Local\Coursier\cache\v1\https\repo1.maven.org\maven2\ch\epfl\scala\bsp4j\2.1.0-M5\bsp4j-2.1.0-M5.jar;C:\Users\ZAIN UL ABDIN\AppData\Local\Coursier\cache\v1\https\repo1.maven.org\maven2\javax\inject\javax.inject\1\javax.inject-1.jar;C:\Users\ZAIN UL ABDIN\AppData\Local\Coursier\cache\v1\https\repo1.maven.org\maven2\org\codehaus\plexus\plexus-utils\3.5.1\plexus-utils-3.5.1.jar;C:\Users\ZAIN UL ABDIN\AppData\Local\Coursier\cache\v1\https\repo1.maven.org\maven2\org\codehaus\plexus\plexus-io\3.4.1\plexus-io-3.4.1.jar;C:\Users\ZAIN UL ABDIN\AppData\Local\Coursier\cache\v1\https\repo1.maven.org\maven2\org\iq80\snappy\snappy\0.4\snappy-0.4.jar;C:\Users\ZAIN UL ABDIN\AppData\Local\Coursier\cache\v1\https\repo1.maven.org\maven2\org\tukaani\xz\1.9\xz-1.9.jar;C:\Users\ZAIN UL ABDIN\AppData\Local\Coursier\cache\v1\https\repo1.maven.org\maven2\com\github\luben\zstd-jni\1.5.5-2\zstd-jni-1.5.5-2.jar;C:\Users\ZAIN UL ABDIN\AppData\Local\Coursier\cache\v1\https\repo1.maven.org\maven2\org\codehaus\plexus\plexus-classworlds\2.6.0\plexus-classworlds-2.6.0.jar;C:\Users\ZAIN UL ABDIN\AppData\Local\Coursier\cache\v1\https\repo1.maven.org\maven2\org\apache\xbean\xbean-reflect\3.7\xbean-reflect-3.7.jar;C:\Users\ZAIN UL ABDIN\AppData\Local\Coursier\cache\v1\https\repo1.maven.org\maven2\org\fusesource\jansi\jansi\1.18\jansi-1.18.jar;C:\Users\ZAIN UL ABDIN\AppData\Local\Coursier\cache\v1\https\repo1.maven.org\maven2\org\apache\httpcomponents\httpclient\4.5.10\httpclient-4.5.10.jar;C:\Users\ZAIN UL ABDIN\AppData\Local\Coursier\cache\v1\https\repo1.maven.org\maven2\org\apache\httpcomponents\httpcore\4.4.12\httpcore-4.4.12.jar;C:\Users\ZAIN UL ABDIN\AppData\Local\Coursier\cache\v1\https\repo1.maven.org\maven2\io\opencensus\opencensus-api\0.24.0\opencensus-api-0.24.0.jar;C:\Users\ZAIN UL ABDIN\AppData\Local\Coursier\cache\v1\https\repo1.maven.org\maven2\io\opencensus\opencensus-contrib-http-util\0.24.0\opencensus-contrib-http-util-0.24.0.jar;C:\Users\ZAIN UL ABDIN\AppData\Local\Coursier\cache\v1\https\repo1.maven.org\maven2\com\google\auto\value\auto-value-annotations\1.6.6\auto-value-annotations-1.6.6.jar;C:\Users\ZAIN UL ABDIN\AppData\Local\Coursier\cache\v1\https\repo1.maven.org\maven2\com\google\auth\google-auth-library-credentials\0.18.0\google-auth-library-credentials-0.18.0.jar;C:\Users\ZAIN UL ABDIN\AppData\Local\Coursier\cache\v1\https\repo1.maven.org\maven2\com\google\http-client\google-http-client-jackson2\1.32.1\google-http-client-jackson2-1.32.1.jar;C:\Users\ZAIN UL ABDIN\AppData\Local\Coursier\cache\v1\https\repo1.maven.org\maven2\com\fasterxml\jackson\core\jackson-annotations\2.13.3\jackson-annotations-2.13.3.jar;C:\Users\ZAIN UL ABDIN\AppData\Local\Coursier\cache\v1\https\repo1.maven.org\maven2\com\fasterxml\jackson\core\jackson-core\2.13.3\jackson-core-2.13.3.jar;C:\Users\ZAIN UL ABDIN\AppData\Local\Coursier\cache\v1\https\repo1.maven.org\maven2\org\scala-lang\scala3-interfaces\3.1.2\scala3-interfaces-3.1.2.jar;C:\Users\ZAIN UL ABDIN\AppData\Local\Coursier\cache\v1\https\repo1.maven.org\maven2\org\scala-lang\tasty-core_3\3.1.2\tasty-core_3-3.1.2.jar;C:\Users\ZAIN UL ABDIN\AppData\Local\Coursier\cache\v1\https\repo1.maven.org\maven2\org\scala-lang\modules\scala-asm\9.1.0-scala-1\scala-asm-9.1.0-scala-1.jar;C:\Users\ZAIN UL ABDIN\AppData\Local\Coursier\cache\v1\https\repo1.maven.org\maven2\org\scala-sbt\compiler-interface\1.3.5\compiler-interface-1.3.5.jar;C:\Users\ZAIN UL ABDIN\AppData\Local\Coursier\cache\v1\https\repo1.maven.org\maven2\org\jline\jline-reader\3.19.0\jline-reader-3.19.0.jar;C:\Users\ZAIN UL ABDIN\AppData\Local\Coursier\cache\v1\https\repo1.maven.org\maven2\org\jline\jline-terminal\3.19.0\jline-terminal-3.19.0.jar;C:\Users\ZAIN UL ABDIN\AppData\Local\Coursier\cache\v1\https\repo1.maven.org\maven2\org\jline\jline-terminal-jna\3.19.0\jline-terminal-jna-3.19.0.jar;C:\Users\ZAIN UL ABDIN\AppData\Local\Coursier\cache\v1\https\repo1.maven.org\maven2\com\lihaoyi\sourcecode_2.13\0.3.0\sourcecode_2.13-0.3.0.jar;C:\Users\ZAIN UL ABDIN\AppData\Local\Coursier\cache\v1\https\repo1.maven.org\maven2\com\thesamet\scalapb\scalapb-runtime_2.13\0.11.13\scalapb-runtime_2.13-0.11.13.jar;C:\Users\ZAIN UL ABDIN\AppData\Local\Coursier\cache\v1\https\repo1.maven.org\maven2\org\scala-native\nir_3\0.4.14\nir_3-0.4.14.jar;C:\Users\ZAIN UL ABDIN\AppData\Local\Coursier\cache\v1\https\repo1.maven.org\maven2\org\scala-native\util_3\0.4.14\util_3-0.4.14.jar;C:\Users\ZAIN UL ABDIN\AppData\Local\Coursier\cache\v1\https\repo1.maven.org\maven2\org\scala-lang\modules\scala-parallel-collections_3\1.0.3\scala-parallel-collections_3-1.0.3.jar;C:\Users\ZAIN UL ABDIN\AppData\Local\Coursier\cache\v1\https\repo1.maven.org\maven2\org\hamcrest\hamcrest-core\1.3\hamcrest-core-1.3.jar;C:\Users\ZAIN UL ABDIN\AppData\Local\Coursier\cache\v1\https\repo1.maven.org\maven2\org\scala-js\scalajs-logging_2.13\1.1.1\scalajs-logging_2.13-1.1.1.jar;C:\Users\ZAIN UL ABDIN\AppData\Local\Coursier\cache\v1\https\repo1.maven.org\maven2\io\github\alexarchambault\bleep\bloop-rifle_2.13\1.5.9-sc-1\bloop-rifle_2.13-1.5.9-sc-1.jar;C:\Users\ZAIN UL ABDIN\AppData\Local\Coursier\cache\v1\https\repo1.maven.org\maven2\io\get-coursier\coursier-jvm_2.13\2.1.5\coursier-jvm_2.13-2.1.5.jar;C:\Users\ZAIN UL ABDIN\AppData\Local\Coursier\cache\v1\https\repo1.maven.org\maven2\io\get-coursier\dependency_3\0.2.3\dependency_3-0.2.3.jar;C:\Users\ZAIN UL ABDIN\AppData\Local\Coursier\cache\v1\https\repo1.maven.org\maven2\org\eclipse\jgit\org.eclipse.jgit\6.6.0.202305301015-r\org.eclipse.jgit-6.6.0.202305301015-r.jar;C:\Users\ZAIN UL ABDIN\AppData\Local\Coursier\cache\v1\https\repo1.maven.org\maven2\org\scala-js\scalajs-env-jsdom-nodejs_2.13\1.1.0\scalajs-env-jsdom-nodejs_2.13-1.1.0.jar;C:\Users\ZAIN UL ABDIN\AppData\Local\Coursier\cache\v1\https\repo1.maven.org\maven2\org\eclipse\lsp4j\org.eclipse.lsp4j.generator\0.20.1\org.eclipse.lsp4j.generator-0.20.1.jar;C:\Users\ZAIN UL ABDIN\AppData\Local\Coursier\cache\v1\https\repo1.maven.org\maven2\org\eclipse\lsp4j\org.eclipse.lsp4j.jsonrpc\0.20.1\org.eclipse.lsp4j.jsonrpc-0.20.1.jar;C:\Users\ZAIN UL ABDIN\AppData\Local\Coursier\cache\v1\https\repo1.maven.org\maven2\commons-logging\commons-logging\1.2\commons-logging-1.2.jar;C:\Users\ZAIN UL ABDIN\AppData\Local\Coursier\cache\v1\https\repo1.maven.org\maven2\commons-codec\commons-codec\1.11\commons-codec-1.11.jar;C:\Users\ZAIN UL ABDIN\AppData\Local\Coursier\cache\v1\https\repo1.maven.org\maven2\io\grpc\grpc-context\1.22.1\grpc-context-1.22.1.jar;C:\Users\ZAIN UL ABDIN\AppData\Local\Coursier\cache\v1\https\repo1.maven.org\maven2\com\google\protobuf\protobuf-java\3.19.6\protobuf-java-3.19.6.jar;C:\Users\ZAIN UL ABDIN\AppData\Local\Coursier\cache\v1\https\repo1.maven.org\maven2\org\scala-sbt\util-interface\1.3.0\util-interface-1.3.0.jar;C:\Users\ZAIN UL ABDIN\AppData\Local\Coursier\cache\v1\https\repo1.maven.org\maven2\com\thesamet\scalapb\lenses_2.13\0.11.13\lenses_2.13-0.11.13.jar;C:\Users\ZAIN UL ABDIN\AppData\Local\Coursier\cache\v1\https\repo1.maven.org\maven2\io\github\alexarchambault\libdaemon\libdaemon_2.13\0.0.11\libdaemon_2.13-0.0.11.jar;C:\Users\ZAIN UL ABDIN\AppData\Local\Coursier\cache\v1\https\repo1.maven.org\maven2\io\github\alexarchambault\scala-cli\snailgun\snailgun-core_2.13\0.4.1-sc2\snailgun-core_2.13-0.4.1-sc2.jar;C:\Users\ZAIN UL ABDIN\AppData\Local\Coursier\cache\v1\https\repo1.maven.org\maven2\com\github\alexarchambault\argonaut-shapeless_6.3_2.13\1.3.1\argonaut-shapeless_6.3_2.13-1.3.1.jar;C:\Users\ZAIN UL ABDIN\AppData\Local\Coursier\cache\v1\https\repo1.maven.org\maven2\io\get-coursier\coursier_2.13\2.1.5\coursier_2.13-2.1.5.jar;C:\Users\ZAIN UL ABDIN\AppData\Local\Coursier\cache\v1\https\repo1.maven.org\maven2\io\get-coursier\coursier-env_2.13\2.1.5\coursier-env_2.13-2.1.5.jar;C:\Users\ZAIN UL ABDIN\AppData\Local\Coursier\cache\v1\https\repo1.maven.org\maven2\com\googlecode\javaewah\JavaEWAH\1.2.3\JavaEWAH-1.2.3.jar;C:\Users\ZAIN UL ABDIN\AppData\Local\Coursier\cache\v1\https\repo1.maven.org\maven2\org\eclipse\xtend\org.eclipse.xtend.lib\2.28.0\org.eclipse.xtend.lib-2.28.0.jar;C:\Users\ZAIN UL ABDIN\AppData\Local\Coursier\cache\v1\https\repo1.maven.org\maven2\com\google\code\gson\gson\2.10.1\gson-2.10.1.jar;C:\Users\ZAIN UL ABDIN\AppData\Local\Coursier\cache\v1\https\repo1.maven.org\maven2\io\argonaut\argonaut_2.13\6.3.8\argonaut_2.13-6.3.8.jar;C:\Users\ZAIN UL ABDIN\AppData\Local\Coursier\cache\v1\https\repo1.maven.org\maven2\com\chuusai\shapeless_2.13\2.3.9\shapeless_2.13-2.3.9.jar;C:\Users\ZAIN UL ABDIN\AppData\Local\Coursier\cache\v1\https\repo1.maven.org\maven2\org\eclipse\xtext\org.eclipse.xtext.xbase.lib\2.28.0\org.eclipse.xtext.xbase.lib-2.28.0.jar;C:\Users\ZAIN UL ABDIN\AppData\Local\Coursier\cache\v1\https\repo1.maven.org\maven2\org\eclipse\xtend\org.eclipse.xtend.lib.macro\2.28.0\org.eclipse.xtend.lib.macro-2.28.0.jar, scala.cli.ScalaCli, bsp, C:\Users\ZAIN UL ABDIN\Documents\scala_learnings\first_class)
2023.09.04 12:03:21 INFO  tracing is disabled for protocol BSP, to enable tracing of incoming and outgoing JSON messages create an empty file at C:\Users\ZAIN UL ABDIN\Documents\scala_learnings\first_class\.metals\bsp.trace.json or C:\Users\ZAIN UL ABDIN\AppData\Local\scalameta\metals\cache\bsp.trace.json
2023.09.04 12:03:27 INFO  BSP server: Starting compilation server
2023.09.04 12:03:30 INFO  BSP server: Downloading https://repo1.maven.org/maven2/org/typelevel/cats-core_2.12/2.1.1/cats-core_2.12-2.1.1.jar
2023.09.04 12:03:30 INFO  BSP server: Downloading https://repo1.maven.org/maven2/io/reactivex/rxjava2/rxjava/2.2.21/rxjava-2.2.21.jar
2023.09.04 12:03:30 INFO  BSP server: Downloading https://repo1.maven.org/maven2/io/monix/monix-reactive_2.12/3.2.0/monix-reactive_2.12-3.2.0.jar
2023.09.04 12:03:30 INFO  BSP server: Downloading https://repo1.maven.org/maven2/org/typelevel/cats-kernel_2.12/2.1.1/cats-kernel_2.12-2.1.1.jar
2023.09.04 12:03:30 INFO  BSP server: Downloading https://repo1.maven.org/maven2/io/github/alexarchambault/bleep/bloop-backend_2.12/1.5.9-sc-1/bloop-backend_2.12-1.5.9-sc-1.jar
2023.09.04 12:03:30 INFO  BSP server: Downloading https://repo1.maven.org/maven2/org/scala-sbt/util-logging_2.12/1.9.1/util-logging_2.12-1.9.1.jar
2023.09.04 12:03:35 INFO  BSP server: Downloaded https://repo1.maven.org/maven2/org/scala-sbt/util-logging_2.12/1.9.1/util-logging_2.12-1.9.1.jar
2023.09.04 12:03:35 INFO  BSP server: Downloading https://repo1.maven.org/maven2/io/github/alexarchambault/bleep/nailgun-server/1.0.7/nailgun-server-1.0.7.jar
2023.09.04 12:03:35 INFO  BSP server: Downloaded https://repo1.maven.org/maven2/io/reactivex/rxjava2/rxjava/2.2.21/rxjava-2.2.21.jar
2023.09.04 12:03:35 INFO  BSP server: Downloading https://repo1.maven.org/maven2/org/apache/logging/log4j/log4j-core/2.20.0/log4j-core-2.20.0.jar
2023.09.04 12:03:35 INFO  BSP server: Downloaded https://repo1.maven.org/maven2/io/github/alexarchambault/bleep/nailgun-server/1.0.7/nailgun-server-1.0.7.jar
2023.09.04 12:03:35 INFO  BSP server: Downloading https://repo1.maven.org/maven2/ch/qos/logback/logback-core/1.4.6/logback-core-1.4.6.jar
2023.09.04 12:03:37 INFO  BSP server: Downloaded https://repo1.maven.org/maven2/io/github/alexarchambault/bleep/bloop-backend_2.12/1.5.9-sc-1/bloop-backend_2.12-1.5.9-sc-1.jar
2023.09.04 12:03:37 INFO  BSP server: Downloading https://repo1.maven.org/maven2/net/jpountz/lz4/lz4/1.3.0/lz4-1.3.0.jar
2023.09.04 12:03:37 INFO  BSP server: Downloaded https://repo1.maven.org/maven2/ch/qos/logback/logback-core/1.4.6/logback-core-1.4.6.jar
2023.09.04 12:03:37 INFO  BSP server: Downloading https://repo1.maven.org/maven2/org/typelevel/cats-effect_2.12/2.1.3/cats-effect_2.12-2.1.3.jar
2023.09.04 12:03:37 INFO  BSP server: Downloaded https://repo1.maven.org/maven2/net/jpountz/lz4/lz4/1.3.0/lz4-1.3.0.jar
2023.09.04 12:03:37 INFO  BSP server: Downloading https://repo1.maven.org/maven2/org/scalaz/scalaz-core_2.12/7.3.7/scalaz-core_2.12-7.3.7.jar
2023.09.04 12:03:40 INFO  BSP server: Downloaded https://repo1.maven.org/maven2/io/monix/monix-reactive_2.12/3.2.0/monix-reactive_2.12-3.2.0.jar
2023.09.04 12:03:40 INFO  BSP server: Downloading https://repo1.maven.org/maven2/io/monix/implicitbox_2.12/0.2.0/implicitbox_2.12-0.2.0.jar
2023.09.04 12:03:40 INFO  BSP server: Downloaded https://repo1.maven.org/maven2/io/monix/implicitbox_2.12/0.2.0/implicitbox_2.12-0.2.0.jar
2023.09.04 12:03:40 INFO  BSP server: Downloading https://repo1.maven.org/maven2/org/scala-sbt/core-macros_2.12/1.9.1/core-macros_2.12-1.9.1.jar
2023.09.04 12:03:41 ERROR Timeout waiting for 'build/initialize' response
2023.09.04 12:03:41 WARN  Retrying connection to the build server scala-cli
2023.09.04 12:03:41 INFO  Running BSP server List(C:\Users\ZAIN UL ABDIN\AppData\Local\Programs\Eclipse Adoptium\jdk-17.0.8.7-hotspot\bin\java.exe, -cp, C:\Users\ZAIN UL ABDIN\AppData\Local\Coursier\cache\v1\https\repo1.maven.org\maven2\org\virtuslab\scala-cli\cli_3\1.0.4\cli_3-1.0.4.jar;C:\Users\ZAIN UL ABDIN\AppData\Local\Coursier\cache\v1\https\repo1.maven.org\maven2\com\github\alexarchambault\case-app_3\2.1.0-M25\case-app_3-2.1.0-M25.jar;C:\Users\ZAIN UL ABDIN\AppData\Local\Coursier\cache\v1\https\repo1.maven.org\maven2\io\get-coursier\coursier-launcher_2.13\2.1.5\coursier-launcher_2.13-2.1.5.jar;C:\Users\ZAIN UL ABDIN\AppData\Local\Coursier\cache\v1\https\repo1.maven.org\maven2\io\get-coursier\coursier-proxy-setup\2.1.5\coursier-proxy-setup-2.1.5.jar;C:\Users\ZAIN UL ABDIN\AppData\Local\Coursier\cache\v1\https\repo1.maven.org\maven2\io\get-coursier\publish\publish_2.13\0.1.4\publish_2.13-0.1.4.jar;C:\Users\ZAIN UL ABDIN\AppData\Local\Coursier\cache\v1\https\repo1.maven.org\maven2\com\google\jimfs\jimfs\1.3.0\jimfs-1.3.0.jar;C:\Users\ZAIN UL ABDIN\AppData\Local\Coursier\cache\v1\https\repo1.maven.org\maven2\io\get-coursier\jniutils\windows-jni-utils\0.3.3\windows-jni-utils-0.3.3.jar;C:\Users\ZAIN UL ABDIN\AppData\Local\Coursier\cache\v1\https\repo1.maven.org\maven2\com\github\plokhotnyuk\jsoniter-scala\jsoniter-scala-core_3\2.13.5.2\jsoniter-scala-core_3-2.13.5.2.jar;C:\Users\ZAIN UL ABDIN\AppData\Local\Coursier\cache\v1\https\repo1.maven.org\maven2\org\virtuslab\scala-cli\libsodiumjni\0.0.3\libsodiumjni-0.0.3.jar;C:\Users\ZAIN UL ABDIN\AppData\Local\Coursier\cache\v1\https\repo1.maven.org\maven2\com\geirsson\metaconfig-typesafe-config_3\0.11.1\metaconfig-typesafe-config_3-0.11.1.jar;C:\Users\ZAIN UL ABDIN\AppData\Local\Coursier\cache\v1\https\repo1.maven.org\maven2\ai\kien\python-native-libs_3\0.2.4\python-native-libs_3-0.2.4.jar;C:\Users\ZAIN UL ABDIN\AppData\Local\Coursier\cache\v1\https\repo1.maven.org\maven2\org\virtuslab\scala-packager_2.13\0.1.29\scala-packager_2.13-0.1.29.jar;C:\Users\ZAIN UL ABDIN\AppData\Local\Coursier\cache\v1\https\repo1.maven.org\maven2\org\virtuslab\scala-cli-signing\cli_3\0.2.2\cli_3-0.2.2.jar;C:\Users\ZAIN UL ABDIN\AppData\Local\Coursier\cache\v1\https\repo1.maven.org\maven2\org\slf4j\slf4j-nop\2.0.7\slf4j-nop-2.0.7.jar;C:\Users\ZAIN UL ABDIN\AppData\Local\Coursier\cache\v1\https\repo1.maven.org\maven2\com\softwaremill\sttp\client3\core_2.13\3.8.16\core_2.13-3.8.16.jar;C:\Users\ZAIN UL ABDIN\AppData\Local\Coursier\cache\v1\https\repo1.maven.org\maven2\org\scala-lang\scala3-library_3\3.3.0\scala3-library_3-3.3.0.jar;C:\Users\ZAIN UL ABDIN\AppData\Local\Coursier\cache\v1\https\repo1.maven.org\maven2\org\virtuslab\scala-cli\build-module_3\1.0.4\build-module_3-1.0.4.jar;C:\Users\ZAIN UL ABDIN\AppData\Local\Coursier\cache\v1\https\repo1.maven.org\maven2\org\virtuslab\scala-cli\config_3\1.0.4\config_3-1.0.4.jar;C:\Users\ZAIN UL ABDIN\AppData\Local\Coursier\cache\v1\https\repo1.maven.org\maven2\org\virtuslab\scala-cli\scala3-graal_3\1.0.4\scala3-graal_3-1.0.4.jar;C:\Users\ZAIN UL ABDIN\AppData\Local\Coursier\cache\v1\https\repo1.maven.org\maven2\org\virtuslab\scala-cli\specification-level_3\1.0.4\specification-level_3-1.0.4.jar;C:\Users\ZAIN UL ABDIN\AppData\Local\Coursier\cache\v1\https\repo1.maven.org\maven2\com\github\alexarchambault\case-app-annotations_3\2.1.0-M25\case-app-annotations_3-2.1.0-M25.jar;C:\Users\ZAIN UL ABDIN\AppData\Local\Coursier\cache\v1\https\repo1.maven.org\maven2\com\github\alexarchambault\case-app-util_3\2.1.0-M25\case-app-util_3-2.1.0-M25.jar;C:\Users\ZAIN UL ABDIN\AppData\Local\Coursier\cache\v1\https\repo1.maven.org\maven2\com\lihaoyi\sourcecode_3\0.3.0\sourcecode_3-0.3.0.jar;C:\Users\ZAIN UL ABDIN\AppData\Local\Coursier\cache\v1\https\repo1.maven.org\maven2\org\scala-lang\modules\scala-collection-compat_2.13\2.11.0\scala-collection-compat_2.13-2.11.0.jar;C:\Users\ZAIN UL ABDIN\AppData\Local\Coursier\cache\v1\https\repo1.maven.org\maven2\io\github\alexarchambault\scala-cli\tmp\zip-input-stream\0.1.1\zip-input-stream-0.1.1.jar;C:\Users\ZAIN UL ABDIN\AppData\Local\Coursier\cache\v1\https\repo1.maven.org\maven2\ai\kien\python-native-libs_2.13\0.2.4\python-native-libs_2.13-0.2.4.jar;C:\Users\ZAIN UL ABDIN\AppData\Local\Coursier\cache\v1\https\repo1.maven.org\maven2\org\scala-lang\scala-library\2.13.11\scala-library-2.13.11.jar;C:\Users\ZAIN UL ABDIN\AppData\Local\Coursier\cache\v1\https\repo1.maven.org\maven2\io\get-coursier\coursier-cache_2.13\2.1.5\coursier-cache_2.13-2.1.5.jar;C:\Users\ZAIN UL ABDIN\AppData\Local\Coursier\cache\v1\https\repo1.maven.org\maven2\io\get-coursier\coursier-core_2.13\2.1.5\coursier-core_2.13-2.1.5.jar;C:\Users\ZAIN UL ABDIN\AppData\Local\Coursier\cache\v1\https\repo1.maven.org\maven2\com\github\plokhotnyuk\jsoniter-scala\jsoniter-scala-core_2.13\2.13.15\jsoniter-scala-core_2.13-2.13.15.jar;C:\Users\ZAIN UL ABDIN\AppData\Local\Coursier\cache\v1\https\repo1.maven.org\maven2\com\google\guava\guava\32.1.2-jre\guava-32.1.2-jre.jar;C:\Users\ZAIN UL ABDIN\AppData\Local\Coursier\cache\v1\https\repo1.maven.org\maven2\net\java\dev\jna\jna\5.12.1\jna-5.12.1.jar;C:\Users\ZAIN UL ABDIN\AppData\Local\Coursier\cache\v1\https\repo1.maven.org\maven2\net\java\dev\jna\jna-platform\5.12.1\jna-platform-5.12.1.jar;C:\Users\ZAIN UL ABDIN\AppData\Local\Coursier\cache\v1\https\repo1.maven.org\maven2\com\geirsson\metaconfig-core_3\0.11.1\metaconfig-core_3-0.11.1.jar;C:\Users\ZAIN UL ABDIN\AppData\Local\Coursier\cache\v1\https\repo1.maven.org\maven2\com\typesafe\config\1.4.1\config-1.4.1.jar;C:\Users\ZAIN UL ABDIN\AppData\Local\Coursier\cache\v1\https\repo1.maven.org\maven2\org\scala-lang\modules\scala-collection-compat_3\2.11.0\scala-collection-compat_3-2.11.0.jar;C:\Users\ZAIN UL ABDIN\AppData\Local\Coursier\cache\v1\https\repo1.maven.org\maven2\commons-io\commons-io\2.11.0\commons-io-2.11.0.jar;C:\Users\ZAIN UL ABDIN\AppData\Local\Coursier\cache\v1\https\repo1.maven.org\maven2\com\google\cloud\tools\jib-core\0.22.0\jib-core-0.22.0.jar;C:\Users\ZAIN UL ABDIN\AppData\Local\Coursier\cache\v1\https\repo1.maven.org\maven2\com\lihaoyi\os-lib_2.13\0.8.1\os-lib_2.13-0.8.1.jar;C:\Users\ZAIN UL ABDIN\AppData\Local\Coursier\cache\v1\https\repo1.maven.org\maven2\org\bouncycastle\bcpg-jdk18on\1.73\bcpg-jdk18on-1.73.jar;C:\Users\ZAIN UL ABDIN\AppData\Local\Coursier\cache\v1\https\repo1.maven.org\maven2\org\virtuslab\scala-cli-signing\shared_3\0.2.2\shared_3-0.2.2.jar;C:\Users\ZAIN UL ABDIN\AppData\Local\Coursier\cache\v1\https\repo1.maven.org\maven2\org\slf4j\slf4j-api\2.0.7\slf4j-api-2.0.7.jar;C:\Users\ZAIN UL ABDIN\AppData\Local\Coursier\cache\v1\https\repo1.maven.org\maven2\com\softwaremill\sttp\model\core_2.13\1.5.5\core_2.13-1.5.5.jar;C:\Users\ZAIN UL ABDIN\AppData\Local\Coursier\cache\v1\https\repo1.maven.org\maven2\com\softwaremill\sttp\shared\core_2.13\1.3.13\core_2.13-1.3.13.jar;C:\Users\ZAIN UL ABDIN\AppData\Local\Coursier\cache\v1\https\repo1.maven.org\maven2\com\softwaremill\sttp\shared\ws_2.13\1.3.13\ws_2.13-1.3.13.jar;C:\Users\ZAIN UL ABDIN\AppData\Local\Coursier\cache\v1\https\repo1.maven.org\maven2\org\ow2\asm\asm\9.5\asm-9.5.jar;C:\Users\ZAIN UL ABDIN\AppData\Local\Coursier\cache\v1\https\repo1.maven.org\maven2\io\github\alexarchambault\scala-cli\java-class-name_3\0.1.0\java-class-name_3-0.1.0.jar;C:\Users\ZAIN UL ABDIN\AppData\Local\Coursier\cache\v1\https\repo1.maven.org\maven2\org\scalameta\trees_2.13\4.8.7\trees_2.13-4.8.7.jar;C:\Users\ZAIN UL ABDIN\AppData\Local\Coursier\cache\v1\https\repo1.maven.org\maven2\org\scala-native\test-runner_3\0.4.14\test-runner_3-0.4.14.jar;C:\Users\ZAIN UL ABDIN\AppData\Local\Coursier\cache\v1\https\repo1.maven.org\maven2\com\lihaoyi\os-lib_3\0.9.1\os-lib_3-0.9.1.jar;C:\Users\ZAIN UL ABDIN\AppData\Local\Coursier\cache\v1\https\repo1.maven.org\maven2\com\lihaoyi\pprint_3\0.8.1\pprint_3-0.8.1.jar;C:\Users\ZAIN UL ABDIN\AppData\Local\Coursier\cache\v1\https\repo1.maven.org\maven2\org\scala-js\scalajs-env-nodejs_2.13\1.4.0\scalajs-env-nodejs_2.13-1.4.0.jar;C:\Users\ZAIN UL ABDIN\AppData\Local\Coursier\cache\v1\https\repo1.maven.org\maven2\org\scala-js\scalajs-sbt-test-adapter_2.13\1.13.2\scalajs-sbt-test-adapter_2.13-1.13.2.jar;C:\Users\ZAIN UL ABDIN\AppData\Local\Coursier\cache\v1\https\repo1.maven.org\maven2\com\swoval\file-tree-views\2.1.10\file-tree-views-2.1.10.jar;C:\Users\ZAIN UL ABDIN\AppData\Local\Coursier\cache\v1\https\repo1.maven.org\maven2\org\virtuslab\scala-cli\options_3\1.0.4\options_3-1.0.4.jar;C:\Users\ZAIN UL ABDIN\AppData\Local\Coursier\cache\v1\https\repo1.maven.org\maven2\org\virtuslab\scala-cli\directives_3\1.0.4\directives_3-1.0.4.jar;C:\Users\ZAIN UL ABDIN\AppData\Local\Coursier\cache\v1\https\repo1.maven.org\maven2\org\virtuslab\scala-cli\scala-cli-bsp\1.0.4\scala-cli-bsp-1.0.4.jar;C:\Users\ZAIN UL ABDIN\AppData\Local\Coursier\cache\v1\https\repo1.maven.org\maven2\org\virtuslab\scala-cli\test-runner_2.13\1.0.4\test-runner_2.13-1.0.4.jar;C:\Users\ZAIN UL ABDIN\AppData\Local\Coursier\cache\v1\https\repo1.maven.org\maven2\org\virtuslab\scala-cli\tasty-lib_3\1.0.4\tasty-lib_3-1.0.4.jar;C:\Users\ZAIN UL ABDIN\AppData\Local\Coursier\cache\v1\https\repo1.maven.org\maven2\org\codehaus\plexus\plexus-archiver\4.7.1\plexus-archiver-4.7.1.jar;C:\Users\ZAIN UL ABDIN\AppData\Local\Coursier\cache\v1\https\repo1.maven.org\maven2\org\codehaus\plexus\plexus-container-default\2.1.1\plexus-container-default-2.1.1.jar;C:\Users\ZAIN UL ABDIN\AppData\Local\Coursier\cache\v1\https\repo1.maven.org\maven2\io\github\alexarchambault\windows-ansi\windows-ansi\0.0.5\windows-ansi-0.0.5.jar;C:\Users\ZAIN UL ABDIN\AppData\Local\Coursier\cache\v1\https\repo1.maven.org\maven2\io\get-coursier\coursier-util_2.13\2.1.5\coursier-util_2.13-2.1.5.jar;C:\Users\ZAIN UL ABDIN\AppData\Local\Coursier\cache\v1\https\repo1.maven.org\maven2\io\github\alexarchambault\concurrent-reference-hash-map\1.1.0\concurrent-reference-hash-map-1.1.0.jar;C:\Users\ZAIN UL ABDIN\AppData\Local\Coursier\cache\v1\https\repo1.maven.org\maven2\org\scala-lang\modules\scala-xml_2.13\2.1.0\scala-xml_2.13-2.1.0.jar;C:\Users\ZAIN UL ABDIN\AppData\Local\Coursier\cache\v1\https\repo1.maven.org\maven2\com\google\guava\failureaccess\1.0.1\failureaccess-1.0.1.jar;C:\Users\ZAIN UL ABDIN\AppData\Local\Coursier\cache\v1\https\repo1.maven.org\maven2\com\google\guava\listenablefuture\9999.0-empty-to-avoid-conflict-with-guava\listenablefuture-9999.0-empty-to-avoid-conflict-with-guava.jar;C:\Users\ZAIN UL ABDIN\AppData\Local\Coursier\cache\v1\https\repo1.maven.org\maven2\com\google\code\findbugs\jsr305\3.0.2\jsr305-3.0.2.jar;C:\Users\ZAIN UL ABDIN\AppData\Local\Coursier\cache\v1\https\repo1.maven.org\maven2\org\checkerframework\checker-qual\3.33.0\checker-qual-3.33.0.jar;C:\Users\ZAIN UL ABDIN\AppData\Local\Coursier\cache\v1\https\repo1.maven.org\maven2\com\google\errorprone\error_prone_annotations\2.18.0\error_prone_annotations-2.18.0.jar;C:\Users\ZAIN UL ABDIN\AppData\Local\Coursier\cache\v1\https\repo1.maven.org\maven2\com\google\j2objc\j2objc-annotations\2.8\j2objc-annotations-2.8.jar;C:\Users\ZAIN UL ABDIN\AppData\Local\Coursier\cache\v1\https\repo1.maven.org\maven2\com\geirsson\metaconfig-pprint_3\0.11.1\metaconfig-pprint_3-0.11.1.jar;C:\Users\ZAIN UL ABDIN\AppData\Local\Coursier\cache\v1\https\repo1.maven.org\maven2\org\typelevel\paiges-core_3\0.4.2\paiges-core_3-0.4.2.jar;C:\Users\ZAIN UL ABDIN\AppData\Local\Coursier\cache\v1\https\repo1.maven.org\maven2\org\scala-lang\scala-reflect\2.13.8\scala-reflect-2.13.8.jar;C:\Users\ZAIN UL ABDIN\AppData\Local\Coursier\cache\v1\https\repo1.maven.org\maven2\com\google\cloud\tools\jib-build-plan\0.4.0\jib-build-plan-0.4.0.jar;C:\Users\ZAIN UL ABDIN\AppData\Local\Coursier\cache\v1\https\repo1.maven.org\maven2\com\google\http-client\google-http-client\1.34.0\google-http-client-1.34.0.jar;C:\Users\ZAIN UL ABDIN\AppData\Local\Coursier\cache\v1\https\repo1.maven.org\maven2\com\google\http-client\google-http-client-apache-v2\1.34.0\google-http-client-apache-v2-1.34.0.jar;C:\Users\ZAIN UL ABDIN\AppData\Local\Coursier\cache\v1\https\repo1.maven.org\maven2\com\google\auth\google-auth-library-oauth2-http\0.18.0\google-auth-library-oauth2-http-0.18.0.jar;C:\Users\ZAIN UL ABDIN\AppData\Local\Coursier\cache\v1\https\repo1.maven.org\maven2\org\apache\commons\commons-compress\1.23.0\commons-compress-1.23.0.jar;C:\Users\ZAIN UL ABDIN\AppData\Local\Coursier\cache\v1\https\repo1.maven.org\maven2\com\fasterxml\jackson\core\jackson-databind\2.13.3\jackson-databind-2.13.3.jar;C:\Users\ZAIN UL ABDIN\AppData\Local\Coursier\cache\v1\https\repo1.maven.org\maven2\com\fasterxml\jackson\datatype\jackson-datatype-jsr310\2.13.3\jackson-datatype-jsr310-2.13.3.jar;C:\Users\ZAIN UL ABDIN\AppData\Local\Coursier\cache\v1\https\repo1.maven.org\maven2\com\lihaoyi\geny_2.13\0.7.1\geny_2.13-0.7.1.jar;C:\Users\ZAIN UL ABDIN\AppData\Local\Coursier\cache\v1\https\repo1.maven.org\maven2\org\bouncycastle\bcprov-jdk18on\1.73\bcprov-jdk18on-1.73.jar;C:\Users\ZAIN UL ABDIN\AppData\Local\Coursier\cache\v1\https\repo1.maven.org\maven2\org\scala-lang\scala3-compiler_3\3.1.2\scala3-compiler_3-3.1.2.jar;C:\Users\ZAIN UL ABDIN\AppData\Local\Coursier\cache\v1\https\repo1.maven.org\maven2\org\scalameta\common_2.13\4.8.7\common_2.13-4.8.7.jar;C:\Users\ZAIN UL ABDIN\AppData\Local\Coursier\cache\v1\https\repo1.maven.org\maven2\org\scala-native\tools_3\0.4.14\tools_3-0.4.14.jar;C:\Users\ZAIN UL ABDIN\AppData\Local\Coursier\cache\v1\https\repo1.maven.org\maven2\org\scala-sbt\test-interface\1.0\test-interface-1.0.jar;C:\Users\ZAIN UL ABDIN\AppData\Local\Coursier\cache\v1\https\repo1.maven.org\maven2\com\novocode\junit-interface\0.11\junit-interface-0.11.jar;C:\Users\ZAIN UL ABDIN\AppData\Local\Coursier\cache\v1\https\repo1.maven.org\maven2\junit\junit\4.13.2\junit-4.13.2.jar;C:\Users\ZAIN UL ABDIN\AppData\Local\Coursier\cache\v1\https\repo1.maven.org\maven2\com\lihaoyi\geny_3\1.0.0\geny_3-1.0.0.jar;C:\Users\ZAIN UL ABDIN\AppData\Local\Coursier\cache\v1\https\repo1.maven.org\maven2\com\lihaoyi\fansi_3\0.4.0\fansi_3-0.4.0.jar;C:\Users\ZAIN UL ABDIN\AppData\Local\Coursier\cache\v1\https\repo1.maven.org\maven2\org\scala-js\scalajs-js-envs_2.13\1.4.0\scalajs-js-envs_2.13-1.4.0.jar;C:\Users\ZAIN UL ABDIN\AppData\Local\Coursier\cache\v1\https\repo1.maven.org\maven2\ch\epfl\scala\bloop-config_2.13\1.5.5\bloop-config_2.13-1.5.5.jar;C:\Users\ZAIN UL ABDIN\AppData\Local\Coursier\cache\v1\https\repo1.maven.org\maven2\org\virtuslab\scala-cli\core_3\1.0.4\core_3-1.0.4.jar;C:\Users\ZAIN UL ABDIN\AppData\Local\Coursier\cache\v1\https\repo1.maven.org\maven2\org\virtuslab\using_directives\1.1.0\using_directives-1.1.0.jar;C:\Users\ZAIN UL ABDIN\AppData\Local\Coursier\cache\v1\https\repo1.maven.org\maven2\org\virtuslab\scala-cli\build-macros_3\1.0.4\build-macros_3-1.0.4.jar;C:\Users\ZAIN UL ABDIN\AppData\Local\Coursier\cache\v1\https\repo1.maven.org\maven2\ch\epfl\scala\bsp4j\2.1.0-M5\bsp4j-2.1.0-M5.jar;C:\Users\ZAIN UL ABDIN\AppData\Local\Coursier\cache\v1\https\repo1.maven.org\maven2\javax\inject\javax.inject\1\javax.inject-1.jar;C:\Users\ZAIN UL ABDIN\AppData\Local\Coursier\cache\v1\https\repo1.maven.org\maven2\org\codehaus\plexus\plexus-utils\3.5.1\plexus-utils-3.5.1.jar;C:\Users\ZAIN UL ABDIN\AppData\Local\Coursier\cache\v1\https\repo1.maven.org\maven2\org\codehaus\plexus\plexus-io\3.4.1\plexus-io-3.4.1.jar;C:\Users\ZAIN UL ABDIN\AppData\Local\Coursier\cache\v1\https\repo1.maven.org\maven2\org\iq80\snappy\snappy\0.4\snappy-0.4.jar;C:\Users\ZAIN UL ABDIN\AppData\Local\Coursier\cache\v1\https\repo1.maven.org\maven2\org\tukaani\xz\1.9\xz-1.9.jar;C:\Users\ZAIN UL ABDIN\AppData\Local\Coursier\cache\v1\https\repo1.maven.org\maven2\com\github\luben\zstd-jni\1.5.5-2\zstd-jni-1.5.5-2.jar;C:\Users\ZAIN UL ABDIN\AppData\Local\Coursier\cache\v1\https\repo1.maven.org\maven2\org\codehaus\plexus\plexus-classworlds\2.6.0\plexus-classworlds-2.6.0.jar;C:\Users\ZAIN UL ABDIN\AppData\Local\Coursier\cache\v1\https\repo1.maven.org\maven2\org\apache\xbean\xbean-reflect\3.7\xbean-reflect-3.7.jar;C:\Users\ZAIN UL ABDIN\AppData\Local\Coursier\cache\v1\https\repo1.maven.org\maven2\org\fusesource\jansi\jansi\1.18\jansi-1.18.jar;C:\Users\ZAIN UL ABDIN\AppData\Local\Coursier\cache\v1\https\repo1.maven.org\maven2\org\apache\httpcomponents\httpclient\4.5.10\httpclient-4.5.10.jar;C:\Users\ZAIN UL ABDIN\AppData\Local\Coursier\cache\v1\https\repo1.maven.org\maven2\org\apache\httpcomponents\httpcore\4.4.12\httpcore-4.4.12.jar;C:\Users\ZAIN UL ABDIN\AppData\Local\Coursier\cache\v1\https\repo1.maven.org\maven2\io\opencensus\opencensus-api\0.24.0\opencensus-api-0.24.0.jar;C:\Users\ZAIN UL ABDIN\AppData\Local\Coursier\cache\v1\https\repo1.maven.org\maven2\io\opencensus\opencensus-contrib-http-util\0.24.0\opencensus-contrib-http-util-0.24.0.jar;C:\Users\ZAIN UL ABDIN\AppData\Local\Coursier\cache\v1\https\repo1.maven.org\maven2\com\google\auto\value\auto-value-annotations\1.6.6\auto-value-annotations-1.6.6.jar;C:\Users\ZAIN UL ABDIN\AppData\Local\Coursier\cache\v1\https\repo1.maven.org\maven2\com\google\auth\google-auth-library-credentials\0.18.0\google-auth-library-credentials-0.18.0.jar;C:\Users\ZAIN UL ABDIN\AppData\Local\Coursier\cache\v1\https\repo1.maven.org\maven2\com\google\http-client\google-http-client-jackson2\1.32.1\google-http-client-jackson2-1.32.1.jar;C:\Users\ZAIN UL ABDIN\AppData\Local\Coursier\cache\v1\https\repo1.maven.org\maven2\com\fasterxml\jackson\core\jackson-annotations\2.13.3\jackson-annotations-2.13.3.jar;C:\Users\ZAIN UL ABDIN\AppData\Local\Coursier\cache\v1\https\repo1.maven.org\maven2\com\fasterxml\jackson\core\jackson-core\2.13.3\jackson-core-2.13.3.jar;C:\Users\ZAIN UL ABDIN\AppData\Local\Coursier\cache\v1\https\repo1.maven.org\maven2\org\scala-lang\scala3-interfaces\3.1.2\scala3-interfaces-3.1.2.jar;C:\Users\ZAIN UL ABDIN\AppData\Local\Coursier\cache\v1\https\repo1.maven.org\maven2\org\scala-lang\tasty-core_3\3.1.2\tasty-core_3-3.1.2.jar;C:\Users\ZAIN UL ABDIN\AppData\Local\Coursier\cache\v1\https\repo1.maven.org\maven2\org\scala-lang\modules\scala-asm\9.1.0-scala-1\scala-asm-9.1.0-scala-1.jar;C:\Users\ZAIN UL ABDIN\AppData\Local\Coursier\cache\v1\https\repo1.maven.org\maven2\org\scala-sbt\compiler-interface\1.3.5\compiler-interface-1.3.5.jar;C:\Users\ZAIN UL ABDIN\AppData\Local\Coursier\cache\v1\https\repo1.maven.org\maven2\org\jline\jline-reader\3.19.0\jline-reader-3.19.0.jar;C:\Users\ZAIN UL ABDIN\AppData\Local\Coursier\cache\v1\https\repo1.maven.org\maven2\org\jline\jline-terminal\3.19.0\jline-terminal-3.19.0.jar;C:\Users\ZAIN UL ABDIN\AppData\Local\Coursier\cache\v1\https\repo1.maven.org\maven2\org\jline\jline-terminal-jna\3.19.0\jline-terminal-jna-3.19.0.jar;C:\Users\ZAIN UL ABDIN\AppData\Local\Coursier\cache\v1\https\repo1.maven.org\maven2\com\lihaoyi\sourcecode_2.13\0.3.0\sourcecode_2.13-0.3.0.jar;C:\Users\ZAIN UL ABDIN\AppData\Local\Coursier\cache\v1\https\repo1.maven.org\maven2\com\thesamet\scalapb\scalapb-runtime_2.13\0.11.13\scalapb-runtime_2.13-0.11.13.jar;C:\Users\ZAIN UL ABDIN\AppData\Local\Coursier\cache\v1\https\repo1.maven.org\maven2\org\scala-native\nir_3\0.4.14\nir_3-0.4.14.jar;C:\Users\ZAIN UL ABDIN\AppData\Local\Coursier\cache\v1\https\repo1.maven.org\maven2\org\scala-native\util_3\0.4.14\util_3-0.4.14.jar;C:\Users\ZAIN UL ABDIN\AppData\Local\Coursier\cache\v1\https\repo1.maven.org\maven2\org\scala-lang\modules\scala-parallel-collections_3\1.0.3\scala-parallel-collections_3-1.0.3.jar;C:\Users\ZAIN UL ABDIN\AppData\Local\Coursier\cache\v1\https\repo1.maven.org\maven2\org\hamcrest\hamcrest-core\1.3\hamcrest-core-1.3.jar;C:\Users\ZAIN UL ABDIN\AppData\Local\Coursier\cache\v1\https\repo1.maven.org\maven2\org\scala-js\scalajs-logging_2.13\1.1.1\scalajs-logging_2.13-1.1.1.jar;C:\Users\ZAIN UL ABDIN\AppData\Local\Coursier\cache\v1\https\repo1.maven.org\maven2\io\github\alexarchambault\bleep\bloop-rifle_2.13\1.5.9-sc-1\bloop-rifle_2.13-1.5.9-sc-1.jar;C:\Users\ZAIN UL ABDIN\AppData\Local\Coursier\cache\v1\https\repo1.maven.org\maven2\io\get-coursier\coursier-jvm_2.13\2.1.5\coursier-jvm_2.13-2.1.5.jar;C:\Users\ZAIN UL ABDIN\AppData\Local\Coursier\cache\v1\https\repo1.maven.org\maven2\io\get-coursier\dependency_3\0.2.3\dependency_3-0.2.3.jar;C:\Users\ZAIN UL ABDIN\AppData\Local\Coursier\cache\v1\https\repo1.maven.org\maven2\org\eclipse\jgit\org.eclipse.jgit\6.6.0.202305301015-r\org.eclipse.jgit-6.6.0.202305301015-r.jar;C:\Users\ZAIN UL ABDIN\AppData\Local\Coursier\cache\v1\https\repo1.maven.org\maven2\org\scala-js\scalajs-env-jsdom-nodejs_2.13\1.1.0\scalajs-env-jsdom-nodejs_2.13-1.1.0.jar;C:\Users\ZAIN UL ABDIN\AppData\Local\Coursier\cache\v1\https\repo1.maven.org\maven2\org\eclipse\lsp4j\org.eclipse.lsp4j.generator\0.20.1\org.eclipse.lsp4j.generator-0.20.1.jar;C:\Users\ZAIN UL ABDIN\AppData\Local\Coursier\cache\v1\https\repo1.maven.org\maven2\org\eclipse\lsp4j\org.eclipse.lsp4j.jsonrpc\0.20.1\org.eclipse.lsp4j.jsonrpc-0.20.1.jar;C:\Users\ZAIN UL ABDIN\AppData\Local\Coursier\cache\v1\https\repo1.maven.org\maven2\commons-logging\commons-logging\1.2\commons-logging-1.2.jar;C:\Users\ZAIN UL ABDIN\AppData\Local\Coursier\cache\v1\https\repo1.maven.org\maven2\commons-codec\commons-codec\1.11\commons-codec-1.11.jar;C:\Users\ZAIN UL ABDIN\AppData\Local\Coursier\cache\v1\https\repo1.maven.org\maven2\io\grpc\grpc-context\1.22.1\grpc-context-1.22.1.jar;C:\Users\ZAIN UL ABDIN\AppData\Local\Coursier\cache\v1\https\repo1.maven.org\maven2\com\google\protobuf\protobuf-java\3.19.6\protobuf-java-3.19.6.jar;C:\Users\ZAIN UL ABDIN\AppData\Local\Coursier\cache\v1\https\repo1.maven.org\maven2\org\scala-sbt\util-interface\1.3.0\util-interface-1.3.0.jar;C:\Users\ZAIN UL ABDIN\AppData\Local\Coursier\cache\v1\https\repo1.maven.org\maven2\com\thesamet\scalapb\lenses_2.13\0.11.13\lenses_2.13-0.11.13.jar;C:\Users\ZAIN UL ABDIN\AppData\Local\Coursier\cache\v1\https\repo1.maven.org\maven2\io\github\alexarchambault\libdaemon\libdaemon_2.13\0.0.11\libdaemon_2.13-0.0.11.jar;C:\Users\ZAIN UL ABDIN\AppData\Local\Coursier\cache\v1\https\repo1.maven.org\maven2\io\github\alexarchambault\scala-cli\snailgun\snailgun-core_2.13\0.4.1-sc2\snailgun-core_2.13-0.4.1-sc2.jar;C:\Users\ZAIN UL ABDIN\AppData\Local\Coursier\cache\v1\https\repo1.maven.org\maven2\com\github\alexarchambault\argonaut-shapeless_6.3_2.13\1.3.1\argonaut-shapeless_6.3_2.13-1.3.1.jar;C:\Users\ZAIN UL ABDIN\AppData\Local\Coursier\cache\v1\https\repo1.maven.org\maven2\io\get-coursier\coursier_2.13\2.1.5\coursier_2.13-2.1.5.jar;C:\Users\ZAIN UL ABDIN\AppData\Local\Coursier\cache\v1\https\repo1.maven.org\maven2\io\get-coursier\coursier-env_2.13\2.1.5\coursier-env_2.13-2.1.5.jar;C:\Users\ZAIN UL ABDIN\AppData\Local\Coursier\cache\v1\https\repo1.maven.org\maven2\com\googlecode\javaewah\JavaEWAH\1.2.3\JavaEWAH-1.2.3.jar;C:\Users\ZAIN UL ABDIN\AppData\Local\Coursier\cache\v1\https\repo1.maven.org\maven2\org\eclipse\xtend\org.eclipse.xtend.lib\2.28.0\org.eclipse.xtend.lib-2.28.0.jar;C:\Users\ZAIN UL ABDIN\AppData\Local\Coursier\cache\v1\https\repo1.maven.org\maven2\com\google\code\gson\gson\2.10.1\gson-2.10.1.jar;C:\Users\ZAIN UL ABDIN\AppData\Local\Coursier\cache\v1\https\repo1.maven.org\maven2\io\argonaut\argonaut_2.13\6.3.8\argonaut_2.13-6.3.8.jar;C:\Users\ZAIN UL ABDIN\AppData\Local\Coursier\cache\v1\https\repo1.maven.org\maven2\com\chuusai\shapeless_2.13\2.3.9\shapeless_2.13-2.3.9.jar;C:\Users\ZAIN UL ABDIN\AppData\Local\Coursier\cache\v1\https\repo1.maven.org\maven2\org\eclipse\xtext\org.eclipse.xtext.xbase.lib\2.28.0\org.eclipse.xtext.xbase.lib-2.28.0.jar;C:\Users\ZAIN UL ABDIN\AppData\Local\Coursier\cache\v1\https\repo1.maven.org\maven2\org\eclipse\xtend\org.eclipse.xtend.lib.macro\2.28.0\org.eclipse.xtend.lib.macro-2.28.0.jar, scala.cli.ScalaCli, bsp, C:\Users\ZAIN UL ABDIN\Documents\scala_learnings\first_class)
2023.09.04 12:03:41 INFO  tracing is disabled for protocol BSP, to enable tracing of incoming and outgoing JSON messages create an empty file at C:\Users\ZAIN UL ABDIN\Documents\scala_learnings\first_class\.metals\bsp.trace.json or C:\Users\ZAIN UL ABDIN\AppData\Local\scalameta\metals\cache\bsp.trace.json
2023.09.04 12:03:47 INFO  BSP server: Starting compilation server
2023.09.04 12:03:50 INFO  BSP server: Downloading https://repo1.maven.org/maven2/ch/qos/logback/logback-classic/1.4.6/logback-classic-1.4.6.jar
2023.09.04 12:03:50 INFO  BSP server: Downloading https://repo1.maven.org/maven2/org/apache/logging/log4j/log4j-core/2.20.0/log4j-core-2.20.0.jar
2023.09.04 12:03:50 INFO  BSP server: Downloading https://repo1.maven.org/maven2/org/scala-sbt/core-macros_2.12/1.9.1/core-macros_2.12-1.9.1.jar
2023.09.04 12:03:50 INFO  BSP server: Downloading https://repo1.maven.org/maven2/org/scala-sbt/collections_2.12/1.9.1/collections_2.12-1.9.1.jar
2023.09.04 12:03:50 INFO  BSP server: Downloading https://repo1.maven.org/maven2/org/scala-sbt/util-interface/1.9.1/util-interface-1.9.1.jar
2023.09.04 12:03:50 INFO  BSP server: Downloading https://repo1.maven.org/maven2/org/typelevel/cats-core_2.12/2.1.1/cats-core_2.12-2.1.1.jar
2023.09.04 12:03:52 INFO  BSP server: Downloaded https://repo1.maven.org/maven2/org/scala-sbt/util-interface/1.9.1/util-interface-1.9.1.jar
2023.09.04 12:03:52 INFO  BSP server: Downloading https://repo1.maven.org/maven2/io/monix/monix-java_2.12/3.2.0/monix-java_2.12-3.2.0.jar
2023.09.04 12:03:52 INFO  BSP server: Downloaded https://repo1.maven.org/maven2/io/monix/monix-java_2.12/3.2.0/monix-java_2.12-3.2.0.jar
2023.09.04 12:03:52 INFO  BSP server: Downloading https://repo1.maven.org/maven2/io/github/alexarchambault/libdaemon/libdaemon_2.12/0.0.11/libdaemon_2.12-0.0.11.jar
2023.09.04 12:03:53 INFO  BSP server: Downloaded https://repo1.maven.org/maven2/io/github/alexarchambault/libdaemon/libdaemon_2.12/0.0.11/libdaemon_2.12-0.0.11.jar
2023.09.04 12:03:53 INFO  BSP server: Downloading https://repo1.maven.org/maven2/io/monix/monix-execution_2.12/3.2.0/monix-execution_2.12-3.2.0.jar
2023.09.04 12:03:53 INFO  BSP server: Downloaded https://repo1.maven.org/maven2/ch/qos/logback/logback-classic/1.4.6/logback-classic-1.4.6.jar
2023.09.04 12:03:53 INFO  BSP server: Downloading https://repo1.maven.org/maven2/io/get-coursier/interface/1.0.13/interface-1.0.13.jar
2023.09.04 12:03:53 INFO  BSP server: Downloaded https://repo1.maven.org/maven2/org/scala-sbt/core-macros_2.12/1.9.1/core-macros_2.12-1.9.1.jar
2023.09.04 12:03:53 INFO  BSP server: Downloading https://repo1.maven.org/maven2/io/monix/monix-catnap_2.12/3.2.0/monix-catnap_2.12-3.2.0.jar
2023.09.04 12:03:53 INFO  BSP server: Downloaded https://repo1.maven.org/maven2/org/scala-sbt/collections_2.12/1.9.1/collections_2.12-1.9.1.jar
2023.09.04 12:03:53 INFO  BSP server: Downloading https://repo1.maven.org/maven2/org/scala-lang/modules/scala-collection-compat_2.12/2.10.0/scala-collection-compat_2.12-2.10.0.jar
2023.09.04 12:03:57 INFO  BSP server: Downloaded https://repo1.maven.org/maven2/io/monix/monix-execution_2.12/3.2.0/monix-execution_2.12-3.2.0.jar
2023.09.04 12:03:57 INFO  BSP server: Downloading https://repo1.maven.org/maven2/org/reactivestreams/reactive-streams/1.0.4/reactive-streams-1.0.4.jar
2023.09.04 12:03:57 INFO  BSP server: Downloaded https://repo1.maven.org/maven2/io/monix/monix-catnap_2.12/3.2.0/monix-catnap_2.12-3.2.0.jar
2023.09.04 12:03:57 INFO  BSP server: Downloading https://repo1.maven.org/maven2/ch/epfl/scala/directory-watcher/0.8.0+6-f651bd93/directory-watcher-0.8.0+6-f651bd93.jar
2023.09.04 12:03:57 INFO  BSP server: Downloaded https://repo1.maven.org/maven2/org/scala-lang/modules/scala-collection-compat_2.12/2.10.0/scala-collection-compat_2.12-2.10.0.jar
2023.09.04 12:03:57 INFO  BSP server: Downloading https://repo1.maven.org/maven2/org/scalaz/scalaz-core_2.12/7.3.7/scalaz-core_2.12-7.3.7.jar
2023.09.04 12:03:57 INFO  BSP server: Downloaded https://repo1.maven.org/maven2/org/reactivestreams/reactive-streams/1.0.4/reactive-streams-1.0.4.jar
2023.09.04 12:03:57 INFO  BSP server: Downloading https://repo1.maven.org/maven2/org/typelevel/cats-effect_2.12/2.1.3/cats-effect_2.12-2.1.3.jar
2023.09.04 12:03:57 INFO  BSP server: Downloaded https://repo1.maven.org/maven2/org/apache/logging/log4j/log4j-core/2.20.0/log4j-core-2.20.0.jar
2023.09.04 12:03:57 INFO  BSP server: Downloading https://repo1.maven.org/maven2/org/typelevel/cats-kernel_2.12/2.1.1/cats-kernel_2.12-2.1.1.jar
2023.09.04 12:03:57 INFO  BSP server: Downloaded https://repo1.maven.org/maven2/ch/epfl/scala/directory-watcher/0.8.0+6-f651bd93/directory-watcher-0.8.0+6-f651bd93.jar
2023.09.04 12:03:57 INFO  BSP server: Downloading https://repo1.maven.org/maven2/io/zipkin/brave/brave/5.16.0/brave-5.16.0.jar
2023.09.04 12:04:01 ERROR Timeout waiting for 'build/initialize' response
2023.09.04 12:04:01 ERROR Failed to connect with build server, no functionality will work.
java.util.concurrent.TimeoutException
	at java.util.concurrent.CompletableFuture.timedGet(CompletableFuture.java:1960)
	at java.util.concurrent.CompletableFuture.get(CompletableFuture.java:2095)
	at scala.meta.internal.metals.BuildServerConnection$.initialize(BuildServerConnection.scala:546)
	at scala.meta.internal.metals.BuildServerConnection$.$anonfun$fromSockets$1(BuildServerConnection.scala:447)
	at scala.concurrent.impl.Promise$Transformation.run(Promise.scala:467)
	at java.util.concurrent.ThreadPoolExecutor.runWorker(ThreadPoolExecutor.java:1136)
	at java.util.concurrent.ThreadPoolExecutor$Worker.run(ThreadPoolExecutor.java:635)
	at java.lang.Thread.run(Thread.java:833)

2023.09.04 12:26:26 INFO  Started: Metals version 1.0.1 in folders 'C:\Users\ZAIN UL ABDIN\Documents\scala_learnings\first_class' for client Visual Studio Code 1.81.1.
Sep 04, 2023 12:26:27 PM org.flywaydb.core.internal.license.VersionPrinter printVersionOnly
INFO: Flyway Community Edition 9.21.2 by Redgate
Sep 04, 2023 12:26:27 PM org.flywaydb.core.internal.license.VersionPrinter printVersion
INFO: See release notes here: https://rd.gt/416ObMi
Sep 04, 2023 12:26:27 PM org.flywaydb.core.internal.license.VersionPrinter printVersion
INFO: 
Sep 04, 2023 12:26:31 PM org.flywaydb.core.FlywayExecutor execute
INFO: Database: jdbc:h2:file:C:\Users\ZAIN UL ABDIN\Documents\scala_learnings\first_class\.metals\metals (H2 2.1)
Sep 04, 2023 12:26:31 PM org.flywaydb.core.internal.command.DbValidate validate
INFO: Successfully validated 4 migrations (execution time 00:00.097s)
Sep 04, 2023 12:26:31 PM org.flywaydb.core.internal.command.DbMigrate migrateGroup
INFO: Current version of schema "PUBLIC": 4
Sep 04, 2023 12:26:31 PM org.flywaydb.core.internal.command.DbMigrate logSummary
INFO: Schema "PUBLIC" is up to date. No migration necessary.
2023.09.04 12:26:32 INFO  time: initialize in 5.42s
2023.09.04 12:26:40 INFO  Attempting to connect to the build server...
2023.09.04 12:26:40 INFO  Running BSP server List(C:\Users\ZAIN UL ABDIN\AppData\Local\Programs\Eclipse Adoptium\jdk-17.0.8.7-hotspot\bin\java.exe, -cp, C:\Users\ZAIN UL ABDIN\AppData\Local\Coursier\cache\v1\https\repo1.maven.org\maven2\org\virtuslab\scala-cli\cli_3\1.0.4\cli_3-1.0.4.jar;C:\Users\ZAIN UL ABDIN\AppData\Local\Coursier\cache\v1\https\repo1.maven.org\maven2\com\github\alexarchambault\case-app_3\2.1.0-M25\case-app_3-2.1.0-M25.jar;C:\Users\ZAIN UL ABDIN\AppData\Local\Coursier\cache\v1\https\repo1.maven.org\maven2\io\get-coursier\coursier-launcher_2.13\2.1.5\coursier-launcher_2.13-2.1.5.jar;C:\Users\ZAIN UL ABDIN\AppData\Local\Coursier\cache\v1\https\repo1.maven.org\maven2\io\get-coursier\coursier-proxy-setup\2.1.5\coursier-proxy-setup-2.1.5.jar;C:\Users\ZAIN UL ABDIN\AppData\Local\Coursier\cache\v1\https\repo1.maven.org\maven2\io\get-coursier\publish\publish_2.13\0.1.4\publish_2.13-0.1.4.jar;C:\Users\ZAIN UL ABDIN\AppData\Local\Coursier\cache\v1\https\repo1.maven.org\maven2\com\google\jimfs\jimfs\1.3.0\jimfs-1.3.0.jar;C:\Users\ZAIN UL ABDIN\AppData\Local\Coursier\cache\v1\https\repo1.maven.org\maven2\io\get-coursier\jniutils\windows-jni-utils\0.3.3\windows-jni-utils-0.3.3.jar;C:\Users\ZAIN UL ABDIN\AppData\Local\Coursier\cache\v1\https\repo1.maven.org\maven2\com\github\plokhotnyuk\jsoniter-scala\jsoniter-scala-core_3\2.13.5.2\jsoniter-scala-core_3-2.13.5.2.jar;C:\Users\ZAIN UL ABDIN\AppData\Local\Coursier\cache\v1\https\repo1.maven.org\maven2\org\virtuslab\scala-cli\libsodiumjni\0.0.3\libsodiumjni-0.0.3.jar;C:\Users\ZAIN UL ABDIN\AppData\Local\Coursier\cache\v1\https\repo1.maven.org\maven2\com\geirsson\metaconfig-typesafe-config_3\0.11.1\metaconfig-typesafe-config_3-0.11.1.jar;C:\Users\ZAIN UL ABDIN\AppData\Local\Coursier\cache\v1\https\repo1.maven.org\maven2\ai\kien\python-native-libs_3\0.2.4\python-native-libs_3-0.2.4.jar;C:\Users\ZAIN UL ABDIN\AppData\Local\Coursier\cache\v1\https\repo1.maven.org\maven2\org\virtuslab\scala-packager_2.13\0.1.29\scala-packager_2.13-0.1.29.jar;C:\Users\ZAIN UL ABDIN\AppData\Local\Coursier\cache\v1\https\repo1.maven.org\maven2\org\virtuslab\scala-cli-signing\cli_3\0.2.2\cli_3-0.2.2.jar;C:\Users\ZAIN UL ABDIN\AppData\Local\Coursier\cache\v1\https\repo1.maven.org\maven2\org\slf4j\slf4j-nop\2.0.7\slf4j-nop-2.0.7.jar;C:\Users\ZAIN UL ABDIN\AppData\Local\Coursier\cache\v1\https\repo1.maven.org\maven2\com\softwaremill\sttp\client3\core_2.13\3.8.16\core_2.13-3.8.16.jar;C:\Users\ZAIN UL ABDIN\AppData\Local\Coursier\cache\v1\https\repo1.maven.org\maven2\org\scala-lang\scala3-library_3\3.3.0\scala3-library_3-3.3.0.jar;C:\Users\ZAIN UL ABDIN\AppData\Local\Coursier\cache\v1\https\repo1.maven.org\maven2\org\virtuslab\scala-cli\build-module_3\1.0.4\build-module_3-1.0.4.jar;C:\Users\ZAIN UL ABDIN\AppData\Local\Coursier\cache\v1\https\repo1.maven.org\maven2\org\virtuslab\scala-cli\config_3\1.0.4\config_3-1.0.4.jar;C:\Users\ZAIN UL ABDIN\AppData\Local\Coursier\cache\v1\https\repo1.maven.org\maven2\org\virtuslab\scala-cli\scala3-graal_3\1.0.4\scala3-graal_3-1.0.4.jar;C:\Users\ZAIN UL ABDIN\AppData\Local\Coursier\cache\v1\https\repo1.maven.org\maven2\org\virtuslab\scala-cli\specification-level_3\1.0.4\specification-level_3-1.0.4.jar;C:\Users\ZAIN UL ABDIN\AppData\Local\Coursier\cache\v1\https\repo1.maven.org\maven2\com\github\alexarchambault\case-app-annotations_3\2.1.0-M25\case-app-annotations_3-2.1.0-M25.jar;C:\Users\ZAIN UL ABDIN\AppData\Local\Coursier\cache\v1\https\repo1.maven.org\maven2\com\github\alexarchambault\case-app-util_3\2.1.0-M25\case-app-util_3-2.1.0-M25.jar;C:\Users\ZAIN UL ABDIN\AppData\Local\Coursier\cache\v1\https\repo1.maven.org\maven2\com\lihaoyi\sourcecode_3\0.3.0\sourcecode_3-0.3.0.jar;C:\Users\ZAIN UL ABDIN\AppData\Local\Coursier\cache\v1\https\repo1.maven.org\maven2\org\scala-lang\modules\scala-collection-compat_2.13\2.11.0\scala-collection-compat_2.13-2.11.0.jar;C:\Users\ZAIN UL ABDIN\AppData\Local\Coursier\cache\v1\https\repo1.maven.org\maven2\io\github\alexarchambault\scala-cli\tmp\zip-input-stream\0.1.1\zip-input-stream-0.1.1.jar;C:\Users\ZAIN UL ABDIN\AppData\Local\Coursier\cache\v1\https\repo1.maven.org\maven2\ai\kien\python-native-libs_2.13\0.2.4\python-native-libs_2.13-0.2.4.jar;C:\Users\ZAIN UL ABDIN\AppData\Local\Coursier\cache\v1\https\repo1.maven.org\maven2\org\scala-lang\scala-library\2.13.11\scala-library-2.13.11.jar;C:\Users\ZAIN UL ABDIN\AppData\Local\Coursier\cache\v1\https\repo1.maven.org\maven2\io\get-coursier\coursier-cache_2.13\2.1.5\coursier-cache_2.13-2.1.5.jar;C:\Users\ZAIN UL ABDIN\AppData\Local\Coursier\cache\v1\https\repo1.maven.org\maven2\io\get-coursier\coursier-core_2.13\2.1.5\coursier-core_2.13-2.1.5.jar;C:\Users\ZAIN UL ABDIN\AppData\Local\Coursier\cache\v1\https\repo1.maven.org\maven2\com\github\plokhotnyuk\jsoniter-scala\jsoniter-scala-core_2.13\2.13.15\jsoniter-scala-core_2.13-2.13.15.jar;C:\Users\ZAIN UL ABDIN\AppData\Local\Coursier\cache\v1\https\repo1.maven.org\maven2\com\google\guava\guava\32.1.2-jre\guava-32.1.2-jre.jar;C:\Users\ZAIN UL ABDIN\AppData\Local\Coursier\cache\v1\https\repo1.maven.org\maven2\net\java\dev\jna\jna\5.12.1\jna-5.12.1.jar;C:\Users\ZAIN UL ABDIN\AppData\Local\Coursier\cache\v1\https\repo1.maven.org\maven2\net\java\dev\jna\jna-platform\5.12.1\jna-platform-5.12.1.jar;C:\Users\ZAIN UL ABDIN\AppData\Local\Coursier\cache\v1\https\repo1.maven.org\maven2\com\geirsson\metaconfig-core_3\0.11.1\metaconfig-core_3-0.11.1.jar;C:\Users\ZAIN UL ABDIN\AppData\Local\Coursier\cache\v1\https\repo1.maven.org\maven2\com\typesafe\config\1.4.1\config-1.4.1.jar;C:\Users\ZAIN UL ABDIN\AppData\Local\Coursier\cache\v1\https\repo1.maven.org\maven2\org\scala-lang\modules\scala-collection-compat_3\2.11.0\scala-collection-compat_3-2.11.0.jar;C:\Users\ZAIN UL ABDIN\AppData\Local\Coursier\cache\v1\https\repo1.maven.org\maven2\commons-io\commons-io\2.11.0\commons-io-2.11.0.jar;C:\Users\ZAIN UL ABDIN\AppData\Local\Coursier\cache\v1\https\repo1.maven.org\maven2\com\google\cloud\tools\jib-core\0.22.0\jib-core-0.22.0.jar;C:\Users\ZAIN UL ABDIN\AppData\Local\Coursier\cache\v1\https\repo1.maven.org\maven2\com\lihaoyi\os-lib_2.13\0.8.1\os-lib_2.13-0.8.1.jar;C:\Users\ZAIN UL ABDIN\AppData\Local\Coursier\cache\v1\https\repo1.maven.org\maven2\org\bouncycastle\bcpg-jdk18on\1.73\bcpg-jdk18on-1.73.jar;C:\Users\ZAIN UL ABDIN\AppData\Local\Coursier\cache\v1\https\repo1.maven.org\maven2\org\virtuslab\scala-cli-signing\shared_3\0.2.2\shared_3-0.2.2.jar;C:\Users\ZAIN UL ABDIN\AppData\Local\Coursier\cache\v1\https\repo1.maven.org\maven2\org\slf4j\slf4j-api\2.0.7\slf4j-api-2.0.7.jar;C:\Users\ZAIN UL ABDIN\AppData\Local\Coursier\cache\v1\https\repo1.maven.org\maven2\com\softwaremill\sttp\model\core_2.13\1.5.5\core_2.13-1.5.5.jar;C:\Users\ZAIN UL ABDIN\AppData\Local\Coursier\cache\v1\https\repo1.maven.org\maven2\com\softwaremill\sttp\shared\core_2.13\1.3.13\core_2.13-1.3.13.jar;C:\Users\ZAIN UL ABDIN\AppData\Local\Coursier\cache\v1\https\repo1.maven.org\maven2\com\softwaremill\sttp\shared\ws_2.13\1.3.13\ws_2.13-1.3.13.jar;C:\Users\ZAIN UL ABDIN\AppData\Local\Coursier\cache\v1\https\repo1.maven.org\maven2\org\ow2\asm\asm\9.5\asm-9.5.jar;C:\Users\ZAIN UL ABDIN\AppData\Local\Coursier\cache\v1\https\repo1.maven.org\maven2\io\github\alexarchambault\scala-cli\java-class-name_3\0.1.0\java-class-name_3-0.1.0.jar;C:\Users\ZAIN UL ABDIN\AppData\Local\Coursier\cache\v1\https\repo1.maven.org\maven2\org\scalameta\trees_2.13\4.8.7\trees_2.13-4.8.7.jar;C:\Users\ZAIN UL ABDIN\AppData\Local\Coursier\cache\v1\https\repo1.maven.org\maven2\org\scala-native\test-runner_3\0.4.14\test-runner_3-0.4.14.jar;C:\Users\ZAIN UL ABDIN\AppData\Local\Coursier\cache\v1\https\repo1.maven.org\maven2\com\lihaoyi\os-lib_3\0.9.1\os-lib_3-0.9.1.jar;C:\Users\ZAIN UL ABDIN\AppData\Local\Coursier\cache\v1\https\repo1.maven.org\maven2\com\lihaoyi\pprint_3\0.8.1\pprint_3-0.8.1.jar;C:\Users\ZAIN UL ABDIN\AppData\Local\Coursier\cache\v1\https\repo1.maven.org\maven2\org\scala-js\scalajs-env-nodejs_2.13\1.4.0\scalajs-env-nodejs_2.13-1.4.0.jar;C:\Users\ZAIN UL ABDIN\AppData\Local\Coursier\cache\v1\https\repo1.maven.org\maven2\org\scala-js\scalajs-sbt-test-adapter_2.13\1.13.2\scalajs-sbt-test-adapter_2.13-1.13.2.jar;C:\Users\ZAIN UL ABDIN\AppData\Local\Coursier\cache\v1\https\repo1.maven.org\maven2\com\swoval\file-tree-views\2.1.10\file-tree-views-2.1.10.jar;C:\Users\ZAIN UL ABDIN\AppData\Local\Coursier\cache\v1\https\repo1.maven.org\maven2\org\virtuslab\scala-cli\options_3\1.0.4\options_3-1.0.4.jar;C:\Users\ZAIN UL ABDIN\AppData\Local\Coursier\cache\v1\https\repo1.maven.org\maven2\org\virtuslab\scala-cli\directives_3\1.0.4\directives_3-1.0.4.jar;C:\Users\ZAIN UL ABDIN\AppData\Local\Coursier\cache\v1\https\repo1.maven.org\maven2\org\virtuslab\scala-cli\scala-cli-bsp\1.0.4\scala-cli-bsp-1.0.4.jar;C:\Users\ZAIN UL ABDIN\AppData\Local\Coursier\cache\v1\https\repo1.maven.org\maven2\org\virtuslab\scala-cli\test-runner_2.13\1.0.4\test-runner_2.13-1.0.4.jar;C:\Users\ZAIN UL ABDIN\AppData\Local\Coursier\cache\v1\https\repo1.maven.org\maven2\org\virtuslab\scala-cli\tasty-lib_3\1.0.4\tasty-lib_3-1.0.4.jar;C:\Users\ZAIN UL ABDIN\AppData\Local\Coursier\cache\v1\https\repo1.maven.org\maven2\org\codehaus\plexus\plexus-archiver\4.7.1\plexus-archiver-4.7.1.jar;C:\Users\ZAIN UL ABDIN\AppData\Local\Coursier\cache\v1\https\repo1.maven.org\maven2\org\codehaus\plexus\plexus-container-default\2.1.1\plexus-container-default-2.1.1.jar;C:\Users\ZAIN UL ABDIN\AppData\Local\Coursier\cache\v1\https\repo1.maven.org\maven2\io\github\alexarchambault\windows-ansi\windows-ansi\0.0.5\windows-ansi-0.0.5.jar;C:\Users\ZAIN UL ABDIN\AppData\Local\Coursier\cache\v1\https\repo1.maven.org\maven2\io\get-coursier\coursier-util_2.13\2.1.5\coursier-util_2.13-2.1.5.jar;C:\Users\ZAIN UL ABDIN\AppData\Local\Coursier\cache\v1\https\repo1.maven.org\maven2\io\github\alexarchambault\concurrent-reference-hash-map\1.1.0\concurrent-reference-hash-map-1.1.0.jar;C:\Users\ZAIN UL ABDIN\AppData\Local\Coursier\cache\v1\https\repo1.maven.org\maven2\org\scala-lang\modules\scala-xml_2.13\2.1.0\scala-xml_2.13-2.1.0.jar;C:\Users\ZAIN UL ABDIN\AppData\Local\Coursier\cache\v1\https\repo1.maven.org\maven2\com\google\guava\failureaccess\1.0.1\failureaccess-1.0.1.jar;C:\Users\ZAIN UL ABDIN\AppData\Local\Coursier\cache\v1\https\repo1.maven.org\maven2\com\google\guava\listenablefuture\9999.0-empty-to-avoid-conflict-with-guava\listenablefuture-9999.0-empty-to-avoid-conflict-with-guava.jar;C:\Users\ZAIN UL ABDIN\AppData\Local\Coursier\cache\v1\https\repo1.maven.org\maven2\com\google\code\findbugs\jsr305\3.0.2\jsr305-3.0.2.jar;C:\Users\ZAIN UL ABDIN\AppData\Local\Coursier\cache\v1\https\repo1.maven.org\maven2\org\checkerframework\checker-qual\3.33.0\checker-qual-3.33.0.jar;C:\Users\ZAIN UL ABDIN\AppData\Local\Coursier\cache\v1\https\repo1.maven.org\maven2\com\google\errorprone\error_prone_annotations\2.18.0\error_prone_annotations-2.18.0.jar;C:\Users\ZAIN UL ABDIN\AppData\Local\Coursier\cache\v1\https\repo1.maven.org\maven2\com\google\j2objc\j2objc-annotations\2.8\j2objc-annotations-2.8.jar;C:\Users\ZAIN UL ABDIN\AppData\Local\Coursier\cache\v1\https\repo1.maven.org\maven2\com\geirsson\metaconfig-pprint_3\0.11.1\metaconfig-pprint_3-0.11.1.jar;C:\Users\ZAIN UL ABDIN\AppData\Local\Coursier\cache\v1\https\repo1.maven.org\maven2\org\typelevel\paiges-core_3\0.4.2\paiges-core_3-0.4.2.jar;C:\Users\ZAIN UL ABDIN\AppData\Local\Coursier\cache\v1\https\repo1.maven.org\maven2\org\scala-lang\scala-reflect\2.13.8\scala-reflect-2.13.8.jar;C:\Users\ZAIN UL ABDIN\AppData\Local\Coursier\cache\v1\https\repo1.maven.org\maven2\com\google\cloud\tools\jib-build-plan\0.4.0\jib-build-plan-0.4.0.jar;C:\Users\ZAIN UL ABDIN\AppData\Local\Coursier\cache\v1\https\repo1.maven.org\maven2\com\google\http-client\google-http-client\1.34.0\google-http-client-1.34.0.jar;C:\Users\ZAIN UL ABDIN\AppData\Local\Coursier\cache\v1\https\repo1.maven.org\maven2\com\google\http-client\google-http-client-apache-v2\1.34.0\google-http-client-apache-v2-1.34.0.jar;C:\Users\ZAIN UL ABDIN\AppData\Local\Coursier\cache\v1\https\repo1.maven.org\maven2\com\google\auth\google-auth-library-oauth2-http\0.18.0\google-auth-library-oauth2-http-0.18.0.jar;C:\Users\ZAIN UL ABDIN\AppData\Local\Coursier\cache\v1\https\repo1.maven.org\maven2\org\apache\commons\commons-compress\1.23.0\commons-compress-1.23.0.jar;C:\Users\ZAIN UL ABDIN\AppData\Local\Coursier\cache\v1\https\repo1.maven.org\maven2\com\fasterxml\jackson\core\jackson-databind\2.13.3\jackson-databind-2.13.3.jar;C:\Users\ZAIN UL ABDIN\AppData\Local\Coursier\cache\v1\https\repo1.maven.org\maven2\com\fasterxml\jackson\datatype\jackson-datatype-jsr310\2.13.3\jackson-datatype-jsr310-2.13.3.jar;C:\Users\ZAIN UL ABDIN\AppData\Local\Coursier\cache\v1\https\repo1.maven.org\maven2\com\lihaoyi\geny_2.13\0.7.1\geny_2.13-0.7.1.jar;C:\Users\ZAIN UL ABDIN\AppData\Local\Coursier\cache\v1\https\repo1.maven.org\maven2\org\bouncycastle\bcprov-jdk18on\1.73\bcprov-jdk18on-1.73.jar;C:\Users\ZAIN UL ABDIN\AppData\Local\Coursier\cache\v1\https\repo1.maven.org\maven2\org\scala-lang\scala3-compiler_3\3.1.2\scala3-compiler_3-3.1.2.jar;C:\Users\ZAIN UL ABDIN\AppData\Local\Coursier\cache\v1\https\repo1.maven.org\maven2\org\scalameta\common_2.13\4.8.7\common_2.13-4.8.7.jar;C:\Users\ZAIN UL ABDIN\AppData\Local\Coursier\cache\v1\https\repo1.maven.org\maven2\org\scala-native\tools_3\0.4.14\tools_3-0.4.14.jar;C:\Users\ZAIN UL ABDIN\AppData\Local\Coursier\cache\v1\https\repo1.maven.org\maven2\org\scala-sbt\test-interface\1.0\test-interface-1.0.jar;C:\Users\ZAIN UL ABDIN\AppData\Local\Coursier\cache\v1\https\repo1.maven.org\maven2\com\novocode\junit-interface\0.11\junit-interface-0.11.jar;C:\Users\ZAIN UL ABDIN\AppData\Local\Coursier\cache\v1\https\repo1.maven.org\maven2\junit\junit\4.13.2\junit-4.13.2.jar;C:\Users\ZAIN UL ABDIN\AppData\Local\Coursier\cache\v1\https\repo1.maven.org\maven2\com\lihaoyi\geny_3\1.0.0\geny_3-1.0.0.jar;C:\Users\ZAIN UL ABDIN\AppData\Local\Coursier\cache\v1\https\repo1.maven.org\maven2\com\lihaoyi\fansi_3\0.4.0\fansi_3-0.4.0.jar;C:\Users\ZAIN UL ABDIN\AppData\Local\Coursier\cache\v1\https\repo1.maven.org\maven2\org\scala-js\scalajs-js-envs_2.13\1.4.0\scalajs-js-envs_2.13-1.4.0.jar;C:\Users\ZAIN UL ABDIN\AppData\Local\Coursier\cache\v1\https\repo1.maven.org\maven2\ch\epfl\scala\bloop-config_2.13\1.5.5\bloop-config_2.13-1.5.5.jar;C:\Users\ZAIN UL ABDIN\AppData\Local\Coursier\cache\v1\https\repo1.maven.org\maven2\org\virtuslab\scala-cli\core_3\1.0.4\core_3-1.0.4.jar;C:\Users\ZAIN UL ABDIN\AppData\Local\Coursier\cache\v1\https\repo1.maven.org\maven2\org\virtuslab\using_directives\1.1.0\using_directives-1.1.0.jar;C:\Users\ZAIN UL ABDIN\AppData\Local\Coursier\cache\v1\https\repo1.maven.org\maven2\org\virtuslab\scala-cli\build-macros_3\1.0.4\build-macros_3-1.0.4.jar;C:\Users\ZAIN UL ABDIN\AppData\Local\Coursier\cache\v1\https\repo1.maven.org\maven2\ch\epfl\scala\bsp4j\2.1.0-M5\bsp4j-2.1.0-M5.jar;C:\Users\ZAIN UL ABDIN\AppData\Local\Coursier\cache\v1\https\repo1.maven.org\maven2\javax\inject\javax.inject\1\javax.inject-1.jar;C:\Users\ZAIN UL ABDIN\AppData\Local\Coursier\cache\v1\https\repo1.maven.org\maven2\org\codehaus\plexus\plexus-utils\3.5.1\plexus-utils-3.5.1.jar;C:\Users\ZAIN UL ABDIN\AppData\Local\Coursier\cache\v1\https\repo1.maven.org\maven2\org\codehaus\plexus\plexus-io\3.4.1\plexus-io-3.4.1.jar;C:\Users\ZAIN UL ABDIN\AppData\Local\Coursier\cache\v1\https\repo1.maven.org\maven2\org\iq80\snappy\snappy\0.4\snappy-0.4.jar;C:\Users\ZAIN UL ABDIN\AppData\Local\Coursier\cache\v1\https\repo1.maven.org\maven2\org\tukaani\xz\1.9\xz-1.9.jar;C:\Users\ZAIN UL ABDIN\AppData\Local\Coursier\cache\v1\https\repo1.maven.org\maven2\com\github\luben\zstd-jni\1.5.5-2\zstd-jni-1.5.5-2.jar;C:\Users\ZAIN UL ABDIN\AppData\Local\Coursier\cache\v1\https\repo1.maven.org\maven2\org\codehaus\plexus\plexus-classworlds\2.6.0\plexus-classworlds-2.6.0.jar;C:\Users\ZAIN UL ABDIN\AppData\Local\Coursier\cache\v1\https\repo1.maven.org\maven2\org\apache\xbean\xbean-reflect\3.7\xbean-reflect-3.7.jar;C:\Users\ZAIN UL ABDIN\AppData\Local\Coursier\cache\v1\https\repo1.maven.org\maven2\org\fusesource\jansi\jansi\1.18\jansi-1.18.jar;C:\Users\ZAIN UL ABDIN\AppData\Local\Coursier\cache\v1\https\repo1.maven.org\maven2\org\apache\httpcomponents\httpclient\4.5.10\httpclient-4.5.10.jar;C:\Users\ZAIN UL ABDIN\AppData\Local\Coursier\cache\v1\https\repo1.maven.org\maven2\org\apache\httpcomponents\httpcore\4.4.12\httpcore-4.4.12.jar;C:\Users\ZAIN UL ABDIN\AppData\Local\Coursier\cache\v1\https\repo1.maven.org\maven2\io\opencensus\opencensus-api\0.24.0\opencensus-api-0.24.0.jar;C:\Users\ZAIN UL ABDIN\AppData\Local\Coursier\cache\v1\https\repo1.maven.org\maven2\io\opencensus\opencensus-contrib-http-util\0.24.0\opencensus-contrib-http-util-0.24.0.jar;C:\Users\ZAIN UL ABDIN\AppData\Local\Coursier\cache\v1\https\repo1.maven.org\maven2\com\google\auto\value\auto-value-annotations\1.6.6\auto-value-annotations-1.6.6.jar;C:\Users\ZAIN UL ABDIN\AppData\Local\Coursier\cache\v1\https\repo1.maven.org\maven2\com\google\auth\google-auth-library-credentials\0.18.0\google-auth-library-credentials-0.18.0.jar;C:\Users\ZAIN UL ABDIN\AppData\Local\Coursier\cache\v1\https\repo1.maven.org\maven2\com\google\http-client\google-http-client-jackson2\1.32.1\google-http-client-jackson2-1.32.1.jar;C:\Users\ZAIN UL ABDIN\AppData\Local\Coursier\cache\v1\https\repo1.maven.org\maven2\com\fasterxml\jackson\core\jackson-annotations\2.13.3\jackson-annotations-2.13.3.jar;C:\Users\ZAIN UL ABDIN\AppData\Local\Coursier\cache\v1\https\repo1.maven.org\maven2\com\fasterxml\jackson\core\jackson-core\2.13.3\jackson-core-2.13.3.jar;C:\Users\ZAIN UL ABDIN\AppData\Local\Coursier\cache\v1\https\repo1.maven.org\maven2\org\scala-lang\scala3-interfaces\3.1.2\scala3-interfaces-3.1.2.jar;C:\Users\ZAIN UL ABDIN\AppData\Local\Coursier\cache\v1\https\repo1.maven.org\maven2\org\scala-lang\tasty-core_3\3.1.2\tasty-core_3-3.1.2.jar;C:\Users\ZAIN UL ABDIN\AppData\Local\Coursier\cache\v1\https\repo1.maven.org\maven2\org\scala-lang\modules\scala-asm\9.1.0-scala-1\scala-asm-9.1.0-scala-1.jar;C:\Users\ZAIN UL ABDIN\AppData\Local\Coursier\cache\v1\https\repo1.maven.org\maven2\org\scala-sbt\compiler-interface\1.3.5\compiler-interface-1.3.5.jar;C:\Users\ZAIN UL ABDIN\AppData\Local\Coursier\cache\v1\https\repo1.maven.org\maven2\org\jline\jline-reader\3.19.0\jline-reader-3.19.0.jar;C:\Users\ZAIN UL ABDIN\AppData\Local\Coursier\cache\v1\https\repo1.maven.org\maven2\org\jline\jline-terminal\3.19.0\jline-terminal-3.19.0.jar;C:\Users\ZAIN UL ABDIN\AppData\Local\Coursier\cache\v1\https\repo1.maven.org\maven2\org\jline\jline-terminal-jna\3.19.0\jline-terminal-jna-3.19.0.jar;C:\Users\ZAIN UL ABDIN\AppData\Local\Coursier\cache\v1\https\repo1.maven.org\maven2\com\lihaoyi\sourcecode_2.13\0.3.0\sourcecode_2.13-0.3.0.jar;C:\Users\ZAIN UL ABDIN\AppData\Local\Coursier\cache\v1\https\repo1.maven.org\maven2\com\thesamet\scalapb\scalapb-runtime_2.13\0.11.13\scalapb-runtime_2.13-0.11.13.jar;C:\Users\ZAIN UL ABDIN\AppData\Local\Coursier\cache\v1\https\repo1.maven.org\maven2\org\scala-native\nir_3\0.4.14\nir_3-0.4.14.jar;C:\Users\ZAIN UL ABDIN\AppData\Local\Coursier\cache\v1\https\repo1.maven.org\maven2\org\scala-native\util_3\0.4.14\util_3-0.4.14.jar;C:\Users\ZAIN UL ABDIN\AppData\Local\Coursier\cache\v1\https\repo1.maven.org\maven2\org\scala-lang\modules\scala-parallel-collections_3\1.0.3\scala-parallel-collections_3-1.0.3.jar;C:\Users\ZAIN UL ABDIN\AppData\Local\Coursier\cache\v1\https\repo1.maven.org\maven2\org\hamcrest\hamcrest-core\1.3\hamcrest-core-1.3.jar;C:\Users\ZAIN UL ABDIN\AppData\Local\Coursier\cache\v1\https\repo1.maven.org\maven2\org\scala-js\scalajs-logging_2.13\1.1.1\scalajs-logging_2.13-1.1.1.jar;C:\Users\ZAIN UL ABDIN\AppData\Local\Coursier\cache\v1\https\repo1.maven.org\maven2\io\github\alexarchambault\bleep\bloop-rifle_2.13\1.5.9-sc-1\bloop-rifle_2.13-1.5.9-sc-1.jar;C:\Users\ZAIN UL ABDIN\AppData\Local\Coursier\cache\v1\https\repo1.maven.org\maven2\io\get-coursier\coursier-jvm_2.13\2.1.5\coursier-jvm_2.13-2.1.5.jar;C:\Users\ZAIN UL ABDIN\AppData\Local\Coursier\cache\v1\https\repo1.maven.org\maven2\io\get-coursier\dependency_3\0.2.3\dependency_3-0.2.3.jar;C:\Users\ZAIN UL ABDIN\AppData\Local\Coursier\cache\v1\https\repo1.maven.org\maven2\org\eclipse\jgit\org.eclipse.jgit\6.6.0.202305301015-r\org.eclipse.jgit-6.6.0.202305301015-r.jar;C:\Users\ZAIN UL ABDIN\AppData\Local\Coursier\cache\v1\https\repo1.maven.org\maven2\org\scala-js\scalajs-env-jsdom-nodejs_2.13\1.1.0\scalajs-env-jsdom-nodejs_2.13-1.1.0.jar;C:\Users\ZAIN UL ABDIN\AppData\Local\Coursier\cache\v1\https\repo1.maven.org\maven2\org\eclipse\lsp4j\org.eclipse.lsp4j.generator\0.20.1\org.eclipse.lsp4j.generator-0.20.1.jar;C:\Users\ZAIN UL ABDIN\AppData\Local\Coursier\cache\v1\https\repo1.maven.org\maven2\org\eclipse\lsp4j\org.eclipse.lsp4j.jsonrpc\0.20.1\org.eclipse.lsp4j.jsonrpc-0.20.1.jar;C:\Users\ZAIN UL ABDIN\AppData\Local\Coursier\cache\v1\https\repo1.maven.org\maven2\commons-logging\commons-logging\1.2\commons-logging-1.2.jar;C:\Users\ZAIN UL ABDIN\AppData\Local\Coursier\cache\v1\https\repo1.maven.org\maven2\commons-codec\commons-codec\1.11\commons-codec-1.11.jar;C:\Users\ZAIN UL ABDIN\AppData\Local\Coursier\cache\v1\https\repo1.maven.org\maven2\io\grpc\grpc-context\1.22.1\grpc-context-1.22.1.jar;C:\Users\ZAIN UL ABDIN\AppData\Local\Coursier\cache\v1\https\repo1.maven.org\maven2\com\google\protobuf\protobuf-java\3.19.6\protobuf-java-3.19.6.jar;C:\Users\ZAIN UL ABDIN\AppData\Local\Coursier\cache\v1\https\repo1.maven.org\maven2\org\scala-sbt\util-interface\1.3.0\util-interface-1.3.0.jar;C:\Users\ZAIN UL ABDIN\AppData\Local\Coursier\cache\v1\https\repo1.maven.org\maven2\com\thesamet\scalapb\lenses_2.13\0.11.13\lenses_2.13-0.11.13.jar;C:\Users\ZAIN UL ABDIN\AppData\Local\Coursier\cache\v1\https\repo1.maven.org\maven2\io\github\alexarchambault\libdaemon\libdaemon_2.13\0.0.11\libdaemon_2.13-0.0.11.jar;C:\Users\ZAIN UL ABDIN\AppData\Local\Coursier\cache\v1\https\repo1.maven.org\maven2\io\github\alexarchambault\scala-cli\snailgun\snailgun-core_2.13\0.4.1-sc2\snailgun-core_2.13-0.4.1-sc2.jar;C:\Users\ZAIN UL ABDIN\AppData\Local\Coursier\cache\v1\https\repo1.maven.org\maven2\com\github\alexarchambault\argonaut-shapeless_6.3_2.13\1.3.1\argonaut-shapeless_6.3_2.13-1.3.1.jar;C:\Users\ZAIN UL ABDIN\AppData\Local\Coursier\cache\v1\https\repo1.maven.org\maven2\io\get-coursier\coursier_2.13\2.1.5\coursier_2.13-2.1.5.jar;C:\Users\ZAIN UL ABDIN\AppData\Local\Coursier\cache\v1\https\repo1.maven.org\maven2\io\get-coursier\coursier-env_2.13\2.1.5\coursier-env_2.13-2.1.5.jar;C:\Users\ZAIN UL ABDIN\AppData\Local\Coursier\cache\v1\https\repo1.maven.org\maven2\com\googlecode\javaewah\JavaEWAH\1.2.3\JavaEWAH-1.2.3.jar;C:\Users\ZAIN UL ABDIN\AppData\Local\Coursier\cache\v1\https\repo1.maven.org\maven2\org\eclipse\xtend\org.eclipse.xtend.lib\2.28.0\org.eclipse.xtend.lib-2.28.0.jar;C:\Users\ZAIN UL ABDIN\AppData\Local\Coursier\cache\v1\https\repo1.maven.org\maven2\com\google\code\gson\gson\2.10.1\gson-2.10.1.jar;C:\Users\ZAIN UL ABDIN\AppData\Local\Coursier\cache\v1\https\repo1.maven.org\maven2\io\argonaut\argonaut_2.13\6.3.8\argonaut_2.13-6.3.8.jar;C:\Users\ZAIN UL ABDIN\AppData\Local\Coursier\cache\v1\https\repo1.maven.org\maven2\com\chuusai\shapeless_2.13\2.3.9\shapeless_2.13-2.3.9.jar;C:\Users\ZAIN UL ABDIN\AppData\Local\Coursier\cache\v1\https\repo1.maven.org\maven2\org\eclipse\xtext\org.eclipse.xtext.xbase.lib\2.28.0\org.eclipse.xtext.xbase.lib-2.28.0.jar;C:\Users\ZAIN UL ABDIN\AppData\Local\Coursier\cache\v1\https\repo1.maven.org\maven2\org\eclipse\xtend\org.eclipse.xtend.lib.macro\2.28.0\org.eclipse.xtend.lib.macro-2.28.0.jar, scala.cli.ScalaCli, bsp, C:\Users\ZAIN UL ABDIN\Documents\scala_learnings\first_class)
2023.09.04 12:26:41 WARN  No build session currently active to reload.
2023.09.04 12:26:41 INFO  tracing is disabled for protocol BSP, to enable tracing of incoming and outgoing JSON messages create an empty file at C:\Users\ZAIN UL ABDIN\Documents\scala_learnings\first_class\.metals\bsp.trace.json or C:\Users\ZAIN UL ABDIN\AppData\Local\scalameta\metals\cache\bsp.trace.json
2023.09.04 12:26:50 INFO  no build target found for C:\Users\ZAIN UL ABDIN\Documents\scala_learnings\first_class\project.scala. Using presentation compiler with project's scala-library version: 3.3.0
2023.09.04 12:26:55 INFO  time: code lens generation in 14s
2023.09.04 12:27:01 INFO  BSP server: Starting compilation server
2023.09.04 12:27:01 ERROR Timeout waiting for 'build/initialize' response
2023.09.04 12:27:01 WARN  Retrying connection to the build server scala-cli
2023.09.04 12:27:01 INFO  Running BSP server List(C:\Users\ZAIN UL ABDIN\AppData\Local\Programs\Eclipse Adoptium\jdk-17.0.8.7-hotspot\bin\java.exe, -cp, C:\Users\ZAIN UL ABDIN\AppData\Local\Coursier\cache\v1\https\repo1.maven.org\maven2\org\virtuslab\scala-cli\cli_3\1.0.4\cli_3-1.0.4.jar;C:\Users\ZAIN UL ABDIN\AppData\Local\Coursier\cache\v1\https\repo1.maven.org\maven2\com\github\alexarchambault\case-app_3\2.1.0-M25\case-app_3-2.1.0-M25.jar;C:\Users\ZAIN UL ABDIN\AppData\Local\Coursier\cache\v1\https\repo1.maven.org\maven2\io\get-coursier\coursier-launcher_2.13\2.1.5\coursier-launcher_2.13-2.1.5.jar;C:\Users\ZAIN UL ABDIN\AppData\Local\Coursier\cache\v1\https\repo1.maven.org\maven2\io\get-coursier\coursier-proxy-setup\2.1.5\coursier-proxy-setup-2.1.5.jar;C:\Users\ZAIN UL ABDIN\AppData\Local\Coursier\cache\v1\https\repo1.maven.org\maven2\io\get-coursier\publish\publish_2.13\0.1.4\publish_2.13-0.1.4.jar;C:\Users\ZAIN UL ABDIN\AppData\Local\Coursier\cache\v1\https\repo1.maven.org\maven2\com\google\jimfs\jimfs\1.3.0\jimfs-1.3.0.jar;C:\Users\ZAIN UL ABDIN\AppData\Local\Coursier\cache\v1\https\repo1.maven.org\maven2\io\get-coursier\jniutils\windows-jni-utils\0.3.3\windows-jni-utils-0.3.3.jar;C:\Users\ZAIN UL ABDIN\AppData\Local\Coursier\cache\v1\https\repo1.maven.org\maven2\com\github\plokhotnyuk\jsoniter-scala\jsoniter-scala-core_3\2.13.5.2\jsoniter-scala-core_3-2.13.5.2.jar;C:\Users\ZAIN UL ABDIN\AppData\Local\Coursier\cache\v1\https\repo1.maven.org\maven2\org\virtuslab\scala-cli\libsodiumjni\0.0.3\libsodiumjni-0.0.3.jar;C:\Users\ZAIN UL ABDIN\AppData\Local\Coursier\cache\v1\https\repo1.maven.org\maven2\com\geirsson\metaconfig-typesafe-config_3\0.11.1\metaconfig-typesafe-config_3-0.11.1.jar;C:\Users\ZAIN UL ABDIN\AppData\Local\Coursier\cache\v1\https\repo1.maven.org\maven2\ai\kien\python-native-libs_3\0.2.4\python-native-libs_3-0.2.4.jar;C:\Users\ZAIN UL ABDIN\AppData\Local\Coursier\cache\v1\https\repo1.maven.org\maven2\org\virtuslab\scala-packager_2.13\0.1.29\scala-packager_2.13-0.1.29.jar;C:\Users\ZAIN UL ABDIN\AppData\Local\Coursier\cache\v1\https\repo1.maven.org\maven2\org\virtuslab\scala-cli-signing\cli_3\0.2.2\cli_3-0.2.2.jar;C:\Users\ZAIN UL ABDIN\AppData\Local\Coursier\cache\v1\https\repo1.maven.org\maven2\org\slf4j\slf4j-nop\2.0.7\slf4j-nop-2.0.7.jar;C:\Users\ZAIN UL ABDIN\AppData\Local\Coursier\cache\v1\https\repo1.maven.org\maven2\com\softwaremill\sttp\client3\core_2.13\3.8.16\core_2.13-3.8.16.jar;C:\Users\ZAIN UL ABDIN\AppData\Local\Coursier\cache\v1\https\repo1.maven.org\maven2\org\scala-lang\scala3-library_3\3.3.0\scala3-library_3-3.3.0.jar;C:\Users\ZAIN UL ABDIN\AppData\Local\Coursier\cache\v1\https\repo1.maven.org\maven2\org\virtuslab\scala-cli\build-module_3\1.0.4\build-module_3-1.0.4.jar;C:\Users\ZAIN UL ABDIN\AppData\Local\Coursier\cache\v1\https\repo1.maven.org\maven2\org\virtuslab\scala-cli\config_3\1.0.4\config_3-1.0.4.jar;C:\Users\ZAIN UL ABDIN\AppData\Local\Coursier\cache\v1\https\repo1.maven.org\maven2\org\virtuslab\scala-cli\scala3-graal_3\1.0.4\scala3-graal_3-1.0.4.jar;C:\Users\ZAIN UL ABDIN\AppData\Local\Coursier\cache\v1\https\repo1.maven.org\maven2\org\virtuslab\scala-cli\specification-level_3\1.0.4\specification-level_3-1.0.4.jar;C:\Users\ZAIN UL ABDIN\AppData\Local\Coursier\cache\v1\https\repo1.maven.org\maven2\com\github\alexarchambault\case-app-annotations_3\2.1.0-M25\case-app-annotations_3-2.1.0-M25.jar;C:\Users\ZAIN UL ABDIN\AppData\Local\Coursier\cache\v1\https\repo1.maven.org\maven2\com\github\alexarchambault\case-app-util_3\2.1.0-M25\case-app-util_3-2.1.0-M25.jar;C:\Users\ZAIN UL ABDIN\AppData\Local\Coursier\cache\v1\https\repo1.maven.org\maven2\com\lihaoyi\sourcecode_3\0.3.0\sourcecode_3-0.3.0.jar;C:\Users\ZAIN UL ABDIN\AppData\Local\Coursier\cache\v1\https\repo1.maven.org\maven2\org\scala-lang\modules\scala-collection-compat_2.13\2.11.0\scala-collection-compat_2.13-2.11.0.jar;C:\Users\ZAIN UL ABDIN\AppData\Local\Coursier\cache\v1\https\repo1.maven.org\maven2\io\github\alexarchambault\scala-cli\tmp\zip-input-stream\0.1.1\zip-input-stream-0.1.1.jar;C:\Users\ZAIN UL ABDIN\AppData\Local\Coursier\cache\v1\https\repo1.maven.org\maven2\ai\kien\python-native-libs_2.13\0.2.4\python-native-libs_2.13-0.2.4.jar;C:\Users\ZAIN UL ABDIN\AppData\Local\Coursier\cache\v1\https\repo1.maven.org\maven2\org\scala-lang\scala-library\2.13.11\scala-library-2.13.11.jar;C:\Users\ZAIN UL ABDIN\AppData\Local\Coursier\cache\v1\https\repo1.maven.org\maven2\io\get-coursier\coursier-cache_2.13\2.1.5\coursier-cache_2.13-2.1.5.jar;C:\Users\ZAIN UL ABDIN\AppData\Local\Coursier\cache\v1\https\repo1.maven.org\maven2\io\get-coursier\coursier-core_2.13\2.1.5\coursier-core_2.13-2.1.5.jar;C:\Users\ZAIN UL ABDIN\AppData\Local\Coursier\cache\v1\https\repo1.maven.org\maven2\com\github\plokhotnyuk\jsoniter-scala\jsoniter-scala-core_2.13\2.13.15\jsoniter-scala-core_2.13-2.13.15.jar;C:\Users\ZAIN UL ABDIN\AppData\Local\Coursier\cache\v1\https\repo1.maven.org\maven2\com\google\guava\guava\32.1.2-jre\guava-32.1.2-jre.jar;C:\Users\ZAIN UL ABDIN\AppData\Local\Coursier\cache\v1\https\repo1.maven.org\maven2\net\java\dev\jna\jna\5.12.1\jna-5.12.1.jar;C:\Users\ZAIN UL ABDIN\AppData\Local\Coursier\cache\v1\https\repo1.maven.org\maven2\net\java\dev\jna\jna-platform\5.12.1\jna-platform-5.12.1.jar;C:\Users\ZAIN UL ABDIN\AppData\Local\Coursier\cache\v1\https\repo1.maven.org\maven2\com\geirsson\metaconfig-core_3\0.11.1\metaconfig-core_3-0.11.1.jar;C:\Users\ZAIN UL ABDIN\AppData\Local\Coursier\cache\v1\https\repo1.maven.org\maven2\com\typesafe\config\1.4.1\config-1.4.1.jar;C:\Users\ZAIN UL ABDIN\AppData\Local\Coursier\cache\v1\https\repo1.maven.org\maven2\org\scala-lang\modules\scala-collection-compat_3\2.11.0\scala-collection-compat_3-2.11.0.jar;C:\Users\ZAIN UL ABDIN\AppData\Local\Coursier\cache\v1\https\repo1.maven.org\maven2\commons-io\commons-io\2.11.0\commons-io-2.11.0.jar;C:\Users\ZAIN UL ABDIN\AppData\Local\Coursier\cache\v1\https\repo1.maven.org\maven2\com\google\cloud\tools\jib-core\0.22.0\jib-core-0.22.0.jar;C:\Users\ZAIN UL ABDIN\AppData\Local\Coursier\cache\v1\https\repo1.maven.org\maven2\com\lihaoyi\os-lib_2.13\0.8.1\os-lib_2.13-0.8.1.jar;C:\Users\ZAIN UL ABDIN\AppData\Local\Coursier\cache\v1\https\repo1.maven.org\maven2\org\bouncycastle\bcpg-jdk18on\1.73\bcpg-jdk18on-1.73.jar;C:\Users\ZAIN UL ABDIN\AppData\Local\Coursier\cache\v1\https\repo1.maven.org\maven2\org\virtuslab\scala-cli-signing\shared_3\0.2.2\shared_3-0.2.2.jar;C:\Users\ZAIN UL ABDIN\AppData\Local\Coursier\cache\v1\https\repo1.maven.org\maven2\org\slf4j\slf4j-api\2.0.7\slf4j-api-2.0.7.jar;C:\Users\ZAIN UL ABDIN\AppData\Local\Coursier\cache\v1\https\repo1.maven.org\maven2\com\softwaremill\sttp\model\core_2.13\1.5.5\core_2.13-1.5.5.jar;C:\Users\ZAIN UL ABDIN\AppData\Local\Coursier\cache\v1\https\repo1.maven.org\maven2\com\softwaremill\sttp\shared\core_2.13\1.3.13\core_2.13-1.3.13.jar;C:\Users\ZAIN UL ABDIN\AppData\Local\Coursier\cache\v1\https\repo1.maven.org\maven2\com\softwaremill\sttp\shared\ws_2.13\1.3.13\ws_2.13-1.3.13.jar;C:\Users\ZAIN UL ABDIN\AppData\Local\Coursier\cache\v1\https\repo1.maven.org\maven2\org\ow2\asm\asm\9.5\asm-9.5.jar;C:\Users\ZAIN UL ABDIN\AppData\Local\Coursier\cache\v1\https\repo1.maven.org\maven2\io\github\alexarchambault\scala-cli\java-class-name_3\0.1.0\java-class-name_3-0.1.0.jar;C:\Users\ZAIN UL ABDIN\AppData\Local\Coursier\cache\v1\https\repo1.maven.org\maven2\org\scalameta\trees_2.13\4.8.7\trees_2.13-4.8.7.jar;C:\Users\ZAIN UL ABDIN\AppData\Local\Coursier\cache\v1\https\repo1.maven.org\maven2\org\scala-native\test-runner_3\0.4.14\test-runner_3-0.4.14.jar;C:\Users\ZAIN UL ABDIN\AppData\Local\Coursier\cache\v1\https\repo1.maven.org\maven2\com\lihaoyi\os-lib_3\0.9.1\os-lib_3-0.9.1.jar;C:\Users\ZAIN UL ABDIN\AppData\Local\Coursier\cache\v1\https\repo1.maven.org\maven2\com\lihaoyi\pprint_3\0.8.1\pprint_3-0.8.1.jar;C:\Users\ZAIN UL ABDIN\AppData\Local\Coursier\cache\v1\https\repo1.maven.org\maven2\org\scala-js\scalajs-env-nodejs_2.13\1.4.0\scalajs-env-nodejs_2.13-1.4.0.jar;C:\Users\ZAIN UL ABDIN\AppData\Local\Coursier\cache\v1\https\repo1.maven.org\maven2\org\scala-js\scalajs-sbt-test-adapter_2.13\1.13.2\scalajs-sbt-test-adapter_2.13-1.13.2.jar;C:\Users\ZAIN UL ABDIN\AppData\Local\Coursier\cache\v1\https\repo1.maven.org\maven2\com\swoval\file-tree-views\2.1.10\file-tree-views-2.1.10.jar;C:\Users\ZAIN UL ABDIN\AppData\Local\Coursier\cache\v1\https\repo1.maven.org\maven2\org\virtuslab\scala-cli\options_3\1.0.4\options_3-1.0.4.jar;C:\Users\ZAIN UL ABDIN\AppData\Local\Coursier\cache\v1\https\repo1.maven.org\maven2\org\virtuslab\scala-cli\directives_3\1.0.4\directives_3-1.0.4.jar;C:\Users\ZAIN UL ABDIN\AppData\Local\Coursier\cache\v1\https\repo1.maven.org\maven2\org\virtuslab\scala-cli\scala-cli-bsp\1.0.4\scala-cli-bsp-1.0.4.jar;C:\Users\ZAIN UL ABDIN\AppData\Local\Coursier\cache\v1\https\repo1.maven.org\maven2\org\virtuslab\scala-cli\test-runner_2.13\1.0.4\test-runner_2.13-1.0.4.jar;C:\Users\ZAIN UL ABDIN\AppData\Local\Coursier\cache\v1\https\repo1.maven.org\maven2\org\virtuslab\scala-cli\tasty-lib_3\1.0.4\tasty-lib_3-1.0.4.jar;C:\Users\ZAIN UL ABDIN\AppData\Local\Coursier\cache\v1\https\repo1.maven.org\maven2\org\codehaus\plexus\plexus-archiver\4.7.1\plexus-archiver-4.7.1.jar;C:\Users\ZAIN UL ABDIN\AppData\Local\Coursier\cache\v1\https\repo1.maven.org\maven2\org\codehaus\plexus\plexus-container-default\2.1.1\plexus-container-default-2.1.1.jar;C:\Users\ZAIN UL ABDIN\AppData\Local\Coursier\cache\v1\https\repo1.maven.org\maven2\io\github\alexarchambault\windows-ansi\windows-ansi\0.0.5\windows-ansi-0.0.5.jar;C:\Users\ZAIN UL ABDIN\AppData\Local\Coursier\cache\v1\https\repo1.maven.org\maven2\io\get-coursier\coursier-util_2.13\2.1.5\coursier-util_2.13-2.1.5.jar;C:\Users\ZAIN UL ABDIN\AppData\Local\Coursier\cache\v1\https\repo1.maven.org\maven2\io\github\alexarchambault\concurrent-reference-hash-map\1.1.0\concurrent-reference-hash-map-1.1.0.jar;C:\Users\ZAIN UL ABDIN\AppData\Local\Coursier\cache\v1\https\repo1.maven.org\maven2\org\scala-lang\modules\scala-xml_2.13\2.1.0\scala-xml_2.13-2.1.0.jar;C:\Users\ZAIN UL ABDIN\AppData\Local\Coursier\cache\v1\https\repo1.maven.org\maven2\com\google\guava\failureaccess\1.0.1\failureaccess-1.0.1.jar;C:\Users\ZAIN UL ABDIN\AppData\Local\Coursier\cache\v1\https\repo1.maven.org\maven2\com\google\guava\listenablefuture\9999.0-empty-to-avoid-conflict-with-guava\listenablefuture-9999.0-empty-to-avoid-conflict-with-guava.jar;C:\Users\ZAIN UL ABDIN\AppData\Local\Coursier\cache\v1\https\repo1.maven.org\maven2\com\google\code\findbugs\jsr305\3.0.2\jsr305-3.0.2.jar;C:\Users\ZAIN UL ABDIN\AppData\Local\Coursier\cache\v1\https\repo1.maven.org\maven2\org\checkerframework\checker-qual\3.33.0\checker-qual-3.33.0.jar;C:\Users\ZAIN UL ABDIN\AppData\Local\Coursier\cache\v1\https\repo1.maven.org\maven2\com\google\errorprone\error_prone_annotations\2.18.0\error_prone_annotations-2.18.0.jar;C:\Users\ZAIN UL ABDIN\AppData\Local\Coursier\cache\v1\https\repo1.maven.org\maven2\com\google\j2objc\j2objc-annotations\2.8\j2objc-annotations-2.8.jar;C:\Users\ZAIN UL ABDIN\AppData\Local\Coursier\cache\v1\https\repo1.maven.org\maven2\com\geirsson\metaconfig-pprint_3\0.11.1\metaconfig-pprint_3-0.11.1.jar;C:\Users\ZAIN UL ABDIN\AppData\Local\Coursier\cache\v1\https\repo1.maven.org\maven2\org\typelevel\paiges-core_3\0.4.2\paiges-core_3-0.4.2.jar;C:\Users\ZAIN UL ABDIN\AppData\Local\Coursier\cache\v1\https\repo1.maven.org\maven2\org\scala-lang\scala-reflect\2.13.8\scala-reflect-2.13.8.jar;C:\Users\ZAIN UL ABDIN\AppData\Local\Coursier\cache\v1\https\repo1.maven.org\maven2\com\google\cloud\tools\jib-build-plan\0.4.0\jib-build-plan-0.4.0.jar;C:\Users\ZAIN UL ABDIN\AppData\Local\Coursier\cache\v1\https\repo1.maven.org\maven2\com\google\http-client\google-http-client\1.34.0\google-http-client-1.34.0.jar;C:\Users\ZAIN UL ABDIN\AppData\Local\Coursier\cache\v1\https\repo1.maven.org\maven2\com\google\http-client\google-http-client-apache-v2\1.34.0\google-http-client-apache-v2-1.34.0.jar;C:\Users\ZAIN UL ABDIN\AppData\Local\Coursier\cache\v1\https\repo1.maven.org\maven2\com\google\auth\google-auth-library-oauth2-http\0.18.0\google-auth-library-oauth2-http-0.18.0.jar;C:\Users\ZAIN UL ABDIN\AppData\Local\Coursier\cache\v1\https\repo1.maven.org\maven2\org\apache\commons\commons-compress\1.23.0\commons-compress-1.23.0.jar;C:\Users\ZAIN UL ABDIN\AppData\Local\Coursier\cache\v1\https\repo1.maven.org\maven2\com\fasterxml\jackson\core\jackson-databind\2.13.3\jackson-databind-2.13.3.jar;C:\Users\ZAIN UL ABDIN\AppData\Local\Coursier\cache\v1\https\repo1.maven.org\maven2\com\fasterxml\jackson\datatype\jackson-datatype-jsr310\2.13.3\jackson-datatype-jsr310-2.13.3.jar;C:\Users\ZAIN UL ABDIN\AppData\Local\Coursier\cache\v1\https\repo1.maven.org\maven2\com\lihaoyi\geny_2.13\0.7.1\geny_2.13-0.7.1.jar;C:\Users\ZAIN UL ABDIN\AppData\Local\Coursier\cache\v1\https\repo1.maven.org\maven2\org\bouncycastle\bcprov-jdk18on\1.73\bcprov-jdk18on-1.73.jar;C:\Users\ZAIN UL ABDIN\AppData\Local\Coursier\cache\v1\https\repo1.maven.org\maven2\org\scala-lang\scala3-compiler_3\3.1.2\scala3-compiler_3-3.1.2.jar;C:\Users\ZAIN UL ABDIN\AppData\Local\Coursier\cache\v1\https\repo1.maven.org\maven2\org\scalameta\common_2.13\4.8.7\common_2.13-4.8.7.jar;C:\Users\ZAIN UL ABDIN\AppData\Local\Coursier\cache\v1\https\repo1.maven.org\maven2\org\scala-native\tools_3\0.4.14\tools_3-0.4.14.jar;C:\Users\ZAIN UL ABDIN\AppData\Local\Coursier\cache\v1\https\repo1.maven.org\maven2\org\scala-sbt\test-interface\1.0\test-interface-1.0.jar;C:\Users\ZAIN UL ABDIN\AppData\Local\Coursier\cache\v1\https\repo1.maven.org\maven2\com\novocode\junit-interface\0.11\junit-interface-0.11.jar;C:\Users\ZAIN UL ABDIN\AppData\Local\Coursier\cache\v1\https\repo1.maven.org\maven2\junit\junit\4.13.2\junit-4.13.2.jar;C:\Users\ZAIN UL ABDIN\AppData\Local\Coursier\cache\v1\https\repo1.maven.org\maven2\com\lihaoyi\geny_3\1.0.0\geny_3-1.0.0.jar;C:\Users\ZAIN UL ABDIN\AppData\Local\Coursier\cache\v1\https\repo1.maven.org\maven2\com\lihaoyi\fansi_3\0.4.0\fansi_3-0.4.0.jar;C:\Users\ZAIN UL ABDIN\AppData\Local\Coursier\cache\v1\https\repo1.maven.org\maven2\org\scala-js\scalajs-js-envs_2.13\1.4.0\scalajs-js-envs_2.13-1.4.0.jar;C:\Users\ZAIN UL ABDIN\AppData\Local\Coursier\cache\v1\https\repo1.maven.org\maven2\ch\epfl\scala\bloop-config_2.13\1.5.5\bloop-config_2.13-1.5.5.jar;C:\Users\ZAIN UL ABDIN\AppData\Local\Coursier\cache\v1\https\repo1.maven.org\maven2\org\virtuslab\scala-cli\core_3\1.0.4\core_3-1.0.4.jar;C:\Users\ZAIN UL ABDIN\AppData\Local\Coursier\cache\v1\https\repo1.maven.org\maven2\org\virtuslab\using_directives\1.1.0\using_directives-1.1.0.jar;C:\Users\ZAIN UL ABDIN\AppData\Local\Coursier\cache\v1\https\repo1.maven.org\maven2\org\virtuslab\scala-cli\build-macros_3\1.0.4\build-macros_3-1.0.4.jar;C:\Users\ZAIN UL ABDIN\AppData\Local\Coursier\cache\v1\https\repo1.maven.org\maven2\ch\epfl\scala\bsp4j\2.1.0-M5\bsp4j-2.1.0-M5.jar;C:\Users\ZAIN UL ABDIN\AppData\Local\Coursier\cache\v1\https\repo1.maven.org\maven2\javax\inject\javax.inject\1\javax.inject-1.jar;C:\Users\ZAIN UL ABDIN\AppData\Local\Coursier\cache\v1\https\repo1.maven.org\maven2\org\codehaus\plexus\plexus-utils\3.5.1\plexus-utils-3.5.1.jar;C:\Users\ZAIN UL ABDIN\AppData\Local\Coursier\cache\v1\https\repo1.maven.org\maven2\org\codehaus\plexus\plexus-io\3.4.1\plexus-io-3.4.1.jar;C:\Users\ZAIN UL ABDIN\AppData\Local\Coursier\cache\v1\https\repo1.maven.org\maven2\org\iq80\snappy\snappy\0.4\snappy-0.4.jar;C:\Users\ZAIN UL ABDIN\AppData\Local\Coursier\cache\v1\https\repo1.maven.org\maven2\org\tukaani\xz\1.9\xz-1.9.jar;C:\Users\ZAIN UL ABDIN\AppData\Local\Coursier\cache\v1\https\repo1.maven.org\maven2\com\github\luben\zstd-jni\1.5.5-2\zstd-jni-1.5.5-2.jar;C:\Users\ZAIN UL ABDIN\AppData\Local\Coursier\cache\v1\https\repo1.maven.org\maven2\org\codehaus\plexus\plexus-classworlds\2.6.0\plexus-classworlds-2.6.0.jar;C:\Users\ZAIN UL ABDIN\AppData\Local\Coursier\cache\v1\https\repo1.maven.org\maven2\org\apache\xbean\xbean-reflect\3.7\xbean-reflect-3.7.jar;C:\Users\ZAIN UL ABDIN\AppData\Local\Coursier\cache\v1\https\repo1.maven.org\maven2\org\fusesource\jansi\jansi\1.18\jansi-1.18.jar;C:\Users\ZAIN UL ABDIN\AppData\Local\Coursier\cache\v1\https\repo1.maven.org\maven2\org\apache\httpcomponents\httpclient\4.5.10\httpclient-4.5.10.jar;C:\Users\ZAIN UL ABDIN\AppData\Local\Coursier\cache\v1\https\repo1.maven.org\maven2\org\apache\httpcomponents\httpcore\4.4.12\httpcore-4.4.12.jar;C:\Users\ZAIN UL ABDIN\AppData\Local\Coursier\cache\v1\https\repo1.maven.org\maven2\io\opencensus\opencensus-api\0.24.0\opencensus-api-0.24.0.jar;C:\Users\ZAIN UL ABDIN\AppData\Local\Coursier\cache\v1\https\repo1.maven.org\maven2\io\opencensus\opencensus-contrib-http-util\0.24.0\opencensus-contrib-http-util-0.24.0.jar;C:\Users\ZAIN UL ABDIN\AppData\Local\Coursier\cache\v1\https\repo1.maven.org\maven2\com\google\auto\value\auto-value-annotations\1.6.6\auto-value-annotations-1.6.6.jar;C:\Users\ZAIN UL ABDIN\AppData\Local\Coursier\cache\v1\https\repo1.maven.org\maven2\com\google\auth\google-auth-library-credentials\0.18.0\google-auth-library-credentials-0.18.0.jar;C:\Users\ZAIN UL ABDIN\AppData\Local\Coursier\cache\v1\https\repo1.maven.org\maven2\com\google\http-client\google-http-client-jackson2\1.32.1\google-http-client-jackson2-1.32.1.jar;C:\Users\ZAIN UL ABDIN\AppData\Local\Coursier\cache\v1\https\repo1.maven.org\maven2\com\fasterxml\jackson\core\jackson-annotations\2.13.3\jackson-annotations-2.13.3.jar;C:\Users\ZAIN UL ABDIN\AppData\Local\Coursier\cache\v1\https\repo1.maven.org\maven2\com\fasterxml\jackson\core\jackson-core\2.13.3\jackson-core-2.13.3.jar;C:\Users\ZAIN UL ABDIN\AppData\Local\Coursier\cache\v1\https\repo1.maven.org\maven2\org\scala-lang\scala3-interfaces\3.1.2\scala3-interfaces-3.1.2.jar;C:\Users\ZAIN UL ABDIN\AppData\Local\Coursier\cache\v1\https\repo1.maven.org\maven2\org\scala-lang\tasty-core_3\3.1.2\tasty-core_3-3.1.2.jar;C:\Users\ZAIN UL ABDIN\AppData\Local\Coursier\cache\v1\https\repo1.maven.org\maven2\org\scala-lang\modules\scala-asm\9.1.0-scala-1\scala-asm-9.1.0-scala-1.jar;C:\Users\ZAIN UL ABDIN\AppData\Local\Coursier\cache\v1\https\repo1.maven.org\maven2\org\scala-sbt\compiler-interface\1.3.5\compiler-interface-1.3.5.jar;C:\Users\ZAIN UL ABDIN\AppData\Local\Coursier\cache\v1\https\repo1.maven.org\maven2\org\jline\jline-reader\3.19.0\jline-reader-3.19.0.jar;C:\Users\ZAIN UL ABDIN\AppData\Local\Coursier\cache\v1\https\repo1.maven.org\maven2\org\jline\jline-terminal\3.19.0\jline-terminal-3.19.0.jar;C:\Users\ZAIN UL ABDIN\AppData\Local\Coursier\cache\v1\https\repo1.maven.org\maven2\org\jline\jline-terminal-jna\3.19.0\jline-terminal-jna-3.19.0.jar;C:\Users\ZAIN UL ABDIN\AppData\Local\Coursier\cache\v1\https\repo1.maven.org\maven2\com\lihaoyi\sourcecode_2.13\0.3.0\sourcecode_2.13-0.3.0.jar;C:\Users\ZAIN UL ABDIN\AppData\Local\Coursier\cache\v1\https\repo1.maven.org\maven2\com\thesamet\scalapb\scalapb-runtime_2.13\0.11.13\scalapb-runtime_2.13-0.11.13.jar;C:\Users\ZAIN UL ABDIN\AppData\Local\Coursier\cache\v1\https\repo1.maven.org\maven2\org\scala-native\nir_3\0.4.14\nir_3-0.4.14.jar;C:\Users\ZAIN UL ABDIN\AppData\Local\Coursier\cache\v1\https\repo1.maven.org\maven2\org\scala-native\util_3\0.4.14\util_3-0.4.14.jar;C:\Users\ZAIN UL ABDIN\AppData\Local\Coursier\cache\v1\https\repo1.maven.org\maven2\org\scala-lang\modules\scala-parallel-collections_3\1.0.3\scala-parallel-collections_3-1.0.3.jar;C:\Users\ZAIN UL ABDIN\AppData\Local\Coursier\cache\v1\https\repo1.maven.org\maven2\org\hamcrest\hamcrest-core\1.3\hamcrest-core-1.3.jar;C:\Users\ZAIN UL ABDIN\AppData\Local\Coursier\cache\v1\https\repo1.maven.org\maven2\org\scala-js\scalajs-logging_2.13\1.1.1\scalajs-logging_2.13-1.1.1.jar;C:\Users\ZAIN UL ABDIN\AppData\Local\Coursier\cache\v1\https\repo1.maven.org\maven2\io\github\alexarchambault\bleep\bloop-rifle_2.13\1.5.9-sc-1\bloop-rifle_2.13-1.5.9-sc-1.jar;C:\Users\ZAIN UL ABDIN\AppData\Local\Coursier\cache\v1\https\repo1.maven.org\maven2\io\get-coursier\coursier-jvm_2.13\2.1.5\coursier-jvm_2.13-2.1.5.jar;C:\Users\ZAIN UL ABDIN\AppData\Local\Coursier\cache\v1\https\repo1.maven.org\maven2\io\get-coursier\dependency_3\0.2.3\dependency_3-0.2.3.jar;C:\Users\ZAIN UL ABDIN\AppData\Local\Coursier\cache\v1\https\repo1.maven.org\maven2\org\eclipse\jgit\org.eclipse.jgit\6.6.0.202305301015-r\org.eclipse.jgit-6.6.0.202305301015-r.jar;C:\Users\ZAIN UL ABDIN\AppData\Local\Coursier\cache\v1\https\repo1.maven.org\maven2\org\scala-js\scalajs-env-jsdom-nodejs_2.13\1.1.0\scalajs-env-jsdom-nodejs_2.13-1.1.0.jar;C:\Users\ZAIN UL ABDIN\AppData\Local\Coursier\cache\v1\https\repo1.maven.org\maven2\org\eclipse\lsp4j\org.eclipse.lsp4j.generator\0.20.1\org.eclipse.lsp4j.generator-0.20.1.jar;C:\Users\ZAIN UL ABDIN\AppData\Local\Coursier\cache\v1\https\repo1.maven.org\maven2\org\eclipse\lsp4j\org.eclipse.lsp4j.jsonrpc\0.20.1\org.eclipse.lsp4j.jsonrpc-0.20.1.jar;C:\Users\ZAIN UL ABDIN\AppData\Local\Coursier\cache\v1\https\repo1.maven.org\maven2\commons-logging\commons-logging\1.2\commons-logging-1.2.jar;C:\Users\ZAIN UL ABDIN\AppData\Local\Coursier\cache\v1\https\repo1.maven.org\maven2\commons-codec\commons-codec\1.11\commons-codec-1.11.jar;C:\Users\ZAIN UL ABDIN\AppData\Local\Coursier\cache\v1\https\repo1.maven.org\maven2\io\grpc\grpc-context\1.22.1\grpc-context-1.22.1.jar;C:\Users\ZAIN UL ABDIN\AppData\Local\Coursier\cache\v1\https\repo1.maven.org\maven2\com\google\protobuf\protobuf-java\3.19.6\protobuf-java-3.19.6.jar;C:\Users\ZAIN UL ABDIN\AppData\Local\Coursier\cache\v1\https\repo1.maven.org\maven2\org\scala-sbt\util-interface\1.3.0\util-interface-1.3.0.jar;C:\Users\ZAIN UL ABDIN\AppData\Local\Coursier\cache\v1\https\repo1.maven.org\maven2\com\thesamet\scalapb\lenses_2.13\0.11.13\lenses_2.13-0.11.13.jar;C:\Users\ZAIN UL ABDIN\AppData\Local\Coursier\cache\v1\https\repo1.maven.org\maven2\io\github\alexarchambault\libdaemon\libdaemon_2.13\0.0.11\libdaemon_2.13-0.0.11.jar;C:\Users\ZAIN UL ABDIN\AppData\Local\Coursier\cache\v1\https\repo1.maven.org\maven2\io\github\alexarchambault\scala-cli\snailgun\snailgun-core_2.13\0.4.1-sc2\snailgun-core_2.13-0.4.1-sc2.jar;C:\Users\ZAIN UL ABDIN\AppData\Local\Coursier\cache\v1\https\repo1.maven.org\maven2\com\github\alexarchambault\argonaut-shapeless_6.3_2.13\1.3.1\argonaut-shapeless_6.3_2.13-1.3.1.jar;C:\Users\ZAIN UL ABDIN\AppData\Local\Coursier\cache\v1\https\repo1.maven.org\maven2\io\get-coursier\coursier_2.13\2.1.5\coursier_2.13-2.1.5.jar;C:\Users\ZAIN UL ABDIN\AppData\Local\Coursier\cache\v1\https\repo1.maven.org\maven2\io\get-coursier\coursier-env_2.13\2.1.5\coursier-env_2.13-2.1.5.jar;C:\Users\ZAIN UL ABDIN\AppData\Local\Coursier\cache\v1\https\repo1.maven.org\maven2\com\googlecode\javaewah\JavaEWAH\1.2.3\JavaEWAH-1.2.3.jar;C:\Users\ZAIN UL ABDIN\AppData\Local\Coursier\cache\v1\https\repo1.maven.org\maven2\org\eclipse\xtend\org.eclipse.xtend.lib\2.28.0\org.eclipse.xtend.lib-2.28.0.jar;C:\Users\ZAIN UL ABDIN\AppData\Local\Coursier\cache\v1\https\repo1.maven.org\maven2\com\google\code\gson\gson\2.10.1\gson-2.10.1.jar;C:\Users\ZAIN UL ABDIN\AppData\Local\Coursier\cache\v1\https\repo1.maven.org\maven2\io\argonaut\argonaut_2.13\6.3.8\argonaut_2.13-6.3.8.jar;C:\Users\ZAIN UL ABDIN\AppData\Local\Coursier\cache\v1\https\repo1.maven.org\maven2\com\chuusai\shapeless_2.13\2.3.9\shapeless_2.13-2.3.9.jar;C:\Users\ZAIN UL ABDIN\AppData\Local\Coursier\cache\v1\https\repo1.maven.org\maven2\org\eclipse\xtext\org.eclipse.xtext.xbase.lib\2.28.0\org.eclipse.xtext.xbase.lib-2.28.0.jar;C:\Users\ZAIN UL ABDIN\AppData\Local\Coursier\cache\v1\https\repo1.maven.org\maven2\org\eclipse\xtend\org.eclipse.xtend.lib.macro\2.28.0\org.eclipse.xtend.lib.macro-2.28.0.jar, scala.cli.ScalaCli, bsp, C:\Users\ZAIN UL ABDIN\Documents\scala_learnings\first_class)
2023.09.04 12:27:01 INFO  tracing is disabled for protocol BSP, to enable tracing of incoming and outgoing JSON messages create an empty file at C:\Users\ZAIN UL ABDIN\Documents\scala_learnings\first_class\.metals\bsp.trace.json or C:\Users\ZAIN UL ABDIN\AppData\Local\scalameta\metals\cache\bsp.trace.json
2023.09.04 12:27:06 INFO  BSP server: Starting compilation server
2023.09.04 12:27:13 INFO  BSP server: Downloading https://repo1.maven.org/maven2/org/typelevel/cats-core_2.12/2.1.1/cats-core_2.12-2.1.1.jar
2023.09.04 12:27:13 INFO  BSP server: Downloading https://repo1.maven.org/maven2/org/typelevel/cats-kernel_2.12/2.1.1/cats-kernel_2.12-2.1.1.jar
2023.09.04 12:27:13 INFO  BSP server: Downloading https://repo1.maven.org/maven2/org/typelevel/cats-effect_2.12/2.1.3/cats-effect_2.12-2.1.3.jar
2023.09.04 12:27:13 INFO  BSP server: Downloading https://repo1.maven.org/maven2/org/scalaz/scalaz-core_2.12/7.3.7/scalaz-core_2.12-7.3.7.jar
2023.09.04 12:27:13 INFO  BSP server: Downloading https://repo1.maven.org/maven2/io/get-coursier/interface/1.0.13/interface-1.0.13.jar
2023.09.04 12:27:13 INFO  BSP server: Downloading https://repo1.maven.org/maven2/io/zipkin/brave/brave/5.16.0/brave-5.16.0.jar
2023.09.04 12:27:15 INFO  BSP server: Downloaded https://repo1.maven.org/maven2/io/zipkin/brave/brave/5.16.0/brave-5.16.0.jar
2023.09.04 12:27:15 INFO  BSP server: Downloaded https://repo1.maven.org/maven2/org/typelevel/cats-effect_2.12/2.1.3/cats-effect_2.12-2.1.3.jar
2023.09.04 12:27:16 INFO  BSP server: Downloaded https://repo1.maven.org/maven2/org/typelevel/cats-core_2.12/2.1.1/cats-core_2.12-2.1.1.jar
2023.09.04 12:27:18 INFO  BSP server: Downloaded https://repo1.maven.org/maven2/org/typelevel/cats-kernel_2.12/2.1.1/cats-kernel_2.12-2.1.1.jar
2023.09.04 12:27:21 ERROR Timeout waiting for 'build/initialize' response
2023.09.04 12:27:21 WARN  Retrying connection to the build server scala-cli
2023.09.04 12:27:21 INFO  Running BSP server List(C:\Users\ZAIN UL ABDIN\AppData\Local\Programs\Eclipse Adoptium\jdk-17.0.8.7-hotspot\bin\java.exe, -cp, C:\Users\ZAIN UL ABDIN\AppData\Local\Coursier\cache\v1\https\repo1.maven.org\maven2\org\virtuslab\scala-cli\cli_3\1.0.4\cli_3-1.0.4.jar;C:\Users\ZAIN UL ABDIN\AppData\Local\Coursier\cache\v1\https\repo1.maven.org\maven2\com\github\alexarchambault\case-app_3\2.1.0-M25\case-app_3-2.1.0-M25.jar;C:\Users\ZAIN UL ABDIN\AppData\Local\Coursier\cache\v1\https\repo1.maven.org\maven2\io\get-coursier\coursier-launcher_2.13\2.1.5\coursier-launcher_2.13-2.1.5.jar;C:\Users\ZAIN UL ABDIN\AppData\Local\Coursier\cache\v1\https\repo1.maven.org\maven2\io\get-coursier\coursier-proxy-setup\2.1.5\coursier-proxy-setup-2.1.5.jar;C:\Users\ZAIN UL ABDIN\AppData\Local\Coursier\cache\v1\https\repo1.maven.org\maven2\io\get-coursier\publish\publish_2.13\0.1.4\publish_2.13-0.1.4.jar;C:\Users\ZAIN UL ABDIN\AppData\Local\Coursier\cache\v1\https\repo1.maven.org\maven2\com\google\jimfs\jimfs\1.3.0\jimfs-1.3.0.jar;C:\Users\ZAIN UL ABDIN\AppData\Local\Coursier\cache\v1\https\repo1.maven.org\maven2\io\get-coursier\jniutils\windows-jni-utils\0.3.3\windows-jni-utils-0.3.3.jar;C:\Users\ZAIN UL ABDIN\AppData\Local\Coursier\cache\v1\https\repo1.maven.org\maven2\com\github\plokhotnyuk\jsoniter-scala\jsoniter-scala-core_3\2.13.5.2\jsoniter-scala-core_3-2.13.5.2.jar;C:\Users\ZAIN UL ABDIN\AppData\Local\Coursier\cache\v1\https\repo1.maven.org\maven2\org\virtuslab\scala-cli\libsodiumjni\0.0.3\libsodiumjni-0.0.3.jar;C:\Users\ZAIN UL ABDIN\AppData\Local\Coursier\cache\v1\https\repo1.maven.org\maven2\com\geirsson\metaconfig-typesafe-config_3\0.11.1\metaconfig-typesafe-config_3-0.11.1.jar;C:\Users\ZAIN UL ABDIN\AppData\Local\Coursier\cache\v1\https\repo1.maven.org\maven2\ai\kien\python-native-libs_3\0.2.4\python-native-libs_3-0.2.4.jar;C:\Users\ZAIN UL ABDIN\AppData\Local\Coursier\cache\v1\https\repo1.maven.org\maven2\org\virtuslab\scala-packager_2.13\0.1.29\scala-packager_2.13-0.1.29.jar;C:\Users\ZAIN UL ABDIN\AppData\Local\Coursier\cache\v1\https\repo1.maven.org\maven2\org\virtuslab\scala-cli-signing\cli_3\0.2.2\cli_3-0.2.2.jar;C:\Users\ZAIN UL ABDIN\AppData\Local\Coursier\cache\v1\https\repo1.maven.org\maven2\org\slf4j\slf4j-nop\2.0.7\slf4j-nop-2.0.7.jar;C:\Users\ZAIN UL ABDIN\AppData\Local\Coursier\cache\v1\https\repo1.maven.org\maven2\com\softwaremill\sttp\client3\core_2.13\3.8.16\core_2.13-3.8.16.jar;C:\Users\ZAIN UL ABDIN\AppData\Local\Coursier\cache\v1\https\repo1.maven.org\maven2\org\scala-lang\scala3-library_3\3.3.0\scala3-library_3-3.3.0.jar;C:\Users\ZAIN UL ABDIN\AppData\Local\Coursier\cache\v1\https\repo1.maven.org\maven2\org\virtuslab\scala-cli\build-module_3\1.0.4\build-module_3-1.0.4.jar;C:\Users\ZAIN UL ABDIN\AppData\Local\Coursier\cache\v1\https\repo1.maven.org\maven2\org\virtuslab\scala-cli\config_3\1.0.4\config_3-1.0.4.jar;C:\Users\ZAIN UL ABDIN\AppData\Local\Coursier\cache\v1\https\repo1.maven.org\maven2\org\virtuslab\scala-cli\scala3-graal_3\1.0.4\scala3-graal_3-1.0.4.jar;C:\Users\ZAIN UL ABDIN\AppData\Local\Coursier\cache\v1\https\repo1.maven.org\maven2\org\virtuslab\scala-cli\specification-level_3\1.0.4\specification-level_3-1.0.4.jar;C:\Users\ZAIN UL ABDIN\AppData\Local\Coursier\cache\v1\https\repo1.maven.org\maven2\com\github\alexarchambault\case-app-annotations_3\2.1.0-M25\case-app-annotations_3-2.1.0-M25.jar;C:\Users\ZAIN UL ABDIN\AppData\Local\Coursier\cache\v1\https\repo1.maven.org\maven2\com\github\alexarchambault\case-app-util_3\2.1.0-M25\case-app-util_3-2.1.0-M25.jar;C:\Users\ZAIN UL ABDIN\AppData\Local\Coursier\cache\v1\https\repo1.maven.org\maven2\com\lihaoyi\sourcecode_3\0.3.0\sourcecode_3-0.3.0.jar;C:\Users\ZAIN UL ABDIN\AppData\Local\Coursier\cache\v1\https\repo1.maven.org\maven2\org\scala-lang\modules\scala-collection-compat_2.13\2.11.0\scala-collection-compat_2.13-2.11.0.jar;C:\Users\ZAIN UL ABDIN\AppData\Local\Coursier\cache\v1\https\repo1.maven.org\maven2\io\github\alexarchambault\scala-cli\tmp\zip-input-stream\0.1.1\zip-input-stream-0.1.1.jar;C:\Users\ZAIN UL ABDIN\AppData\Local\Coursier\cache\v1\https\repo1.maven.org\maven2\ai\kien\python-native-libs_2.13\0.2.4\python-native-libs_2.13-0.2.4.jar;C:\Users\ZAIN UL ABDIN\AppData\Local\Coursier\cache\v1\https\repo1.maven.org\maven2\org\scala-lang\scala-library\2.13.11\scala-library-2.13.11.jar;C:\Users\ZAIN UL ABDIN\AppData\Local\Coursier\cache\v1\https\repo1.maven.org\maven2\io\get-coursier\coursier-cache_2.13\2.1.5\coursier-cache_2.13-2.1.5.jar;C:\Users\ZAIN UL ABDIN\AppData\Local\Coursier\cache\v1\https\repo1.maven.org\maven2\io\get-coursier\coursier-core_2.13\2.1.5\coursier-core_2.13-2.1.5.jar;C:\Users\ZAIN UL ABDIN\AppData\Local\Coursier\cache\v1\https\repo1.maven.org\maven2\com\github\plokhotnyuk\jsoniter-scala\jsoniter-scala-core_2.13\2.13.15\jsoniter-scala-core_2.13-2.13.15.jar;C:\Users\ZAIN UL ABDIN\AppData\Local\Coursier\cache\v1\https\repo1.maven.org\maven2\com\google\guava\guava\32.1.2-jre\guava-32.1.2-jre.jar;C:\Users\ZAIN UL ABDIN\AppData\Local\Coursier\cache\v1\https\repo1.maven.org\maven2\net\java\dev\jna\jna\5.12.1\jna-5.12.1.jar;C:\Users\ZAIN UL ABDIN\AppData\Local\Coursier\cache\v1\https\repo1.maven.org\maven2\net\java\dev\jna\jna-platform\5.12.1\jna-platform-5.12.1.jar;C:\Users\ZAIN UL ABDIN\AppData\Local\Coursier\cache\v1\https\repo1.maven.org\maven2\com\geirsson\metaconfig-core_3\0.11.1\metaconfig-core_3-0.11.1.jar;C:\Users\ZAIN UL ABDIN\AppData\Local\Coursier\cache\v1\https\repo1.maven.org\maven2\com\typesafe\config\1.4.1\config-1.4.1.jar;C:\Users\ZAIN UL ABDIN\AppData\Local\Coursier\cache\v1\https\repo1.maven.org\maven2\org\scala-lang\modules\scala-collection-compat_3\2.11.0\scala-collection-compat_3-2.11.0.jar;C:\Users\ZAIN UL ABDIN\AppData\Local\Coursier\cache\v1\https\repo1.maven.org\maven2\commons-io\commons-io\2.11.0\commons-io-2.11.0.jar;C:\Users\ZAIN UL ABDIN\AppData\Local\Coursier\cache\v1\https\repo1.maven.org\maven2\com\google\cloud\tools\jib-core\0.22.0\jib-core-0.22.0.jar;C:\Users\ZAIN UL ABDIN\AppData\Local\Coursier\cache\v1\https\repo1.maven.org\maven2\com\lihaoyi\os-lib_2.13\0.8.1\os-lib_2.13-0.8.1.jar;C:\Users\ZAIN UL ABDIN\AppData\Local\Coursier\cache\v1\https\repo1.maven.org\maven2\org\bouncycastle\bcpg-jdk18on\1.73\bcpg-jdk18on-1.73.jar;C:\Users\ZAIN UL ABDIN\AppData\Local\Coursier\cache\v1\https\repo1.maven.org\maven2\org\virtuslab\scala-cli-signing\shared_3\0.2.2\shared_3-0.2.2.jar;C:\Users\ZAIN UL ABDIN\AppData\Local\Coursier\cache\v1\https\repo1.maven.org\maven2\org\slf4j\slf4j-api\2.0.7\slf4j-api-2.0.7.jar;C:\Users\ZAIN UL ABDIN\AppData\Local\Coursier\cache\v1\https\repo1.maven.org\maven2\com\softwaremill\sttp\model\core_2.13\1.5.5\core_2.13-1.5.5.jar;C:\Users\ZAIN UL ABDIN\AppData\Local\Coursier\cache\v1\https\repo1.maven.org\maven2\com\softwaremill\sttp\shared\core_2.13\1.3.13\core_2.13-1.3.13.jar;C:\Users\ZAIN UL ABDIN\AppData\Local\Coursier\cache\v1\https\repo1.maven.org\maven2\com\softwaremill\sttp\shared\ws_2.13\1.3.13\ws_2.13-1.3.13.jar;C:\Users\ZAIN UL ABDIN\AppData\Local\Coursier\cache\v1\https\repo1.maven.org\maven2\org\ow2\asm\asm\9.5\asm-9.5.jar;C:\Users\ZAIN UL ABDIN\AppData\Local\Coursier\cache\v1\https\repo1.maven.org\maven2\io\github\alexarchambault\scala-cli\java-class-name_3\0.1.0\java-class-name_3-0.1.0.jar;C:\Users\ZAIN UL ABDIN\AppData\Local\Coursier\cache\v1\https\repo1.maven.org\maven2\org\scalameta\trees_2.13\4.8.7\trees_2.13-4.8.7.jar;C:\Users\ZAIN UL ABDIN\AppData\Local\Coursier\cache\v1\https\repo1.maven.org\maven2\org\scala-native\test-runner_3\0.4.14\test-runner_3-0.4.14.jar;C:\Users\ZAIN UL ABDIN\AppData\Local\Coursier\cache\v1\https\repo1.maven.org\maven2\com\lihaoyi\os-lib_3\0.9.1\os-lib_3-0.9.1.jar;C:\Users\ZAIN UL ABDIN\AppData\Local\Coursier\cache\v1\https\repo1.maven.org\maven2\com\lihaoyi\pprint_3\0.8.1\pprint_3-0.8.1.jar;C:\Users\ZAIN UL ABDIN\AppData\Local\Coursier\cache\v1\https\repo1.maven.org\maven2\org\scala-js\scalajs-env-nodejs_2.13\1.4.0\scalajs-env-nodejs_2.13-1.4.0.jar;C:\Users\ZAIN UL ABDIN\AppData\Local\Coursier\cache\v1\https\repo1.maven.org\maven2\org\scala-js\scalajs-sbt-test-adapter_2.13\1.13.2\scalajs-sbt-test-adapter_2.13-1.13.2.jar;C:\Users\ZAIN UL ABDIN\AppData\Local\Coursier\cache\v1\https\repo1.maven.org\maven2\com\swoval\file-tree-views\2.1.10\file-tree-views-2.1.10.jar;C:\Users\ZAIN UL ABDIN\AppData\Local\Coursier\cache\v1\https\repo1.maven.org\maven2\org\virtuslab\scala-cli\options_3\1.0.4\options_3-1.0.4.jar;C:\Users\ZAIN UL ABDIN\AppData\Local\Coursier\cache\v1\https\repo1.maven.org\maven2\org\virtuslab\scala-cli\directives_3\1.0.4\directives_3-1.0.4.jar;C:\Users\ZAIN UL ABDIN\AppData\Local\Coursier\cache\v1\https\repo1.maven.org\maven2\org\virtuslab\scala-cli\scala-cli-bsp\1.0.4\scala-cli-bsp-1.0.4.jar;C:\Users\ZAIN UL ABDIN\AppData\Local\Coursier\cache\v1\https\repo1.maven.org\maven2\org\virtuslab\scala-cli\test-runner_2.13\1.0.4\test-runner_2.13-1.0.4.jar;C:\Users\ZAIN UL ABDIN\AppData\Local\Coursier\cache\v1\https\repo1.maven.org\maven2\org\virtuslab\scala-cli\tasty-lib_3\1.0.4\tasty-lib_3-1.0.4.jar;C:\Users\ZAIN UL ABDIN\AppData\Local\Coursier\cache\v1\https\repo1.maven.org\maven2\org\codehaus\plexus\plexus-archiver\4.7.1\plexus-archiver-4.7.1.jar;C:\Users\ZAIN UL ABDIN\AppData\Local\Coursier\cache\v1\https\repo1.maven.org\maven2\org\codehaus\plexus\plexus-container-default\2.1.1\plexus-container-default-2.1.1.jar;C:\Users\ZAIN UL ABDIN\AppData\Local\Coursier\cache\v1\https\repo1.maven.org\maven2\io\github\alexarchambault\windows-ansi\windows-ansi\0.0.5\windows-ansi-0.0.5.jar;C:\Users\ZAIN UL ABDIN\AppData\Local\Coursier\cache\v1\https\repo1.maven.org\maven2\io\get-coursier\coursier-util_2.13\2.1.5\coursier-util_2.13-2.1.5.jar;C:\Users\ZAIN UL ABDIN\AppData\Local\Coursier\cache\v1\https\repo1.maven.org\maven2\io\github\alexarchambault\concurrent-reference-hash-map\1.1.0\concurrent-reference-hash-map-1.1.0.jar;C:\Users\ZAIN UL ABDIN\AppData\Local\Coursier\cache\v1\https\repo1.maven.org\maven2\org\scala-lang\modules\scala-xml_2.13\2.1.0\scala-xml_2.13-2.1.0.jar;C:\Users\ZAIN UL ABDIN\AppData\Local\Coursier\cache\v1\https\repo1.maven.org\maven2\com\google\guava\failureaccess\1.0.1\failureaccess-1.0.1.jar;C:\Users\ZAIN UL ABDIN\AppData\Local\Coursier\cache\v1\https\repo1.maven.org\maven2\com\google\guava\listenablefuture\9999.0-empty-to-avoid-conflict-with-guava\listenablefuture-9999.0-empty-to-avoid-conflict-with-guava.jar;C:\Users\ZAIN UL ABDIN\AppData\Local\Coursier\cache\v1\https\repo1.maven.org\maven2\com\google\code\findbugs\jsr305\3.0.2\jsr305-3.0.2.jar;C:\Users\ZAIN UL ABDIN\AppData\Local\Coursier\cache\v1\https\repo1.maven.org\maven2\org\checkerframework\checker-qual\3.33.0\checker-qual-3.33.0.jar;C:\Users\ZAIN UL ABDIN\AppData\Local\Coursier\cache\v1\https\repo1.maven.org\maven2\com\google\errorprone\error_prone_annotations\2.18.0\error_prone_annotations-2.18.0.jar;C:\Users\ZAIN UL ABDIN\AppData\Local\Coursier\cache\v1\https\repo1.maven.org\maven2\com\google\j2objc\j2objc-annotations\2.8\j2objc-annotations-2.8.jar;C:\Users\ZAIN UL ABDIN\AppData\Local\Coursier\cache\v1\https\repo1.maven.org\maven2\com\geirsson\metaconfig-pprint_3\0.11.1\metaconfig-pprint_3-0.11.1.jar;C:\Users\ZAIN UL ABDIN\AppData\Local\Coursier\cache\v1\https\repo1.maven.org\maven2\org\typelevel\paiges-core_3\0.4.2\paiges-core_3-0.4.2.jar;C:\Users\ZAIN UL ABDIN\AppData\Local\Coursier\cache\v1\https\repo1.maven.org\maven2\org\scala-lang\scala-reflect\2.13.8\scala-reflect-2.13.8.jar;C:\Users\ZAIN UL ABDIN\AppData\Local\Coursier\cache\v1\https\repo1.maven.org\maven2\com\google\cloud\tools\jib-build-plan\0.4.0\jib-build-plan-0.4.0.jar;C:\Users\ZAIN UL ABDIN\AppData\Local\Coursier\cache\v1\https\repo1.maven.org\maven2\com\google\http-client\google-http-client\1.34.0\google-http-client-1.34.0.jar;C:\Users\ZAIN UL ABDIN\AppData\Local\Coursier\cache\v1\https\repo1.maven.org\maven2\com\google\http-client\google-http-client-apache-v2\1.34.0\google-http-client-apache-v2-1.34.0.jar;C:\Users\ZAIN UL ABDIN\AppData\Local\Coursier\cache\v1\https\repo1.maven.org\maven2\com\google\auth\google-auth-library-oauth2-http\0.18.0\google-auth-library-oauth2-http-0.18.0.jar;C:\Users\ZAIN UL ABDIN\AppData\Local\Coursier\cache\v1\https\repo1.maven.org\maven2\org\apache\commons\commons-compress\1.23.0\commons-compress-1.23.0.jar;C:\Users\ZAIN UL ABDIN\AppData\Local\Coursier\cache\v1\https\repo1.maven.org\maven2\com\fasterxml\jackson\core\jackson-databind\2.13.3\jackson-databind-2.13.3.jar;C:\Users\ZAIN UL ABDIN\AppData\Local\Coursier\cache\v1\https\repo1.maven.org\maven2\com\fasterxml\jackson\datatype\jackson-datatype-jsr310\2.13.3\jackson-datatype-jsr310-2.13.3.jar;C:\Users\ZAIN UL ABDIN\AppData\Local\Coursier\cache\v1\https\repo1.maven.org\maven2\com\lihaoyi\geny_2.13\0.7.1\geny_2.13-0.7.1.jar;C:\Users\ZAIN UL ABDIN\AppData\Local\Coursier\cache\v1\https\repo1.maven.org\maven2\org\bouncycastle\bcprov-jdk18on\1.73\bcprov-jdk18on-1.73.jar;C:\Users\ZAIN UL ABDIN\AppData\Local\Coursier\cache\v1\https\repo1.maven.org\maven2\org\scala-lang\scala3-compiler_3\3.1.2\scala3-compiler_3-3.1.2.jar;C:\Users\ZAIN UL ABDIN\AppData\Local\Coursier\cache\v1\https\repo1.maven.org\maven2\org\scalameta\common_2.13\4.8.7\common_2.13-4.8.7.jar;C:\Users\ZAIN UL ABDIN\AppData\Local\Coursier\cache\v1\https\repo1.maven.org\maven2\org\scala-native\tools_3\0.4.14\tools_3-0.4.14.jar;C:\Users\ZAIN UL ABDIN\AppData\Local\Coursier\cache\v1\https\repo1.maven.org\maven2\org\scala-sbt\test-interface\1.0\test-interface-1.0.jar;C:\Users\ZAIN UL ABDIN\AppData\Local\Coursier\cache\v1\https\repo1.maven.org\maven2\com\novocode\junit-interface\0.11\junit-interface-0.11.jar;C:\Users\ZAIN UL ABDIN\AppData\Local\Coursier\cache\v1\https\repo1.maven.org\maven2\junit\junit\4.13.2\junit-4.13.2.jar;C:\Users\ZAIN UL ABDIN\AppData\Local\Coursier\cache\v1\https\repo1.maven.org\maven2\com\lihaoyi\geny_3\1.0.0\geny_3-1.0.0.jar;C:\Users\ZAIN UL ABDIN\AppData\Local\Coursier\cache\v1\https\repo1.maven.org\maven2\com\lihaoyi\fansi_3\0.4.0\fansi_3-0.4.0.jar;C:\Users\ZAIN UL ABDIN\AppData\Local\Coursier\cache\v1\https\repo1.maven.org\maven2\org\scala-js\scalajs-js-envs_2.13\1.4.0\scalajs-js-envs_2.13-1.4.0.jar;C:\Users\ZAIN UL ABDIN\AppData\Local\Coursier\cache\v1\https\repo1.maven.org\maven2\ch\epfl\scala\bloop-config_2.13\1.5.5\bloop-config_2.13-1.5.5.jar;C:\Users\ZAIN UL ABDIN\AppData\Local\Coursier\cache\v1\https\repo1.maven.org\maven2\org\virtuslab\scala-cli\core_3\1.0.4\core_3-1.0.4.jar;C:\Users\ZAIN UL ABDIN\AppData\Local\Coursier\cache\v1\https\repo1.maven.org\maven2\org\virtuslab\using_directives\1.1.0\using_directives-1.1.0.jar;C:\Users\ZAIN UL ABDIN\AppData\Local\Coursier\cache\v1\https\repo1.maven.org\maven2\org\virtuslab\scala-cli\build-macros_3\1.0.4\build-macros_3-1.0.4.jar;C:\Users\ZAIN UL ABDIN\AppData\Local\Coursier\cache\v1\https\repo1.maven.org\maven2\ch\epfl\scala\bsp4j\2.1.0-M5\bsp4j-2.1.0-M5.jar;C:\Users\ZAIN UL ABDIN\AppData\Local\Coursier\cache\v1\https\repo1.maven.org\maven2\javax\inject\javax.inject\1\javax.inject-1.jar;C:\Users\ZAIN UL ABDIN\AppData\Local\Coursier\cache\v1\https\repo1.maven.org\maven2\org\codehaus\plexus\plexus-utils\3.5.1\plexus-utils-3.5.1.jar;C:\Users\ZAIN UL ABDIN\AppData\Local\Coursier\cache\v1\https\repo1.maven.org\maven2\org\codehaus\plexus\plexus-io\3.4.1\plexus-io-3.4.1.jar;C:\Users\ZAIN UL ABDIN\AppData\Local\Coursier\cache\v1\https\repo1.maven.org\maven2\org\iq80\snappy\snappy\0.4\snappy-0.4.jar;C:\Users\ZAIN UL ABDIN\AppData\Local\Coursier\cache\v1\https\repo1.maven.org\maven2\org\tukaani\xz\1.9\xz-1.9.jar;C:\Users\ZAIN UL ABDIN\AppData\Local\Coursier\cache\v1\https\repo1.maven.org\maven2\com\github\luben\zstd-jni\1.5.5-2\zstd-jni-1.5.5-2.jar;C:\Users\ZAIN UL ABDIN\AppData\Local\Coursier\cache\v1\https\repo1.maven.org\maven2\org\codehaus\plexus\plexus-classworlds\2.6.0\plexus-classworlds-2.6.0.jar;C:\Users\ZAIN UL ABDIN\AppData\Local\Coursier\cache\v1\https\repo1.maven.org\maven2\org\apache\xbean\xbean-reflect\3.7\xbean-reflect-3.7.jar;C:\Users\ZAIN UL ABDIN\AppData\Local\Coursier\cache\v1\https\repo1.maven.org\maven2\org\fusesource\jansi\jansi\1.18\jansi-1.18.jar;C:\Users\ZAIN UL ABDIN\AppData\Local\Coursier\cache\v1\https\repo1.maven.org\maven2\org\apache\httpcomponents\httpclient\4.5.10\httpclient-4.5.10.jar;C:\Users\ZAIN UL ABDIN\AppData\Local\Coursier\cache\v1\https\repo1.maven.org\maven2\org\apache\httpcomponents\httpcore\4.4.12\httpcore-4.4.12.jar;C:\Users\ZAIN UL ABDIN\AppData\Local\Coursier\cache\v1\https\repo1.maven.org\maven2\io\opencensus\opencensus-api\0.24.0\opencensus-api-0.24.0.jar;C:\Users\ZAIN UL ABDIN\AppData\Local\Coursier\cache\v1\https\repo1.maven.org\maven2\io\opencensus\opencensus-contrib-http-util\0.24.0\opencensus-contrib-http-util-0.24.0.jar;C:\Users\ZAIN UL ABDIN\AppData\Local\Coursier\cache\v1\https\repo1.maven.org\maven2\com\google\auto\value\auto-value-annotations\1.6.6\auto-value-annotations-1.6.6.jar;C:\Users\ZAIN UL ABDIN\AppData\Local\Coursier\cache\v1\https\repo1.maven.org\maven2\com\google\auth\google-auth-library-credentials\0.18.0\google-auth-library-credentials-0.18.0.jar;C:\Users\ZAIN UL ABDIN\AppData\Local\Coursier\cache\v1\https\repo1.maven.org\maven2\com\google\http-client\google-http-client-jackson2\1.32.1\google-http-client-jackson2-1.32.1.jar;C:\Users\ZAIN UL ABDIN\AppData\Local\Coursier\cache\v1\https\repo1.maven.org\maven2\com\fasterxml\jackson\core\jackson-annotations\2.13.3\jackson-annotations-2.13.3.jar;C:\Users\ZAIN UL ABDIN\AppData\Local\Coursier\cache\v1\https\repo1.maven.org\maven2\com\fasterxml\jackson\core\jackson-core\2.13.3\jackson-core-2.13.3.jar;C:\Users\ZAIN UL ABDIN\AppData\Local\Coursier\cache\v1\https\repo1.maven.org\maven2\org\scala-lang\scala3-interfaces\3.1.2\scala3-interfaces-3.1.2.jar;C:\Users\ZAIN UL ABDIN\AppData\Local\Coursier\cache\v1\https\repo1.maven.org\maven2\org\scala-lang\tasty-core_3\3.1.2\tasty-core_3-3.1.2.jar;C:\Users\ZAIN UL ABDIN\AppData\Local\Coursier\cache\v1\https\repo1.maven.org\maven2\org\scala-lang\modules\scala-asm\9.1.0-scala-1\scala-asm-9.1.0-scala-1.jar;C:\Users\ZAIN UL ABDIN\AppData\Local\Coursier\cache\v1\https\repo1.maven.org\maven2\org\scala-sbt\compiler-interface\1.3.5\compiler-interface-1.3.5.jar;C:\Users\ZAIN UL ABDIN\AppData\Local\Coursier\cache\v1\https\repo1.maven.org\maven2\org\jline\jline-reader\3.19.0\jline-reader-3.19.0.jar;C:\Users\ZAIN UL ABDIN\AppData\Local\Coursier\cache\v1\https\repo1.maven.org\maven2\org\jline\jline-terminal\3.19.0\jline-terminal-3.19.0.jar;C:\Users\ZAIN UL ABDIN\AppData\Local\Coursier\cache\v1\https\repo1.maven.org\maven2\org\jline\jline-terminal-jna\3.19.0\jline-terminal-jna-3.19.0.jar;C:\Users\ZAIN UL ABDIN\AppData\Local\Coursier\cache\v1\https\repo1.maven.org\maven2\com\lihaoyi\sourcecode_2.13\0.3.0\sourcecode_2.13-0.3.0.jar;C:\Users\ZAIN UL ABDIN\AppData\Local\Coursier\cache\v1\https\repo1.maven.org\maven2\com\thesamet\scalapb\scalapb-runtime_2.13\0.11.13\scalapb-runtime_2.13-0.11.13.jar;C:\Users\ZAIN UL ABDIN\AppData\Local\Coursier\cache\v1\https\repo1.maven.org\maven2\org\scala-native\nir_3\0.4.14\nir_3-0.4.14.jar;C:\Users\ZAIN UL ABDIN\AppData\Local\Coursier\cache\v1\https\repo1.maven.org\maven2\org\scala-native\util_3\0.4.14\util_3-0.4.14.jar;C:\Users\ZAIN UL ABDIN\AppData\Local\Coursier\cache\v1\https\repo1.maven.org\maven2\org\scala-lang\modules\scala-parallel-collections_3\1.0.3\scala-parallel-collections_3-1.0.3.jar;C:\Users\ZAIN UL ABDIN\AppData\Local\Coursier\cache\v1\https\repo1.maven.org\maven2\org\hamcrest\hamcrest-core\1.3\hamcrest-core-1.3.jar;C:\Users\ZAIN UL ABDIN\AppData\Local\Coursier\cache\v1\https\repo1.maven.org\maven2\org\scala-js\scalajs-logging_2.13\1.1.1\scalajs-logging_2.13-1.1.1.jar;C:\Users\ZAIN UL ABDIN\AppData\Local\Coursier\cache\v1\https\repo1.maven.org\maven2\io\github\alexarchambault\bleep\bloop-rifle_2.13\1.5.9-sc-1\bloop-rifle_2.13-1.5.9-sc-1.jar;C:\Users\ZAIN UL ABDIN\AppData\Local\Coursier\cache\v1\https\repo1.maven.org\maven2\io\get-coursier\coursier-jvm_2.13\2.1.5\coursier-jvm_2.13-2.1.5.jar;C:\Users\ZAIN UL ABDIN\AppData\Local\Coursier\cache\v1\https\repo1.maven.org\maven2\io\get-coursier\dependency_3\0.2.3\dependency_3-0.2.3.jar;C:\Users\ZAIN UL ABDIN\AppData\Local\Coursier\cache\v1\https\repo1.maven.org\maven2\org\eclipse\jgit\org.eclipse.jgit\6.6.0.202305301015-r\org.eclipse.jgit-6.6.0.202305301015-r.jar;C:\Users\ZAIN UL ABDIN\AppData\Local\Coursier\cache\v1\https\repo1.maven.org\maven2\org\scala-js\scalajs-env-jsdom-nodejs_2.13\1.1.0\scalajs-env-jsdom-nodejs_2.13-1.1.0.jar;C:\Users\ZAIN UL ABDIN\AppData\Local\Coursier\cache\v1\https\repo1.maven.org\maven2\org\eclipse\lsp4j\org.eclipse.lsp4j.generator\0.20.1\org.eclipse.lsp4j.generator-0.20.1.jar;C:\Users\ZAIN UL ABDIN\AppData\Local\Coursier\cache\v1\https\repo1.maven.org\maven2\org\eclipse\lsp4j\org.eclipse.lsp4j.jsonrpc\0.20.1\org.eclipse.lsp4j.jsonrpc-0.20.1.jar;C:\Users\ZAIN UL ABDIN\AppData\Local\Coursier\cache\v1\https\repo1.maven.org\maven2\commons-logging\commons-logging\1.2\commons-logging-1.2.jar;C:\Users\ZAIN UL ABDIN\AppData\Local\Coursier\cache\v1\https\repo1.maven.org\maven2\commons-codec\commons-codec\1.11\commons-codec-1.11.jar;C:\Users\ZAIN UL ABDIN\AppData\Local\Coursier\cache\v1\https\repo1.maven.org\maven2\io\grpc\grpc-context\1.22.1\grpc-context-1.22.1.jar;C:\Users\ZAIN UL ABDIN\AppData\Local\Coursier\cache\v1\https\repo1.maven.org\maven2\com\google\protobuf\protobuf-java\3.19.6\protobuf-java-3.19.6.jar;C:\Users\ZAIN UL ABDIN\AppData\Local\Coursier\cache\v1\https\repo1.maven.org\maven2\org\scala-sbt\util-interface\1.3.0\util-interface-1.3.0.jar;C:\Users\ZAIN UL ABDIN\AppData\Local\Coursier\cache\v1\https\repo1.maven.org\maven2\com\thesamet\scalapb\lenses_2.13\0.11.13\lenses_2.13-0.11.13.jar;C:\Users\ZAIN UL ABDIN\AppData\Local\Coursier\cache\v1\https\repo1.maven.org\maven2\io\github\alexarchambault\libdaemon\libdaemon_2.13\0.0.11\libdaemon_2.13-0.0.11.jar;C:\Users\ZAIN UL ABDIN\AppData\Local\Coursier\cache\v1\https\repo1.maven.org\maven2\io\github\alexarchambault\scala-cli\snailgun\snailgun-core_2.13\0.4.1-sc2\snailgun-core_2.13-0.4.1-sc2.jar;C:\Users\ZAIN UL ABDIN\AppData\Local\Coursier\cache\v1\https\repo1.maven.org\maven2\com\github\alexarchambault\argonaut-shapeless_6.3_2.13\1.3.1\argonaut-shapeless_6.3_2.13-1.3.1.jar;C:\Users\ZAIN UL ABDIN\AppData\Local\Coursier\cache\v1\https\repo1.maven.org\maven2\io\get-coursier\coursier_2.13\2.1.5\coursier_2.13-2.1.5.jar;C:\Users\ZAIN UL ABDIN\AppData\Local\Coursier\cache\v1\https\repo1.maven.org\maven2\io\get-coursier\coursier-env_2.13\2.1.5\coursier-env_2.13-2.1.5.jar;C:\Users\ZAIN UL ABDIN\AppData\Local\Coursier\cache\v1\https\repo1.maven.org\maven2\com\googlecode\javaewah\JavaEWAH\1.2.3\JavaEWAH-1.2.3.jar;C:\Users\ZAIN UL ABDIN\AppData\Local\Coursier\cache\v1\https\repo1.maven.org\maven2\org\eclipse\xtend\org.eclipse.xtend.lib\2.28.0\org.eclipse.xtend.lib-2.28.0.jar;C:\Users\ZAIN UL ABDIN\AppData\Local\Coursier\cache\v1\https\repo1.maven.org\maven2\com\google\code\gson\gson\2.10.1\gson-2.10.1.jar;C:\Users\ZAIN UL ABDIN\AppData\Local\Coursier\cache\v1\https\repo1.maven.org\maven2\io\argonaut\argonaut_2.13\6.3.8\argonaut_2.13-6.3.8.jar;C:\Users\ZAIN UL ABDIN\AppData\Local\Coursier\cache\v1\https\repo1.maven.org\maven2\com\chuusai\shapeless_2.13\2.3.9\shapeless_2.13-2.3.9.jar;C:\Users\ZAIN UL ABDIN\AppData\Local\Coursier\cache\v1\https\repo1.maven.org\maven2\org\eclipse\xtext\org.eclipse.xtext.xbase.lib\2.28.0\org.eclipse.xtext.xbase.lib-2.28.0.jar;C:\Users\ZAIN UL ABDIN\AppData\Local\Coursier\cache\v1\https\repo1.maven.org\maven2\org\eclipse\xtend\org.eclipse.xtend.lib.macro\2.28.0\org.eclipse.xtend.lib.macro-2.28.0.jar, scala.cli.ScalaCli, bsp, C:\Users\ZAIN UL ABDIN\Documents\scala_learnings\first_class)
2023.09.04 12:27:21 INFO  tracing is disabled for protocol BSP, to enable tracing of incoming and outgoing JSON messages create an empty file at C:\Users\ZAIN UL ABDIN\Documents\scala_learnings\first_class\.metals\bsp.trace.json or C:\Users\ZAIN UL ABDIN\AppData\Local\scalameta\metals\cache\bsp.trace.json
2023.09.04 12:27:27 INFO  BSP server: Starting compilation server
2023.09.04 12:27:31 INFO  BSP server: Downloading https://repo1.maven.org/maven2/io/get-coursier/interface/1.0.13/interface-1.0.13.jar
2023.09.04 12:27:31 INFO  BSP server: Downloading https://repo1.maven.org/maven2/org/scalaz/scalaz-core_2.12/7.3.7/scalaz-core_2.12-7.3.7.jar
2023.09.04 12:27:36 INFO  BSP server: Still downloading:
2023.09.04 12:27:36 INFO  BSP server: https://repo1.maven.org/maven2/io/get-coursier/interface/1.0.13/interface-1.0.13.jar (43.27 %, 4425166 / 10225728)
2023.09.04 12:27:36 INFO  BSP server: https://repo1.maven.org/maven2/org/scalaz/scalaz-core_2.12/7.3.7/scalaz-core_2.12-7.3.7.jar (36.66 %, 3604065 / 9831992)
2023.09.04 12:27:36 INFO  BSP server: 
2023.09.04 12:27:41 ERROR Timeout waiting for 'build/initialize' response
2023.09.04 12:27:41 WARN  Retrying connection to the build server scala-cli
2023.09.04 12:27:41 INFO  Running BSP server List(C:\Users\ZAIN UL ABDIN\AppData\Local\Programs\Eclipse Adoptium\jdk-17.0.8.7-hotspot\bin\java.exe, -cp, C:\Users\ZAIN UL ABDIN\AppData\Local\Coursier\cache\v1\https\repo1.maven.org\maven2\org\virtuslab\scala-cli\cli_3\1.0.4\cli_3-1.0.4.jar;C:\Users\ZAIN UL ABDIN\AppData\Local\Coursier\cache\v1\https\repo1.maven.org\maven2\com\github\alexarchambault\case-app_3\2.1.0-M25\case-app_3-2.1.0-M25.jar;C:\Users\ZAIN UL ABDIN\AppData\Local\Coursier\cache\v1\https\repo1.maven.org\maven2\io\get-coursier\coursier-launcher_2.13\2.1.5\coursier-launcher_2.13-2.1.5.jar;C:\Users\ZAIN UL ABDIN\AppData\Local\Coursier\cache\v1\https\repo1.maven.org\maven2\io\get-coursier\coursier-proxy-setup\2.1.5\coursier-proxy-setup-2.1.5.jar;C:\Users\ZAIN UL ABDIN\AppData\Local\Coursier\cache\v1\https\repo1.maven.org\maven2\io\get-coursier\publish\publish_2.13\0.1.4\publish_2.13-0.1.4.jar;C:\Users\ZAIN UL ABDIN\AppData\Local\Coursier\cache\v1\https\repo1.maven.org\maven2\com\google\jimfs\jimfs\1.3.0\jimfs-1.3.0.jar;C:\Users\ZAIN UL ABDIN\AppData\Local\Coursier\cache\v1\https\repo1.maven.org\maven2\io\get-coursier\jniutils\windows-jni-utils\0.3.3\windows-jni-utils-0.3.3.jar;C:\Users\ZAIN UL ABDIN\AppData\Local\Coursier\cache\v1\https\repo1.maven.org\maven2\com\github\plokhotnyuk\jsoniter-scala\jsoniter-scala-core_3\2.13.5.2\jsoniter-scala-core_3-2.13.5.2.jar;C:\Users\ZAIN UL ABDIN\AppData\Local\Coursier\cache\v1\https\repo1.maven.org\maven2\org\virtuslab\scala-cli\libsodiumjni\0.0.3\libsodiumjni-0.0.3.jar;C:\Users\ZAIN UL ABDIN\AppData\Local\Coursier\cache\v1\https\repo1.maven.org\maven2\com\geirsson\metaconfig-typesafe-config_3\0.11.1\metaconfig-typesafe-config_3-0.11.1.jar;C:\Users\ZAIN UL ABDIN\AppData\Local\Coursier\cache\v1\https\repo1.maven.org\maven2\ai\kien\python-native-libs_3\0.2.4\python-native-libs_3-0.2.4.jar;C:\Users\ZAIN UL ABDIN\AppData\Local\Coursier\cache\v1\https\repo1.maven.org\maven2\org\virtuslab\scala-packager_2.13\0.1.29\scala-packager_2.13-0.1.29.jar;C:\Users\ZAIN UL ABDIN\AppData\Local\Coursier\cache\v1\https\repo1.maven.org\maven2\org\virtuslab\scala-cli-signing\cli_3\0.2.2\cli_3-0.2.2.jar;C:\Users\ZAIN UL ABDIN\AppData\Local\Coursier\cache\v1\https\repo1.maven.org\maven2\org\slf4j\slf4j-nop\2.0.7\slf4j-nop-2.0.7.jar;C:\Users\ZAIN UL ABDIN\AppData\Local\Coursier\cache\v1\https\repo1.maven.org\maven2\com\softwaremill\sttp\client3\core_2.13\3.8.16\core_2.13-3.8.16.jar;C:\Users\ZAIN UL ABDIN\AppData\Local\Coursier\cache\v1\https\repo1.maven.org\maven2\org\scala-lang\scala3-library_3\3.3.0\scala3-library_3-3.3.0.jar;C:\Users\ZAIN UL ABDIN\AppData\Local\Coursier\cache\v1\https\repo1.maven.org\maven2\org\virtuslab\scala-cli\build-module_3\1.0.4\build-module_3-1.0.4.jar;C:\Users\ZAIN UL ABDIN\AppData\Local\Coursier\cache\v1\https\repo1.maven.org\maven2\org\virtuslab\scala-cli\config_3\1.0.4\config_3-1.0.4.jar;C:\Users\ZAIN UL ABDIN\AppData\Local\Coursier\cache\v1\https\repo1.maven.org\maven2\org\virtuslab\scala-cli\scala3-graal_3\1.0.4\scala3-graal_3-1.0.4.jar;C:\Users\ZAIN UL ABDIN\AppData\Local\Coursier\cache\v1\https\repo1.maven.org\maven2\org\virtuslab\scala-cli\specification-level_3\1.0.4\specification-level_3-1.0.4.jar;C:\Users\ZAIN UL ABDIN\AppData\Local\Coursier\cache\v1\https\repo1.maven.org\maven2\com\github\alexarchambault\case-app-annotations_3\2.1.0-M25\case-app-annotations_3-2.1.0-M25.jar;C:\Users\ZAIN UL ABDIN\AppData\Local\Coursier\cache\v1\https\repo1.maven.org\maven2\com\github\alexarchambault\case-app-util_3\2.1.0-M25\case-app-util_3-2.1.0-M25.jar;C:\Users\ZAIN UL ABDIN\AppData\Local\Coursier\cache\v1\https\repo1.maven.org\maven2\com\lihaoyi\sourcecode_3\0.3.0\sourcecode_3-0.3.0.jar;C:\Users\ZAIN UL ABDIN\AppData\Local\Coursier\cache\v1\https\repo1.maven.org\maven2\org\scala-lang\modules\scala-collection-compat_2.13\2.11.0\scala-collection-compat_2.13-2.11.0.jar;C:\Users\ZAIN UL ABDIN\AppData\Local\Coursier\cache\v1\https\repo1.maven.org\maven2\io\github\alexarchambault\scala-cli\tmp\zip-input-stream\0.1.1\zip-input-stream-0.1.1.jar;C:\Users\ZAIN UL ABDIN\AppData\Local\Coursier\cache\v1\https\repo1.maven.org\maven2\ai\kien\python-native-libs_2.13\0.2.4\python-native-libs_2.13-0.2.4.jar;C:\Users\ZAIN UL ABDIN\AppData\Local\Coursier\cache\v1\https\repo1.maven.org\maven2\org\scala-lang\scala-library\2.13.11\scala-library-2.13.11.jar;C:\Users\ZAIN UL ABDIN\AppData\Local\Coursier\cache\v1\https\repo1.maven.org\maven2\io\get-coursier\coursier-cache_2.13\2.1.5\coursier-cache_2.13-2.1.5.jar;C:\Users\ZAIN UL ABDIN\AppData\Local\Coursier\cache\v1\https\repo1.maven.org\maven2\io\get-coursier\coursier-core_2.13\2.1.5\coursier-core_2.13-2.1.5.jar;C:\Users\ZAIN UL ABDIN\AppData\Local\Coursier\cache\v1\https\repo1.maven.org\maven2\com\github\plokhotnyuk\jsoniter-scala\jsoniter-scala-core_2.13\2.13.15\jsoniter-scala-core_2.13-2.13.15.jar;C:\Users\ZAIN UL ABDIN\AppData\Local\Coursier\cache\v1\https\repo1.maven.org\maven2\com\google\guava\guava\32.1.2-jre\guava-32.1.2-jre.jar;C:\Users\ZAIN UL ABDIN\AppData\Local\Coursier\cache\v1\https\repo1.maven.org\maven2\net\java\dev\jna\jna\5.12.1\jna-5.12.1.jar;C:\Users\ZAIN UL ABDIN\AppData\Local\Coursier\cache\v1\https\repo1.maven.org\maven2\net\java\dev\jna\jna-platform\5.12.1\jna-platform-5.12.1.jar;C:\Users\ZAIN UL ABDIN\AppData\Local\Coursier\cache\v1\https\repo1.maven.org\maven2\com\geirsson\metaconfig-core_3\0.11.1\metaconfig-core_3-0.11.1.jar;C:\Users\ZAIN UL ABDIN\AppData\Local\Coursier\cache\v1\https\repo1.maven.org\maven2\com\typesafe\config\1.4.1\config-1.4.1.jar;C:\Users\ZAIN UL ABDIN\AppData\Local\Coursier\cache\v1\https\repo1.maven.org\maven2\org\scala-lang\modules\scala-collection-compat_3\2.11.0\scala-collection-compat_3-2.11.0.jar;C:\Users\ZAIN UL ABDIN\AppData\Local\Coursier\cache\v1\https\repo1.maven.org\maven2\commons-io\commons-io\2.11.0\commons-io-2.11.0.jar;C:\Users\ZAIN UL ABDIN\AppData\Local\Coursier\cache\v1\https\repo1.maven.org\maven2\com\google\cloud\tools\jib-core\0.22.0\jib-core-0.22.0.jar;C:\Users\ZAIN UL ABDIN\AppData\Local\Coursier\cache\v1\https\repo1.maven.org\maven2\com\lihaoyi\os-lib_2.13\0.8.1\os-lib_2.13-0.8.1.jar;C:\Users\ZAIN UL ABDIN\AppData\Local\Coursier\cache\v1\https\repo1.maven.org\maven2\org\bouncycastle\bcpg-jdk18on\1.73\bcpg-jdk18on-1.73.jar;C:\Users\ZAIN UL ABDIN\AppData\Local\Coursier\cache\v1\https\repo1.maven.org\maven2\org\virtuslab\scala-cli-signing\shared_3\0.2.2\shared_3-0.2.2.jar;C:\Users\ZAIN UL ABDIN\AppData\Local\Coursier\cache\v1\https\repo1.maven.org\maven2\org\slf4j\slf4j-api\2.0.7\slf4j-api-2.0.7.jar;C:\Users\ZAIN UL ABDIN\AppData\Local\Coursier\cache\v1\https\repo1.maven.org\maven2\com\softwaremill\sttp\model\core_2.13\1.5.5\core_2.13-1.5.5.jar;C:\Users\ZAIN UL ABDIN\AppData\Local\Coursier\cache\v1\https\repo1.maven.org\maven2\com\softwaremill\sttp\shared\core_2.13\1.3.13\core_2.13-1.3.13.jar;C:\Users\ZAIN UL ABDIN\AppData\Local\Coursier\cache\v1\https\repo1.maven.org\maven2\com\softwaremill\sttp\shared\ws_2.13\1.3.13\ws_2.13-1.3.13.jar;C:\Users\ZAIN UL ABDIN\AppData\Local\Coursier\cache\v1\https\repo1.maven.org\maven2\org\ow2\asm\asm\9.5\asm-9.5.jar;C:\Users\ZAIN UL ABDIN\AppData\Local\Coursier\cache\v1\https\repo1.maven.org\maven2\io\github\alexarchambault\scala-cli\java-class-name_3\0.1.0\java-class-name_3-0.1.0.jar;C:\Users\ZAIN UL ABDIN\AppData\Local\Coursier\cache\v1\https\repo1.maven.org\maven2\org\scalameta\trees_2.13\4.8.7\trees_2.13-4.8.7.jar;C:\Users\ZAIN UL ABDIN\AppData\Local\Coursier\cache\v1\https\repo1.maven.org\maven2\org\scala-native\test-runner_3\0.4.14\test-runner_3-0.4.14.jar;C:\Users\ZAIN UL ABDIN\AppData\Local\Coursier\cache\v1\https\repo1.maven.org\maven2\com\lihaoyi\os-lib_3\0.9.1\os-lib_3-0.9.1.jar;C:\Users\ZAIN UL ABDIN\AppData\Local\Coursier\cache\v1\https\repo1.maven.org\maven2\com\lihaoyi\pprint_3\0.8.1\pprint_3-0.8.1.jar;C:\Users\ZAIN UL ABDIN\AppData\Local\Coursier\cache\v1\https\repo1.maven.org\maven2\org\scala-js\scalajs-env-nodejs_2.13\1.4.0\scalajs-env-nodejs_2.13-1.4.0.jar;C:\Users\ZAIN UL ABDIN\AppData\Local\Coursier\cache\v1\https\repo1.maven.org\maven2\org\scala-js\scalajs-sbt-test-adapter_2.13\1.13.2\scalajs-sbt-test-adapter_2.13-1.13.2.jar;C:\Users\ZAIN UL ABDIN\AppData\Local\Coursier\cache\v1\https\repo1.maven.org\maven2\com\swoval\file-tree-views\2.1.10\file-tree-views-2.1.10.jar;C:\Users\ZAIN UL ABDIN\AppData\Local\Coursier\cache\v1\https\repo1.maven.org\maven2\org\virtuslab\scala-cli\options_3\1.0.4\options_3-1.0.4.jar;C:\Users\ZAIN UL ABDIN\AppData\Local\Coursier\cache\v1\https\repo1.maven.org\maven2\org\virtuslab\scala-cli\directives_3\1.0.4\directives_3-1.0.4.jar;C:\Users\ZAIN UL ABDIN\AppData\Local\Coursier\cache\v1\https\repo1.maven.org\maven2\org\virtuslab\scala-cli\scala-cli-bsp\1.0.4\scala-cli-bsp-1.0.4.jar;C:\Users\ZAIN UL ABDIN\AppData\Local\Coursier\cache\v1\https\repo1.maven.org\maven2\org\virtuslab\scala-cli\test-runner_2.13\1.0.4\test-runner_2.13-1.0.4.jar;C:\Users\ZAIN UL ABDIN\AppData\Local\Coursier\cache\v1\https\repo1.maven.org\maven2\org\virtuslab\scala-cli\tasty-lib_3\1.0.4\tasty-lib_3-1.0.4.jar;C:\Users\ZAIN UL ABDIN\AppData\Local\Coursier\cache\v1\https\repo1.maven.org\maven2\org\codehaus\plexus\plexus-archiver\4.7.1\plexus-archiver-4.7.1.jar;C:\Users\ZAIN UL ABDIN\AppData\Local\Coursier\cache\v1\https\repo1.maven.org\maven2\org\codehaus\plexus\plexus-container-default\2.1.1\plexus-container-default-2.1.1.jar;C:\Users\ZAIN UL ABDIN\AppData\Local\Coursier\cache\v1\https\repo1.maven.org\maven2\io\github\alexarchambault\windows-ansi\windows-ansi\0.0.5\windows-ansi-0.0.5.jar;C:\Users\ZAIN UL ABDIN\AppData\Local\Coursier\cache\v1\https\repo1.maven.org\maven2\io\get-coursier\coursier-util_2.13\2.1.5\coursier-util_2.13-2.1.5.jar;C:\Users\ZAIN UL ABDIN\AppData\Local\Coursier\cache\v1\https\repo1.maven.org\maven2\io\github\alexarchambault\concurrent-reference-hash-map\1.1.0\concurrent-reference-hash-map-1.1.0.jar;C:\Users\ZAIN UL ABDIN\AppData\Local\Coursier\cache\v1\https\repo1.maven.org\maven2\org\scala-lang\modules\scala-xml_2.13\2.1.0\scala-xml_2.13-2.1.0.jar;C:\Users\ZAIN UL ABDIN\AppData\Local\Coursier\cache\v1\https\repo1.maven.org\maven2\com\google\guava\failureaccess\1.0.1\failureaccess-1.0.1.jar;C:\Users\ZAIN UL ABDIN\AppData\Local\Coursier\cache\v1\https\repo1.maven.org\maven2\com\google\guava\listenablefuture\9999.0-empty-to-avoid-conflict-with-guava\listenablefuture-9999.0-empty-to-avoid-conflict-with-guava.jar;C:\Users\ZAIN UL ABDIN\AppData\Local\Coursier\cache\v1\https\repo1.maven.org\maven2\com\google\code\findbugs\jsr305\3.0.2\jsr305-3.0.2.jar;C:\Users\ZAIN UL ABDIN\AppData\Local\Coursier\cache\v1\https\repo1.maven.org\maven2\org\checkerframework\checker-qual\3.33.0\checker-qual-3.33.0.jar;C:\Users\ZAIN UL ABDIN\AppData\Local\Coursier\cache\v1\https\repo1.maven.org\maven2\com\google\errorprone\error_prone_annotations\2.18.0\error_prone_annotations-2.18.0.jar;C:\Users\ZAIN UL ABDIN\AppData\Local\Coursier\cache\v1\https\repo1.maven.org\maven2\com\google\j2objc\j2objc-annotations\2.8\j2objc-annotations-2.8.jar;C:\Users\ZAIN UL ABDIN\AppData\Local\Coursier\cache\v1\https\repo1.maven.org\maven2\com\geirsson\metaconfig-pprint_3\0.11.1\metaconfig-pprint_3-0.11.1.jar;C:\Users\ZAIN UL ABDIN\AppData\Local\Coursier\cache\v1\https\repo1.maven.org\maven2\org\typelevel\paiges-core_3\0.4.2\paiges-core_3-0.4.2.jar;C:\Users\ZAIN UL ABDIN\AppData\Local\Coursier\cache\v1\https\repo1.maven.org\maven2\org\scala-lang\scala-reflect\2.13.8\scala-reflect-2.13.8.jar;C:\Users\ZAIN UL ABDIN\AppData\Local\Coursier\cache\v1\https\repo1.maven.org\maven2\com\google\cloud\tools\jib-build-plan\0.4.0\jib-build-plan-0.4.0.jar;C:\Users\ZAIN UL ABDIN\AppData\Local\Coursier\cache\v1\https\repo1.maven.org\maven2\com\google\http-client\google-http-client\1.34.0\google-http-client-1.34.0.jar;C:\Users\ZAIN UL ABDIN\AppData\Local\Coursier\cache\v1\https\repo1.maven.org\maven2\com\google\http-client\google-http-client-apache-v2\1.34.0\google-http-client-apache-v2-1.34.0.jar;C:\Users\ZAIN UL ABDIN\AppData\Local\Coursier\cache\v1\https\repo1.maven.org\maven2\com\google\auth\google-auth-library-oauth2-http\0.18.0\google-auth-library-oauth2-http-0.18.0.jar;C:\Users\ZAIN UL ABDIN\AppData\Local\Coursier\cache\v1\https\repo1.maven.org\maven2\org\apache\commons\commons-compress\1.23.0\commons-compress-1.23.0.jar;C:\Users\ZAIN UL ABDIN\AppData\Local\Coursier\cache\v1\https\repo1.maven.org\maven2\com\fasterxml\jackson\core\jackson-databind\2.13.3\jackson-databind-2.13.3.jar;C:\Users\ZAIN UL ABDIN\AppData\Local\Coursier\cache\v1\https\repo1.maven.org\maven2\com\fasterxml\jackson\datatype\jackson-datatype-jsr310\2.13.3\jackson-datatype-jsr310-2.13.3.jar;C:\Users\ZAIN UL ABDIN\AppData\Local\Coursier\cache\v1\https\repo1.maven.org\maven2\com\lihaoyi\geny_2.13\0.7.1\geny_2.13-0.7.1.jar;C:\Users\ZAIN UL ABDIN\AppData\Local\Coursier\cache\v1\https\repo1.maven.org\maven2\org\bouncycastle\bcprov-jdk18on\1.73\bcprov-jdk18on-1.73.jar;C:\Users\ZAIN UL ABDIN\AppData\Local\Coursier\cache\v1\https\repo1.maven.org\maven2\org\scala-lang\scala3-compiler_3\3.1.2\scala3-compiler_3-3.1.2.jar;C:\Users\ZAIN UL ABDIN\AppData\Local\Coursier\cache\v1\https\repo1.maven.org\maven2\org\scalameta\common_2.13\4.8.7\common_2.13-4.8.7.jar;C:\Users\ZAIN UL ABDIN\AppData\Local\Coursier\cache\v1\https\repo1.maven.org\maven2\org\scala-native\tools_3\0.4.14\tools_3-0.4.14.jar;C:\Users\ZAIN UL ABDIN\AppData\Local\Coursier\cache\v1\https\repo1.maven.org\maven2\org\scala-sbt\test-interface\1.0\test-interface-1.0.jar;C:\Users\ZAIN UL ABDIN\AppData\Local\Coursier\cache\v1\https\repo1.maven.org\maven2\com\novocode\junit-interface\0.11\junit-interface-0.11.jar;C:\Users\ZAIN UL ABDIN\AppData\Local\Coursier\cache\v1\https\repo1.maven.org\maven2\junit\junit\4.13.2\junit-4.13.2.jar;C:\Users\ZAIN UL ABDIN\AppData\Local\Coursier\cache\v1\https\repo1.maven.org\maven2\com\lihaoyi\geny_3\1.0.0\geny_3-1.0.0.jar;C:\Users\ZAIN UL ABDIN\AppData\Local\Coursier\cache\v1\https\repo1.maven.org\maven2\com\lihaoyi\fansi_3\0.4.0\fansi_3-0.4.0.jar;C:\Users\ZAIN UL ABDIN\AppData\Local\Coursier\cache\v1\https\repo1.maven.org\maven2\org\scala-js\scalajs-js-envs_2.13\1.4.0\scalajs-js-envs_2.13-1.4.0.jar;C:\Users\ZAIN UL ABDIN\AppData\Local\Coursier\cache\v1\https\repo1.maven.org\maven2\ch\epfl\scala\bloop-config_2.13\1.5.5\bloop-config_2.13-1.5.5.jar;C:\Users\ZAIN UL ABDIN\AppData\Local\Coursier\cache\v1\https\repo1.maven.org\maven2\org\virtuslab\scala-cli\core_3\1.0.4\core_3-1.0.4.jar;C:\Users\ZAIN UL ABDIN\AppData\Local\Coursier\cache\v1\https\repo1.maven.org\maven2\org\virtuslab\using_directives\1.1.0\using_directives-1.1.0.jar;C:\Users\ZAIN UL ABDIN\AppData\Local\Coursier\cache\v1\https\repo1.maven.org\maven2\org\virtuslab\scala-cli\build-macros_3\1.0.4\build-macros_3-1.0.4.jar;C:\Users\ZAIN UL ABDIN\AppData\Local\Coursier\cache\v1\https\repo1.maven.org\maven2\ch\epfl\scala\bsp4j\2.1.0-M5\bsp4j-2.1.0-M5.jar;C:\Users\ZAIN UL ABDIN\AppData\Local\Coursier\cache\v1\https\repo1.maven.org\maven2\javax\inject\javax.inject\1\javax.inject-1.jar;C:\Users\ZAIN UL ABDIN\AppData\Local\Coursier\cache\v1\https\repo1.maven.org\maven2\org\codehaus\plexus\plexus-utils\3.5.1\plexus-utils-3.5.1.jar;C:\Users\ZAIN UL ABDIN\AppData\Local\Coursier\cache\v1\https\repo1.maven.org\maven2\org\codehaus\plexus\plexus-io\3.4.1\plexus-io-3.4.1.jar;C:\Users\ZAIN UL ABDIN\AppData\Local\Coursier\cache\v1\https\repo1.maven.org\maven2\org\iq80\snappy\snappy\0.4\snappy-0.4.jar;C:\Users\ZAIN UL ABDIN\AppData\Local\Coursier\cache\v1\https\repo1.maven.org\maven2\org\tukaani\xz\1.9\xz-1.9.jar;C:\Users\ZAIN UL ABDIN\AppData\Local\Coursier\cache\v1\https\repo1.maven.org\maven2\com\github\luben\zstd-jni\1.5.5-2\zstd-jni-1.5.5-2.jar;C:\Users\ZAIN UL ABDIN\AppData\Local\Coursier\cache\v1\https\repo1.maven.org\maven2\org\codehaus\plexus\plexus-classworlds\2.6.0\plexus-classworlds-2.6.0.jar;C:\Users\ZAIN UL ABDIN\AppData\Local\Coursier\cache\v1\https\repo1.maven.org\maven2\org\apache\xbean\xbean-reflect\3.7\xbean-reflect-3.7.jar;C:\Users\ZAIN UL ABDIN\AppData\Local\Coursier\cache\v1\https\repo1.maven.org\maven2\org\fusesource\jansi\jansi\1.18\jansi-1.18.jar;C:\Users\ZAIN UL ABDIN\AppData\Local\Coursier\cache\v1\https\repo1.maven.org\maven2\org\apache\httpcomponents\httpclient\4.5.10\httpclient-4.5.10.jar;C:\Users\ZAIN UL ABDIN\AppData\Local\Coursier\cache\v1\https\repo1.maven.org\maven2\org\apache\httpcomponents\httpcore\4.4.12\httpcore-4.4.12.jar;C:\Users\ZAIN UL ABDIN\AppData\Local\Coursier\cache\v1\https\repo1.maven.org\maven2\io\opencensus\opencensus-api\0.24.0\opencensus-api-0.24.0.jar;C:\Users\ZAIN UL ABDIN\AppData\Local\Coursier\cache\v1\https\repo1.maven.org\maven2\io\opencensus\opencensus-contrib-http-util\0.24.0\opencensus-contrib-http-util-0.24.0.jar;C:\Users\ZAIN UL ABDIN\AppData\Local\Coursier\cache\v1\https\repo1.maven.org\maven2\com\google\auto\value\auto-value-annotations\1.6.6\auto-value-annotations-1.6.6.jar;C:\Users\ZAIN UL ABDIN\AppData\Local\Coursier\cache\v1\https\repo1.maven.org\maven2\com\google\auth\google-auth-library-credentials\0.18.0\google-auth-library-credentials-0.18.0.jar;C:\Users\ZAIN UL ABDIN\AppData\Local\Coursier\cache\v1\https\repo1.maven.org\maven2\com\google\http-client\google-http-client-jackson2\1.32.1\google-http-client-jackson2-1.32.1.jar;C:\Users\ZAIN UL ABDIN\AppData\Local\Coursier\cache\v1\https\repo1.maven.org\maven2\com\fasterxml\jackson\core\jackson-annotations\2.13.3\jackson-annotations-2.13.3.jar;C:\Users\ZAIN UL ABDIN\AppData\Local\Coursier\cache\v1\https\repo1.maven.org\maven2\com\fasterxml\jackson\core\jackson-core\2.13.3\jackson-core-2.13.3.jar;C:\Users\ZAIN UL ABDIN\AppData\Local\Coursier\cache\v1\https\repo1.maven.org\maven2\org\scala-lang\scala3-interfaces\3.1.2\scala3-interfaces-3.1.2.jar;C:\Users\ZAIN UL ABDIN\AppData\Local\Coursier\cache\v1\https\repo1.maven.org\maven2\org\scala-lang\tasty-core_3\3.1.2\tasty-core_3-3.1.2.jar;C:\Users\ZAIN UL ABDIN\AppData\Local\Coursier\cache\v1\https\repo1.maven.org\maven2\org\scala-lang\modules\scala-asm\9.1.0-scala-1\scala-asm-9.1.0-scala-1.jar;C:\Users\ZAIN UL ABDIN\AppData\Local\Coursier\cache\v1\https\repo1.maven.org\maven2\org\scala-sbt\compiler-interface\1.3.5\compiler-interface-1.3.5.jar;C:\Users\ZAIN UL ABDIN\AppData\Local\Coursier\cache\v1\https\repo1.maven.org\maven2\org\jline\jline-reader\3.19.0\jline-reader-3.19.0.jar;C:\Users\ZAIN UL ABDIN\AppData\Local\Coursier\cache\v1\https\repo1.maven.org\maven2\org\jline\jline-terminal\3.19.0\jline-terminal-3.19.0.jar;C:\Users\ZAIN UL ABDIN\AppData\Local\Coursier\cache\v1\https\repo1.maven.org\maven2\org\jline\jline-terminal-jna\3.19.0\jline-terminal-jna-3.19.0.jar;C:\Users\ZAIN UL ABDIN\AppData\Local\Coursier\cache\v1\https\repo1.maven.org\maven2\com\lihaoyi\sourcecode_2.13\0.3.0\sourcecode_2.13-0.3.0.jar;C:\Users\ZAIN UL ABDIN\AppData\Local\Coursier\cache\v1\https\repo1.maven.org\maven2\com\thesamet\scalapb\scalapb-runtime_2.13\0.11.13\scalapb-runtime_2.13-0.11.13.jar;C:\Users\ZAIN UL ABDIN\AppData\Local\Coursier\cache\v1\https\repo1.maven.org\maven2\org\scala-native\nir_3\0.4.14\nir_3-0.4.14.jar;C:\Users\ZAIN UL ABDIN\AppData\Local\Coursier\cache\v1\https\repo1.maven.org\maven2\org\scala-native\util_3\0.4.14\util_3-0.4.14.jar;C:\Users\ZAIN UL ABDIN\AppData\Local\Coursier\cache\v1\https\repo1.maven.org\maven2\org\scala-lang\modules\scala-parallel-collections_3\1.0.3\scala-parallel-collections_3-1.0.3.jar;C:\Users\ZAIN UL ABDIN\AppData\Local\Coursier\cache\v1\https\repo1.maven.org\maven2\org\hamcrest\hamcrest-core\1.3\hamcrest-core-1.3.jar;C:\Users\ZAIN UL ABDIN\AppData\Local\Coursier\cache\v1\https\repo1.maven.org\maven2\org\scala-js\scalajs-logging_2.13\1.1.1\scalajs-logging_2.13-1.1.1.jar;C:\Users\ZAIN UL ABDIN\AppData\Local\Coursier\cache\v1\https\repo1.maven.org\maven2\io\github\alexarchambault\bleep\bloop-rifle_2.13\1.5.9-sc-1\bloop-rifle_2.13-1.5.9-sc-1.jar;C:\Users\ZAIN UL ABDIN\AppData\Local\Coursier\cache\v1\https\repo1.maven.org\maven2\io\get-coursier\coursier-jvm_2.13\2.1.5\coursier-jvm_2.13-2.1.5.jar;C:\Users\ZAIN UL ABDIN\AppData\Local\Coursier\cache\v1\https\repo1.maven.org\maven2\io\get-coursier\dependency_3\0.2.3\dependency_3-0.2.3.jar;C:\Users\ZAIN UL ABDIN\AppData\Local\Coursier\cache\v1\https\repo1.maven.org\maven2\org\eclipse\jgit\org.eclipse.jgit\6.6.0.202305301015-r\org.eclipse.jgit-6.6.0.202305301015-r.jar;C:\Users\ZAIN UL ABDIN\AppData\Local\Coursier\cache\v1\https\repo1.maven.org\maven2\org\scala-js\scalajs-env-jsdom-nodejs_2.13\1.1.0\scalajs-env-jsdom-nodejs_2.13-1.1.0.jar;C:\Users\ZAIN UL ABDIN\AppData\Local\Coursier\cache\v1\https\repo1.maven.org\maven2\org\eclipse\lsp4j\org.eclipse.lsp4j.generator\0.20.1\org.eclipse.lsp4j.generator-0.20.1.jar;C:\Users\ZAIN UL ABDIN\AppData\Local\Coursier\cache\v1\https\repo1.maven.org\maven2\org\eclipse\lsp4j\org.eclipse.lsp4j.jsonrpc\0.20.1\org.eclipse.lsp4j.jsonrpc-0.20.1.jar;C:\Users\ZAIN UL ABDIN\AppData\Local\Coursier\cache\v1\https\repo1.maven.org\maven2\commons-logging\commons-logging\1.2\commons-logging-1.2.jar;C:\Users\ZAIN UL ABDIN\AppData\Local\Coursier\cache\v1\https\repo1.maven.org\maven2\commons-codec\commons-codec\1.11\commons-codec-1.11.jar;C:\Users\ZAIN UL ABDIN\AppData\Local\Coursier\cache\v1\https\repo1.maven.org\maven2\io\grpc\grpc-context\1.22.1\grpc-context-1.22.1.jar;C:\Users\ZAIN UL ABDIN\AppData\Local\Coursier\cache\v1\https\repo1.maven.org\maven2\com\google\protobuf\protobuf-java\3.19.6\protobuf-java-3.19.6.jar;C:\Users\ZAIN UL ABDIN\AppData\Local\Coursier\cache\v1\https\repo1.maven.org\maven2\org\scala-sbt\util-interface\1.3.0\util-interface-1.3.0.jar;C:\Users\ZAIN UL ABDIN\AppData\Local\Coursier\cache\v1\https\repo1.maven.org\maven2\com\thesamet\scalapb\lenses_2.13\0.11.13\lenses_2.13-0.11.13.jar;C:\Users\ZAIN UL ABDIN\AppData\Local\Coursier\cache\v1\https\repo1.maven.org\maven2\io\github\alexarchambault\libdaemon\libdaemon_2.13\0.0.11\libdaemon_2.13-0.0.11.jar;C:\Users\ZAIN UL ABDIN\AppData\Local\Coursier\cache\v1\https\repo1.maven.org\maven2\io\github\alexarchambault\scala-cli\snailgun\snailgun-core_2.13\0.4.1-sc2\snailgun-core_2.13-0.4.1-sc2.jar;C:\Users\ZAIN UL ABDIN\AppData\Local\Coursier\cache\v1\https\repo1.maven.org\maven2\com\github\alexarchambault\argonaut-shapeless_6.3_2.13\1.3.1\argonaut-shapeless_6.3_2.13-1.3.1.jar;C:\Users\ZAIN UL ABDIN\AppData\Local\Coursier\cache\v1\https\repo1.maven.org\maven2\io\get-coursier\coursier_2.13\2.1.5\coursier_2.13-2.1.5.jar;C:\Users\ZAIN UL ABDIN\AppData\Local\Coursier\cache\v1\https\repo1.maven.org\maven2\io\get-coursier\coursier-env_2.13\2.1.5\coursier-env_2.13-2.1.5.jar;C:\Users\ZAIN UL ABDIN\AppData\Local\Coursier\cache\v1\https\repo1.maven.org\maven2\com\googlecode\javaewah\JavaEWAH\1.2.3\JavaEWAH-1.2.3.jar;C:\Users\ZAIN UL ABDIN\AppData\Local\Coursier\cache\v1\https\repo1.maven.org\maven2\org\eclipse\xtend\org.eclipse.xtend.lib\2.28.0\org.eclipse.xtend.lib-2.28.0.jar;C:\Users\ZAIN UL ABDIN\AppData\Local\Coursier\cache\v1\https\repo1.maven.org\maven2\com\google\code\gson\gson\2.10.1\gson-2.10.1.jar;C:\Users\ZAIN UL ABDIN\AppData\Local\Coursier\cache\v1\https\repo1.maven.org\maven2\io\argonaut\argonaut_2.13\6.3.8\argonaut_2.13-6.3.8.jar;C:\Users\ZAIN UL ABDIN\AppData\Local\Coursier\cache\v1\https\repo1.maven.org\maven2\com\chuusai\shapeless_2.13\2.3.9\shapeless_2.13-2.3.9.jar;C:\Users\ZAIN UL ABDIN\AppData\Local\Coursier\cache\v1\https\repo1.maven.org\maven2\org\eclipse\xtext\org.eclipse.xtext.xbase.lib\2.28.0\org.eclipse.xtext.xbase.lib-2.28.0.jar;C:\Users\ZAIN UL ABDIN\AppData\Local\Coursier\cache\v1\https\repo1.maven.org\maven2\org\eclipse\xtend\org.eclipse.xtend.lib.macro\2.28.0\org.eclipse.xtend.lib.macro-2.28.0.jar, scala.cli.ScalaCli, bsp, C:\Users\ZAIN UL ABDIN\Documents\scala_learnings\first_class)
2023.09.04 12:27:41 INFO  tracing is disabled for protocol BSP, to enable tracing of incoming and outgoing JSON messages create an empty file at C:\Users\ZAIN UL ABDIN\Documents\scala_learnings\first_class\.metals\bsp.trace.json or C:\Users\ZAIN UL ABDIN\AppData\Local\scalameta\metals\cache\bsp.trace.json
2023.09.04 12:27:46 INFO  BSP server: Starting compilation server
2023.09.04 12:27:49 INFO  BSP server: Downloading https://repo1.maven.org/maven2/io/get-coursier/interface/1.0.13/interface-1.0.13.jar
2023.09.04 12:27:49 INFO  BSP server: Downloading https://repo1.maven.org/maven2/org/scalaz/scalaz-core_2.12/7.3.7/scalaz-core_2.12-7.3.7.jar
2023.09.04 12:27:55 INFO  BSP server: Still downloading:
2023.09.04 12:27:55 INFO  BSP server: https://repo1.maven.org/maven2/io/get-coursier/interface/1.0.13/interface-1.0.13.jar (46.43 %, 4747965 / 10225728)
2023.09.04 12:27:55 INFO  BSP server: https://repo1.maven.org/maven2/org/scalaz/scalaz-core_2.12/7.3.7/scalaz-core_2.12-7.3.7.jar (39.49 %, 3882593 / 9831992)
2023.09.04 12:27:55 INFO  BSP server: 
2023.09.04 12:28:00 INFO  BSP server: Still downloading:
2023.09.04 12:28:00 INFO  BSP server: https://repo1.maven.org/maven2/io/get-coursier/interface/1.0.13/interface-1.0.13.jar (47.87 %, 4895421 / 10225728)
2023.09.04 12:28:00 INFO  BSP server: https://repo1.maven.org/maven2/org/scalaz/scalaz-core_2.12/7.3.7/scalaz-core_2.12-7.3.7.jar (39.82 %, 3915361 / 9831992)
2023.09.04 12:28:00 INFO  BSP server: 
2023.09.04 12:28:01 ERROR Timeout waiting for 'build/initialize' response
2023.09.04 12:28:01 WARN  Retrying connection to the build server scala-cli
2023.09.04 12:28:01 INFO  Running BSP server List(C:\Users\ZAIN UL ABDIN\AppData\Local\Programs\Eclipse Adoptium\jdk-17.0.8.7-hotspot\bin\java.exe, -cp, C:\Users\ZAIN UL ABDIN\AppData\Local\Coursier\cache\v1\https\repo1.maven.org\maven2\org\virtuslab\scala-cli\cli_3\1.0.4\cli_3-1.0.4.jar;C:\Users\ZAIN UL ABDIN\AppData\Local\Coursier\cache\v1\https\repo1.maven.org\maven2\com\github\alexarchambault\case-app_3\2.1.0-M25\case-app_3-2.1.0-M25.jar;C:\Users\ZAIN UL ABDIN\AppData\Local\Coursier\cache\v1\https\repo1.maven.org\maven2\io\get-coursier\coursier-launcher_2.13\2.1.5\coursier-launcher_2.13-2.1.5.jar;C:\Users\ZAIN UL ABDIN\AppData\Local\Coursier\cache\v1\https\repo1.maven.org\maven2\io\get-coursier\coursier-proxy-setup\2.1.5\coursier-proxy-setup-2.1.5.jar;C:\Users\ZAIN UL ABDIN\AppData\Local\Coursier\cache\v1\https\repo1.maven.org\maven2\io\get-coursier\publish\publish_2.13\0.1.4\publish_2.13-0.1.4.jar;C:\Users\ZAIN UL ABDIN\AppData\Local\Coursier\cache\v1\https\repo1.maven.org\maven2\com\google\jimfs\jimfs\1.3.0\jimfs-1.3.0.jar;C:\Users\ZAIN UL ABDIN\AppData\Local\Coursier\cache\v1\https\repo1.maven.org\maven2\io\get-coursier\jniutils\windows-jni-utils\0.3.3\windows-jni-utils-0.3.3.jar;C:\Users\ZAIN UL ABDIN\AppData\Local\Coursier\cache\v1\https\repo1.maven.org\maven2\com\github\plokhotnyuk\jsoniter-scala\jsoniter-scala-core_3\2.13.5.2\jsoniter-scala-core_3-2.13.5.2.jar;C:\Users\ZAIN UL ABDIN\AppData\Local\Coursier\cache\v1\https\repo1.maven.org\maven2\org\virtuslab\scala-cli\libsodiumjni\0.0.3\libsodiumjni-0.0.3.jar;C:\Users\ZAIN UL ABDIN\AppData\Local\Coursier\cache\v1\https\repo1.maven.org\maven2\com\geirsson\metaconfig-typesafe-config_3\0.11.1\metaconfig-typesafe-config_3-0.11.1.jar;C:\Users\ZAIN UL ABDIN\AppData\Local\Coursier\cache\v1\https\repo1.maven.org\maven2\ai\kien\python-native-libs_3\0.2.4\python-native-libs_3-0.2.4.jar;C:\Users\ZAIN UL ABDIN\AppData\Local\Coursier\cache\v1\https\repo1.maven.org\maven2\org\virtuslab\scala-packager_2.13\0.1.29\scala-packager_2.13-0.1.29.jar;C:\Users\ZAIN UL ABDIN\AppData\Local\Coursier\cache\v1\https\repo1.maven.org\maven2\org\virtuslab\scala-cli-signing\cli_3\0.2.2\cli_3-0.2.2.jar;C:\Users\ZAIN UL ABDIN\AppData\Local\Coursier\cache\v1\https\repo1.maven.org\maven2\org\slf4j\slf4j-nop\2.0.7\slf4j-nop-2.0.7.jar;C:\Users\ZAIN UL ABDIN\AppData\Local\Coursier\cache\v1\https\repo1.maven.org\maven2\com\softwaremill\sttp\client3\core_2.13\3.8.16\core_2.13-3.8.16.jar;C:\Users\ZAIN UL ABDIN\AppData\Local\Coursier\cache\v1\https\repo1.maven.org\maven2\org\scala-lang\scala3-library_3\3.3.0\scala3-library_3-3.3.0.jar;C:\Users\ZAIN UL ABDIN\AppData\Local\Coursier\cache\v1\https\repo1.maven.org\maven2\org\virtuslab\scala-cli\build-module_3\1.0.4\build-module_3-1.0.4.jar;C:\Users\ZAIN UL ABDIN\AppData\Local\Coursier\cache\v1\https\repo1.maven.org\maven2\org\virtuslab\scala-cli\config_3\1.0.4\config_3-1.0.4.jar;C:\Users\ZAIN UL ABDIN\AppData\Local\Coursier\cache\v1\https\repo1.maven.org\maven2\org\virtuslab\scala-cli\scala3-graal_3\1.0.4\scala3-graal_3-1.0.4.jar;C:\Users\ZAIN UL ABDIN\AppData\Local\Coursier\cache\v1\https\repo1.maven.org\maven2\org\virtuslab\scala-cli\specification-level_3\1.0.4\specification-level_3-1.0.4.jar;C:\Users\ZAIN UL ABDIN\AppData\Local\Coursier\cache\v1\https\repo1.maven.org\maven2\com\github\alexarchambault\case-app-annotations_3\2.1.0-M25\case-app-annotations_3-2.1.0-M25.jar;C:\Users\ZAIN UL ABDIN\AppData\Local\Coursier\cache\v1\https\repo1.maven.org\maven2\com\github\alexarchambault\case-app-util_3\2.1.0-M25\case-app-util_3-2.1.0-M25.jar;C:\Users\ZAIN UL ABDIN\AppData\Local\Coursier\cache\v1\https\repo1.maven.org\maven2\com\lihaoyi\sourcecode_3\0.3.0\sourcecode_3-0.3.0.jar;C:\Users\ZAIN UL ABDIN\AppData\Local\Coursier\cache\v1\https\repo1.maven.org\maven2\org\scala-lang\modules\scala-collection-compat_2.13\2.11.0\scala-collection-compat_2.13-2.11.0.jar;C:\Users\ZAIN UL ABDIN\AppData\Local\Coursier\cache\v1\https\repo1.maven.org\maven2\io\github\alexarchambault\scala-cli\tmp\zip-input-stream\0.1.1\zip-input-stream-0.1.1.jar;C:\Users\ZAIN UL ABDIN\AppData\Local\Coursier\cache\v1\https\repo1.maven.org\maven2\ai\kien\python-native-libs_2.13\0.2.4\python-native-libs_2.13-0.2.4.jar;C:\Users\ZAIN UL ABDIN\AppData\Local\Coursier\cache\v1\https\repo1.maven.org\maven2\org\scala-lang\scala-library\2.13.11\scala-library-2.13.11.jar;C:\Users\ZAIN UL ABDIN\AppData\Local\Coursier\cache\v1\https\repo1.maven.org\maven2\io\get-coursier\coursier-cache_2.13\2.1.5\coursier-cache_2.13-2.1.5.jar;C:\Users\ZAIN UL ABDIN\AppData\Local\Coursier\cache\v1\https\repo1.maven.org\maven2\io\get-coursier\coursier-core_2.13\2.1.5\coursier-core_2.13-2.1.5.jar;C:\Users\ZAIN UL ABDIN\AppData\Local\Coursier\cache\v1\https\repo1.maven.org\maven2\com\github\plokhotnyuk\jsoniter-scala\jsoniter-scala-core_2.13\2.13.15\jsoniter-scala-core_2.13-2.13.15.jar;C:\Users\ZAIN UL ABDIN\AppData\Local\Coursier\cache\v1\https\repo1.maven.org\maven2\com\google\guava\guava\32.1.2-jre\guava-32.1.2-jre.jar;C:\Users\ZAIN UL ABDIN\AppData\Local\Coursier\cache\v1\https\repo1.maven.org\maven2\net\java\dev\jna\jna\5.12.1\jna-5.12.1.jar;C:\Users\ZAIN UL ABDIN\AppData\Local\Coursier\cache\v1\https\repo1.maven.org\maven2\net\java\dev\jna\jna-platform\5.12.1\jna-platform-5.12.1.jar;C:\Users\ZAIN UL ABDIN\AppData\Local\Coursier\cache\v1\https\repo1.maven.org\maven2\com\geirsson\metaconfig-core_3\0.11.1\metaconfig-core_3-0.11.1.jar;C:\Users\ZAIN UL ABDIN\AppData\Local\Coursier\cache\v1\https\repo1.maven.org\maven2\com\typesafe\config\1.4.1\config-1.4.1.jar;C:\Users\ZAIN UL ABDIN\AppData\Local\Coursier\cache\v1\https\repo1.maven.org\maven2\org\scala-lang\modules\scala-collection-compat_3\2.11.0\scala-collection-compat_3-2.11.0.jar;C:\Users\ZAIN UL ABDIN\AppData\Local\Coursier\cache\v1\https\repo1.maven.org\maven2\commons-io\commons-io\2.11.0\commons-io-2.11.0.jar;C:\Users\ZAIN UL ABDIN\AppData\Local\Coursier\cache\v1\https\repo1.maven.org\maven2\com\google\cloud\tools\jib-core\0.22.0\jib-core-0.22.0.jar;C:\Users\ZAIN UL ABDIN\AppData\Local\Coursier\cache\v1\https\repo1.maven.org\maven2\com\lihaoyi\os-lib_2.13\0.8.1\os-lib_2.13-0.8.1.jar;C:\Users\ZAIN UL ABDIN\AppData\Local\Coursier\cache\v1\https\repo1.maven.org\maven2\org\bouncycastle\bcpg-jdk18on\1.73\bcpg-jdk18on-1.73.jar;C:\Users\ZAIN UL ABDIN\AppData\Local\Coursier\cache\v1\https\repo1.maven.org\maven2\org\virtuslab\scala-cli-signing\shared_3\0.2.2\shared_3-0.2.2.jar;C:\Users\ZAIN UL ABDIN\AppData\Local\Coursier\cache\v1\https\repo1.maven.org\maven2\org\slf4j\slf4j-api\2.0.7\slf4j-api-2.0.7.jar;C:\Users\ZAIN UL ABDIN\AppData\Local\Coursier\cache\v1\https\repo1.maven.org\maven2\com\softwaremill\sttp\model\core_2.13\1.5.5\core_2.13-1.5.5.jar;C:\Users\ZAIN UL ABDIN\AppData\Local\Coursier\cache\v1\https\repo1.maven.org\maven2\com\softwaremill\sttp\shared\core_2.13\1.3.13\core_2.13-1.3.13.jar;C:\Users\ZAIN UL ABDIN\AppData\Local\Coursier\cache\v1\https\repo1.maven.org\maven2\com\softwaremill\sttp\shared\ws_2.13\1.3.13\ws_2.13-1.3.13.jar;C:\Users\ZAIN UL ABDIN\AppData\Local\Coursier\cache\v1\https\repo1.maven.org\maven2\org\ow2\asm\asm\9.5\asm-9.5.jar;C:\Users\ZAIN UL ABDIN\AppData\Local\Coursier\cache\v1\https\repo1.maven.org\maven2\io\github\alexarchambault\scala-cli\java-class-name_3\0.1.0\java-class-name_3-0.1.0.jar;C:\Users\ZAIN UL ABDIN\AppData\Local\Coursier\cache\v1\https\repo1.maven.org\maven2\org\scalameta\trees_2.13\4.8.7\trees_2.13-4.8.7.jar;C:\Users\ZAIN UL ABDIN\AppData\Local\Coursier\cache\v1\https\repo1.maven.org\maven2\org\scala-native\test-runner_3\0.4.14\test-runner_3-0.4.14.jar;C:\Users\ZAIN UL ABDIN\AppData\Local\Coursier\cache\v1\https\repo1.maven.org\maven2\com\lihaoyi\os-lib_3\0.9.1\os-lib_3-0.9.1.jar;C:\Users\ZAIN UL ABDIN\AppData\Local\Coursier\cache\v1\https\repo1.maven.org\maven2\com\lihaoyi\pprint_3\0.8.1\pprint_3-0.8.1.jar;C:\Users\ZAIN UL ABDIN\AppData\Local\Coursier\cache\v1\https\repo1.maven.org\maven2\org\scala-js\scalajs-env-nodejs_2.13\1.4.0\scalajs-env-nodejs_2.13-1.4.0.jar;C:\Users\ZAIN UL ABDIN\AppData\Local\Coursier\cache\v1\https\repo1.maven.org\maven2\org\scala-js\scalajs-sbt-test-adapter_2.13\1.13.2\scalajs-sbt-test-adapter_2.13-1.13.2.jar;C:\Users\ZAIN UL ABDIN\AppData\Local\Coursier\cache\v1\https\repo1.maven.org\maven2\com\swoval\file-tree-views\2.1.10\file-tree-views-2.1.10.jar;C:\Users\ZAIN UL ABDIN\AppData\Local\Coursier\cache\v1\https\repo1.maven.org\maven2\org\virtuslab\scala-cli\options_3\1.0.4\options_3-1.0.4.jar;C:\Users\ZAIN UL ABDIN\AppData\Local\Coursier\cache\v1\https\repo1.maven.org\maven2\org\virtuslab\scala-cli\directives_3\1.0.4\directives_3-1.0.4.jar;C:\Users\ZAIN UL ABDIN\AppData\Local\Coursier\cache\v1\https\repo1.maven.org\maven2\org\virtuslab\scala-cli\scala-cli-bsp\1.0.4\scala-cli-bsp-1.0.4.jar;C:\Users\ZAIN UL ABDIN\AppData\Local\Coursier\cache\v1\https\repo1.maven.org\maven2\org\virtuslab\scala-cli\test-runner_2.13\1.0.4\test-runner_2.13-1.0.4.jar;C:\Users\ZAIN UL ABDIN\AppData\Local\Coursier\cache\v1\https\repo1.maven.org\maven2\org\virtuslab\scala-cli\tasty-lib_3\1.0.4\tasty-lib_3-1.0.4.jar;C:\Users\ZAIN UL ABDIN\AppData\Local\Coursier\cache\v1\https\repo1.maven.org\maven2\org\codehaus\plexus\plexus-archiver\4.7.1\plexus-archiver-4.7.1.jar;C:\Users\ZAIN UL ABDIN\AppData\Local\Coursier\cache\v1\https\repo1.maven.org\maven2\org\codehaus\plexus\plexus-container-default\2.1.1\plexus-container-default-2.1.1.jar;C:\Users\ZAIN UL ABDIN\AppData\Local\Coursier\cache\v1\https\repo1.maven.org\maven2\io\github\alexarchambault\windows-ansi\windows-ansi\0.0.5\windows-ansi-0.0.5.jar;C:\Users\ZAIN UL ABDIN\AppData\Local\Coursier\cache\v1\https\repo1.maven.org\maven2\io\get-coursier\coursier-util_2.13\2.1.5\coursier-util_2.13-2.1.5.jar;C:\Users\ZAIN UL ABDIN\AppData\Local\Coursier\cache\v1\https\repo1.maven.org\maven2\io\github\alexarchambault\concurrent-reference-hash-map\1.1.0\concurrent-reference-hash-map-1.1.0.jar;C:\Users\ZAIN UL ABDIN\AppData\Local\Coursier\cache\v1\https\repo1.maven.org\maven2\org\scala-lang\modules\scala-xml_2.13\2.1.0\scala-xml_2.13-2.1.0.jar;C:\Users\ZAIN UL ABDIN\AppData\Local\Coursier\cache\v1\https\repo1.maven.org\maven2\com\google\guava\failureaccess\1.0.1\failureaccess-1.0.1.jar;C:\Users\ZAIN UL ABDIN\AppData\Local\Coursier\cache\v1\https\repo1.maven.org\maven2\com\google\guava\listenablefuture\9999.0-empty-to-avoid-conflict-with-guava\listenablefuture-9999.0-empty-to-avoid-conflict-with-guava.jar;C:\Users\ZAIN UL ABDIN\AppData\Local\Coursier\cache\v1\https\repo1.maven.org\maven2\com\google\code\findbugs\jsr305\3.0.2\jsr305-3.0.2.jar;C:\Users\ZAIN UL ABDIN\AppData\Local\Coursier\cache\v1\https\repo1.maven.org\maven2\org\checkerframework\checker-qual\3.33.0\checker-qual-3.33.0.jar;C:\Users\ZAIN UL ABDIN\AppData\Local\Coursier\cache\v1\https\repo1.maven.org\maven2\com\google\errorprone\error_prone_annotations\2.18.0\error_prone_annotations-2.18.0.jar;C:\Users\ZAIN UL ABDIN\AppData\Local\Coursier\cache\v1\https\repo1.maven.org\maven2\com\google\j2objc\j2objc-annotations\2.8\j2objc-annotations-2.8.jar;C:\Users\ZAIN UL ABDIN\AppData\Local\Coursier\cache\v1\https\repo1.maven.org\maven2\com\geirsson\metaconfig-pprint_3\0.11.1\metaconfig-pprint_3-0.11.1.jar;C:\Users\ZAIN UL ABDIN\AppData\Local\Coursier\cache\v1\https\repo1.maven.org\maven2\org\typelevel\paiges-core_3\0.4.2\paiges-core_3-0.4.2.jar;C:\Users\ZAIN UL ABDIN\AppData\Local\Coursier\cache\v1\https\repo1.maven.org\maven2\org\scala-lang\scala-reflect\2.13.8\scala-reflect-2.13.8.jar;C:\Users\ZAIN UL ABDIN\AppData\Local\Coursier\cache\v1\https\repo1.maven.org\maven2\com\google\cloud\tools\jib-build-plan\0.4.0\jib-build-plan-0.4.0.jar;C:\Users\ZAIN UL ABDIN\AppData\Local\Coursier\cache\v1\https\repo1.maven.org\maven2\com\google\http-client\google-http-client\1.34.0\google-http-client-1.34.0.jar;C:\Users\ZAIN UL ABDIN\AppData\Local\Coursier\cache\v1\https\repo1.maven.org\maven2\com\google\http-client\google-http-client-apache-v2\1.34.0\google-http-client-apache-v2-1.34.0.jar;C:\Users\ZAIN UL ABDIN\AppData\Local\Coursier\cache\v1\https\repo1.maven.org\maven2\com\google\auth\google-auth-library-oauth2-http\0.18.0\google-auth-library-oauth2-http-0.18.0.jar;C:\Users\ZAIN UL ABDIN\AppData\Local\Coursier\cache\v1\https\repo1.maven.org\maven2\org\apache\commons\commons-compress\1.23.0\commons-compress-1.23.0.jar;C:\Users\ZAIN UL ABDIN\AppData\Local\Coursier\cache\v1\https\repo1.maven.org\maven2\com\fasterxml\jackson\core\jackson-databind\2.13.3\jackson-databind-2.13.3.jar;C:\Users\ZAIN UL ABDIN\AppData\Local\Coursier\cache\v1\https\repo1.maven.org\maven2\com\fasterxml\jackson\datatype\jackson-datatype-jsr310\2.13.3\jackson-datatype-jsr310-2.13.3.jar;C:\Users\ZAIN UL ABDIN\AppData\Local\Coursier\cache\v1\https\repo1.maven.org\maven2\com\lihaoyi\geny_2.13\0.7.1\geny_2.13-0.7.1.jar;C:\Users\ZAIN UL ABDIN\AppData\Local\Coursier\cache\v1\https\repo1.maven.org\maven2\org\bouncycastle\bcprov-jdk18on\1.73\bcprov-jdk18on-1.73.jar;C:\Users\ZAIN UL ABDIN\AppData\Local\Coursier\cache\v1\https\repo1.maven.org\maven2\org\scala-lang\scala3-compiler_3\3.1.2\scala3-compiler_3-3.1.2.jar;C:\Users\ZAIN UL ABDIN\AppData\Local\Coursier\cache\v1\https\repo1.maven.org\maven2\org\scalameta\common_2.13\4.8.7\common_2.13-4.8.7.jar;C:\Users\ZAIN UL ABDIN\AppData\Local\Coursier\cache\v1\https\repo1.maven.org\maven2\org\scala-native\tools_3\0.4.14\tools_3-0.4.14.jar;C:\Users\ZAIN UL ABDIN\AppData\Local\Coursier\cache\v1\https\repo1.maven.org\maven2\org\scala-sbt\test-interface\1.0\test-interface-1.0.jar;C:\Users\ZAIN UL ABDIN\AppData\Local\Coursier\cache\v1\https\repo1.maven.org\maven2\com\novocode\junit-interface\0.11\junit-interface-0.11.jar;C:\Users\ZAIN UL ABDIN\AppData\Local\Coursier\cache\v1\https\repo1.maven.org\maven2\junit\junit\4.13.2\junit-4.13.2.jar;C:\Users\ZAIN UL ABDIN\AppData\Local\Coursier\cache\v1\https\repo1.maven.org\maven2\com\lihaoyi\geny_3\1.0.0\geny_3-1.0.0.jar;C:\Users\ZAIN UL ABDIN\AppData\Local\Coursier\cache\v1\https\repo1.maven.org\maven2\com\lihaoyi\fansi_3\0.4.0\fansi_3-0.4.0.jar;C:\Users\ZAIN UL ABDIN\AppData\Local\Coursier\cache\v1\https\repo1.maven.org\maven2\org\scala-js\scalajs-js-envs_2.13\1.4.0\scalajs-js-envs_2.13-1.4.0.jar;C:\Users\ZAIN UL ABDIN\AppData\Local\Coursier\cache\v1\https\repo1.maven.org\maven2\ch\epfl\scala\bloop-config_2.13\1.5.5\bloop-config_2.13-1.5.5.jar;C:\Users\ZAIN UL ABDIN\AppData\Local\Coursier\cache\v1\https\repo1.maven.org\maven2\org\virtuslab\scala-cli\core_3\1.0.4\core_3-1.0.4.jar;C:\Users\ZAIN UL ABDIN\AppData\Local\Coursier\cache\v1\https\repo1.maven.org\maven2\org\virtuslab\using_directives\1.1.0\using_directives-1.1.0.jar;C:\Users\ZAIN UL ABDIN\AppData\Local\Coursier\cache\v1\https\repo1.maven.org\maven2\org\virtuslab\scala-cli\build-macros_3\1.0.4\build-macros_3-1.0.4.jar;C:\Users\ZAIN UL ABDIN\AppData\Local\Coursier\cache\v1\https\repo1.maven.org\maven2\ch\epfl\scala\bsp4j\2.1.0-M5\bsp4j-2.1.0-M5.jar;C:\Users\ZAIN UL ABDIN\AppData\Local\Coursier\cache\v1\https\repo1.maven.org\maven2\javax\inject\javax.inject\1\javax.inject-1.jar;C:\Users\ZAIN UL ABDIN\AppData\Local\Coursier\cache\v1\https\repo1.maven.org\maven2\org\codehaus\plexus\plexus-utils\3.5.1\plexus-utils-3.5.1.jar;C:\Users\ZAIN UL ABDIN\AppData\Local\Coursier\cache\v1\https\repo1.maven.org\maven2\org\codehaus\plexus\plexus-io\3.4.1\plexus-io-3.4.1.jar;C:\Users\ZAIN UL ABDIN\AppData\Local\Coursier\cache\v1\https\repo1.maven.org\maven2\org\iq80\snappy\snappy\0.4\snappy-0.4.jar;C:\Users\ZAIN UL ABDIN\AppData\Local\Coursier\cache\v1\https\repo1.maven.org\maven2\org\tukaani\xz\1.9\xz-1.9.jar;C:\Users\ZAIN UL ABDIN\AppData\Local\Coursier\cache\v1\https\repo1.maven.org\maven2\com\github\luben\zstd-jni\1.5.5-2\zstd-jni-1.5.5-2.jar;C:\Users\ZAIN UL ABDIN\AppData\Local\Coursier\cache\v1\https\repo1.maven.org\maven2\org\codehaus\plexus\plexus-classworlds\2.6.0\plexus-classworlds-2.6.0.jar;C:\Users\ZAIN UL ABDIN\AppData\Local\Coursier\cache\v1\https\repo1.maven.org\maven2\org\apache\xbean\xbean-reflect\3.7\xbean-reflect-3.7.jar;C:\Users\ZAIN UL ABDIN\AppData\Local\Coursier\cache\v1\https\repo1.maven.org\maven2\org\fusesource\jansi\jansi\1.18\jansi-1.18.jar;C:\Users\ZAIN UL ABDIN\AppData\Local\Coursier\cache\v1\https\repo1.maven.org\maven2\org\apache\httpcomponents\httpclient\4.5.10\httpclient-4.5.10.jar;C:\Users\ZAIN UL ABDIN\AppData\Local\Coursier\cache\v1\https\repo1.maven.org\maven2\org\apache\httpcomponents\httpcore\4.4.12\httpcore-4.4.12.jar;C:\Users\ZAIN UL ABDIN\AppData\Local\Coursier\cache\v1\https\repo1.maven.org\maven2\io\opencensus\opencensus-api\0.24.0\opencensus-api-0.24.0.jar;C:\Users\ZAIN UL ABDIN\AppData\Local\Coursier\cache\v1\https\repo1.maven.org\maven2\io\opencensus\opencensus-contrib-http-util\0.24.0\opencensus-contrib-http-util-0.24.0.jar;C:\Users\ZAIN UL ABDIN\AppData\Local\Coursier\cache\v1\https\repo1.maven.org\maven2\com\google\auto\value\auto-value-annotations\1.6.6\auto-value-annotations-1.6.6.jar;C:\Users\ZAIN UL ABDIN\AppData\Local\Coursier\cache\v1\https\repo1.maven.org\maven2\com\google\auth\google-auth-library-credentials\0.18.0\google-auth-library-credentials-0.18.0.jar;C:\Users\ZAIN UL ABDIN\AppData\Local\Coursier\cache\v1\https\repo1.maven.org\maven2\com\google\http-client\google-http-client-jackson2\1.32.1\google-http-client-jackson2-1.32.1.jar;C:\Users\ZAIN UL ABDIN\AppData\Local\Coursier\cache\v1\https\repo1.maven.org\maven2\com\fasterxml\jackson\core\jackson-annotations\2.13.3\jackson-annotations-2.13.3.jar;C:\Users\ZAIN UL ABDIN\AppData\Local\Coursier\cache\v1\https\repo1.maven.org\maven2\com\fasterxml\jackson\core\jackson-core\2.13.3\jackson-core-2.13.3.jar;C:\Users\ZAIN UL ABDIN\AppData\Local\Coursier\cache\v1\https\repo1.maven.org\maven2\org\scala-lang\scala3-interfaces\3.1.2\scala3-interfaces-3.1.2.jar;C:\Users\ZAIN UL ABDIN\AppData\Local\Coursier\cache\v1\https\repo1.maven.org\maven2\org\scala-lang\tasty-core_3\3.1.2\tasty-core_3-3.1.2.jar;C:\Users\ZAIN UL ABDIN\AppData\Local\Coursier\cache\v1\https\repo1.maven.org\maven2\org\scala-lang\modules\scala-asm\9.1.0-scala-1\scala-asm-9.1.0-scala-1.jar;C:\Users\ZAIN UL ABDIN\AppData\Local\Coursier\cache\v1\https\repo1.maven.org\maven2\org\scala-sbt\compiler-interface\1.3.5\compiler-interface-1.3.5.jar;C:\Users\ZAIN UL ABDIN\AppData\Local\Coursier\cache\v1\https\repo1.maven.org\maven2\org\jline\jline-reader\3.19.0\jline-reader-3.19.0.jar;C:\Users\ZAIN UL ABDIN\AppData\Local\Coursier\cache\v1\https\repo1.maven.org\maven2\org\jline\jline-terminal\3.19.0\jline-terminal-3.19.0.jar;C:\Users\ZAIN UL ABDIN\AppData\Local\Coursier\cache\v1\https\repo1.maven.org\maven2\org\jline\jline-terminal-jna\3.19.0\jline-terminal-jna-3.19.0.jar;C:\Users\ZAIN UL ABDIN\AppData\Local\Coursier\cache\v1\https\repo1.maven.org\maven2\com\lihaoyi\sourcecode_2.13\0.3.0\sourcecode_2.13-0.3.0.jar;C:\Users\ZAIN UL ABDIN\AppData\Local\Coursier\cache\v1\https\repo1.maven.org\maven2\com\thesamet\scalapb\scalapb-runtime_2.13\0.11.13\scalapb-runtime_2.13-0.11.13.jar;C:\Users\ZAIN UL ABDIN\AppData\Local\Coursier\cache\v1\https\repo1.maven.org\maven2\org\scala-native\nir_3\0.4.14\nir_3-0.4.14.jar;C:\Users\ZAIN UL ABDIN\AppData\Local\Coursier\cache\v1\https\repo1.maven.org\maven2\org\scala-native\util_3\0.4.14\util_3-0.4.14.jar;C:\Users\ZAIN UL ABDIN\AppData\Local\Coursier\cache\v1\https\repo1.maven.org\maven2\org\scala-lang\modules\scala-parallel-collections_3\1.0.3\scala-parallel-collections_3-1.0.3.jar;C:\Users\ZAIN UL ABDIN\AppData\Local\Coursier\cache\v1\https\repo1.maven.org\maven2\org\hamcrest\hamcrest-core\1.3\hamcrest-core-1.3.jar;C:\Users\ZAIN UL ABDIN\AppData\Local\Coursier\cache\v1\https\repo1.maven.org\maven2\org\scala-js\scalajs-logging_2.13\1.1.1\scalajs-logging_2.13-1.1.1.jar;C:\Users\ZAIN UL ABDIN\AppData\Local\Coursier\cache\v1\https\repo1.maven.org\maven2\io\github\alexarchambault\bleep\bloop-rifle_2.13\1.5.9-sc-1\bloop-rifle_2.13-1.5.9-sc-1.jar;C:\Users\ZAIN UL ABDIN\AppData\Local\Coursier\cache\v1\https\repo1.maven.org\maven2\io\get-coursier\coursier-jvm_2.13\2.1.5\coursier-jvm_2.13-2.1.5.jar;C:\Users\ZAIN UL ABDIN\AppData\Local\Coursier\cache\v1\https\repo1.maven.org\maven2\io\get-coursier\dependency_3\0.2.3\dependency_3-0.2.3.jar;C:\Users\ZAIN UL ABDIN\AppData\Local\Coursier\cache\v1\https\repo1.maven.org\maven2\org\eclipse\jgit\org.eclipse.jgit\6.6.0.202305301015-r\org.eclipse.jgit-6.6.0.202305301015-r.jar;C:\Users\ZAIN UL ABDIN\AppData\Local\Coursier\cache\v1\https\repo1.maven.org\maven2\org\scala-js\scalajs-env-jsdom-nodejs_2.13\1.1.0\scalajs-env-jsdom-nodejs_2.13-1.1.0.jar;C:\Users\ZAIN UL ABDIN\AppData\Local\Coursier\cache\v1\https\repo1.maven.org\maven2\org\eclipse\lsp4j\org.eclipse.lsp4j.generator\0.20.1\org.eclipse.lsp4j.generator-0.20.1.jar;C:\Users\ZAIN UL ABDIN\AppData\Local\Coursier\cache\v1\https\repo1.maven.org\maven2\org\eclipse\lsp4j\org.eclipse.lsp4j.jsonrpc\0.20.1\org.eclipse.lsp4j.jsonrpc-0.20.1.jar;C:\Users\ZAIN UL ABDIN\AppData\Local\Coursier\cache\v1\https\repo1.maven.org\maven2\commons-logging\commons-logging\1.2\commons-logging-1.2.jar;C:\Users\ZAIN UL ABDIN\AppData\Local\Coursier\cache\v1\https\repo1.maven.org\maven2\commons-codec\commons-codec\1.11\commons-codec-1.11.jar;C:\Users\ZAIN UL ABDIN\AppData\Local\Coursier\cache\v1\https\repo1.maven.org\maven2\io\grpc\grpc-context\1.22.1\grpc-context-1.22.1.jar;C:\Users\ZAIN UL ABDIN\AppData\Local\Coursier\cache\v1\https\repo1.maven.org\maven2\com\google\protobuf\protobuf-java\3.19.6\protobuf-java-3.19.6.jar;C:\Users\ZAIN UL ABDIN\AppData\Local\Coursier\cache\v1\https\repo1.maven.org\maven2\org\scala-sbt\util-interface\1.3.0\util-interface-1.3.0.jar;C:\Users\ZAIN UL ABDIN\AppData\Local\Coursier\cache\v1\https\repo1.maven.org\maven2\com\thesamet\scalapb\lenses_2.13\0.11.13\lenses_2.13-0.11.13.jar;C:\Users\ZAIN UL ABDIN\AppData\Local\Coursier\cache\v1\https\repo1.maven.org\maven2\io\github\alexarchambault\libdaemon\libdaemon_2.13\0.0.11\libdaemon_2.13-0.0.11.jar;C:\Users\ZAIN UL ABDIN\AppData\Local\Coursier\cache\v1\https\repo1.maven.org\maven2\io\github\alexarchambault\scala-cli\snailgun\snailgun-core_2.13\0.4.1-sc2\snailgun-core_2.13-0.4.1-sc2.jar;C:\Users\ZAIN UL ABDIN\AppData\Local\Coursier\cache\v1\https\repo1.maven.org\maven2\com\github\alexarchambault\argonaut-shapeless_6.3_2.13\1.3.1\argonaut-shapeless_6.3_2.13-1.3.1.jar;C:\Users\ZAIN UL ABDIN\AppData\Local\Coursier\cache\v1\https\repo1.maven.org\maven2\io\get-coursier\coursier_2.13\2.1.5\coursier_2.13-2.1.5.jar;C:\Users\ZAIN UL ABDIN\AppData\Local\Coursier\cache\v1\https\repo1.maven.org\maven2\io\get-coursier\coursier-env_2.13\2.1.5\coursier-env_2.13-2.1.5.jar;C:\Users\ZAIN UL ABDIN\AppData\Local\Coursier\cache\v1\https\repo1.maven.org\maven2\com\googlecode\javaewah\JavaEWAH\1.2.3\JavaEWAH-1.2.3.jar;C:\Users\ZAIN UL ABDIN\AppData\Local\Coursier\cache\v1\https\repo1.maven.org\maven2\org\eclipse\xtend\org.eclipse.xtend.lib\2.28.0\org.eclipse.xtend.lib-2.28.0.jar;C:\Users\ZAIN UL ABDIN\AppData\Local\Coursier\cache\v1\https\repo1.maven.org\maven2\com\google\code\gson\gson\2.10.1\gson-2.10.1.jar;C:\Users\ZAIN UL ABDIN\AppData\Local\Coursier\cache\v1\https\repo1.maven.org\maven2\io\argonaut\argonaut_2.13\6.3.8\argonaut_2.13-6.3.8.jar;C:\Users\ZAIN UL ABDIN\AppData\Local\Coursier\cache\v1\https\repo1.maven.org\maven2\com\chuusai\shapeless_2.13\2.3.9\shapeless_2.13-2.3.9.jar;C:\Users\ZAIN UL ABDIN\AppData\Local\Coursier\cache\v1\https\repo1.maven.org\maven2\org\eclipse\xtext\org.eclipse.xtext.xbase.lib\2.28.0\org.eclipse.xtext.xbase.lib-2.28.0.jar;C:\Users\ZAIN UL ABDIN\AppData\Local\Coursier\cache\v1\https\repo1.maven.org\maven2\org\eclipse\xtend\org.eclipse.xtend.lib.macro\2.28.0\org.eclipse.xtend.lib.macro-2.28.0.jar, scala.cli.ScalaCli, bsp, C:\Users\ZAIN UL ABDIN\Documents\scala_learnings\first_class)
2023.09.04 12:28:01 INFO  tracing is disabled for protocol BSP, to enable tracing of incoming and outgoing JSON messages create an empty file at C:\Users\ZAIN UL ABDIN\Documents\scala_learnings\first_class\.metals\bsp.trace.json or C:\Users\ZAIN UL ABDIN\AppData\Local\scalameta\metals\cache\bsp.trace.json
2023.09.04 12:28:08 INFO  BSP server: Starting compilation server
2023.09.04 12:28:10 WARN  no build target for: C:\Users\ZAIN UL ABDIN\Documents\scala_learnings\first_class\project.scala
2023.09.04 12:28:11 INFO  BSP server: Downloading https://repo1.maven.org/maven2/org/scalaz/scalaz-core_2.12/7.3.7/scalaz-core_2.12-7.3.7.jar
2023.09.04 12:28:11 INFO  BSP server: Downloading https://repo1.maven.org/maven2/io/get-coursier/interface/1.0.13/interface-1.0.13.jar
2023.09.04 12:28:17 INFO  BSP server: Still downloading:
2023.09.04 12:28:17 INFO  BSP server: https://repo1.maven.org/maven2/io/get-coursier/interface/1.0.13/interface-1.0.13.jar (97.09 %, 9928072 / 10225728)
2023.09.04 12:28:17 INFO  BSP server: https://repo1.maven.org/maven2/org/scalaz/scalaz-core_2.12/7.3.7/scalaz-core_2.12-7.3.7.jar (82.98 %, 8158817 / 9831992)
2023.09.04 12:28:17 INFO  BSP server: 
2023.09.04 12:28:17 INFO  BSP server: Downloaded https://repo1.maven.org/maven2/io/get-coursier/interface/1.0.13/interface-1.0.13.jar
2023.09.04 12:28:21 ERROR Timeout waiting for 'build/initialize' response
2023.09.04 12:28:21 WARN  Retrying connection to the build server scala-cli
2023.09.04 12:28:21 INFO  Running BSP server List(C:\Users\ZAIN UL ABDIN\AppData\Local\Programs\Eclipse Adoptium\jdk-17.0.8.7-hotspot\bin\java.exe, -cp, C:\Users\ZAIN UL ABDIN\AppData\Local\Coursier\cache\v1\https\repo1.maven.org\maven2\org\virtuslab\scala-cli\cli_3\1.0.4\cli_3-1.0.4.jar;C:\Users\ZAIN UL ABDIN\AppData\Local\Coursier\cache\v1\https\repo1.maven.org\maven2\com\github\alexarchambault\case-app_3\2.1.0-M25\case-app_3-2.1.0-M25.jar;C:\Users\ZAIN UL ABDIN\AppData\Local\Coursier\cache\v1\https\repo1.maven.org\maven2\io\get-coursier\coursier-launcher_2.13\2.1.5\coursier-launcher_2.13-2.1.5.jar;C:\Users\ZAIN UL ABDIN\AppData\Local\Coursier\cache\v1\https\repo1.maven.org\maven2\io\get-coursier\coursier-proxy-setup\2.1.5\coursier-proxy-setup-2.1.5.jar;C:\Users\ZAIN UL ABDIN\AppData\Local\Coursier\cache\v1\https\repo1.maven.org\maven2\io\get-coursier\publish\publish_2.13\0.1.4\publish_2.13-0.1.4.jar;C:\Users\ZAIN UL ABDIN\AppData\Local\Coursier\cache\v1\https\repo1.maven.org\maven2\com\google\jimfs\jimfs\1.3.0\jimfs-1.3.0.jar;C:\Users\ZAIN UL ABDIN\AppData\Local\Coursier\cache\v1\https\repo1.maven.org\maven2\io\get-coursier\jniutils\windows-jni-utils\0.3.3\windows-jni-utils-0.3.3.jar;C:\Users\ZAIN UL ABDIN\AppData\Local\Coursier\cache\v1\https\repo1.maven.org\maven2\com\github\plokhotnyuk\jsoniter-scala\jsoniter-scala-core_3\2.13.5.2\jsoniter-scala-core_3-2.13.5.2.jar;C:\Users\ZAIN UL ABDIN\AppData\Local\Coursier\cache\v1\https\repo1.maven.org\maven2\org\virtuslab\scala-cli\libsodiumjni\0.0.3\libsodiumjni-0.0.3.jar;C:\Users\ZAIN UL ABDIN\AppData\Local\Coursier\cache\v1\https\repo1.maven.org\maven2\com\geirsson\metaconfig-typesafe-config_3\0.11.1\metaconfig-typesafe-config_3-0.11.1.jar;C:\Users\ZAIN UL ABDIN\AppData\Local\Coursier\cache\v1\https\repo1.maven.org\maven2\ai\kien\python-native-libs_3\0.2.4\python-native-libs_3-0.2.4.jar;C:\Users\ZAIN UL ABDIN\AppData\Local\Coursier\cache\v1\https\repo1.maven.org\maven2\org\virtuslab\scala-packager_2.13\0.1.29\scala-packager_2.13-0.1.29.jar;C:\Users\ZAIN UL ABDIN\AppData\Local\Coursier\cache\v1\https\repo1.maven.org\maven2\org\virtuslab\scala-cli-signing\cli_3\0.2.2\cli_3-0.2.2.jar;C:\Users\ZAIN UL ABDIN\AppData\Local\Coursier\cache\v1\https\repo1.maven.org\maven2\org\slf4j\slf4j-nop\2.0.7\slf4j-nop-2.0.7.jar;C:\Users\ZAIN UL ABDIN\AppData\Local\Coursier\cache\v1\https\repo1.maven.org\maven2\com\softwaremill\sttp\client3\core_2.13\3.8.16\core_2.13-3.8.16.jar;C:\Users\ZAIN UL ABDIN\AppData\Local\Coursier\cache\v1\https\repo1.maven.org\maven2\org\scala-lang\scala3-library_3\3.3.0\scala3-library_3-3.3.0.jar;C:\Users\ZAIN UL ABDIN\AppData\Local\Coursier\cache\v1\https\repo1.maven.org\maven2\org\virtuslab\scala-cli\build-module_3\1.0.4\build-module_3-1.0.4.jar;C:\Users\ZAIN UL ABDIN\AppData\Local\Coursier\cache\v1\https\repo1.maven.org\maven2\org\virtuslab\scala-cli\config_3\1.0.4\config_3-1.0.4.jar;C:\Users\ZAIN UL ABDIN\AppData\Local\Coursier\cache\v1\https\repo1.maven.org\maven2\org\virtuslab\scala-cli\scala3-graal_3\1.0.4\scala3-graal_3-1.0.4.jar;C:\Users\ZAIN UL ABDIN\AppData\Local\Coursier\cache\v1\https\repo1.maven.org\maven2\org\virtuslab\scala-cli\specification-level_3\1.0.4\specification-level_3-1.0.4.jar;C:\Users\ZAIN UL ABDIN\AppData\Local\Coursier\cache\v1\https\repo1.maven.org\maven2\com\github\alexarchambault\case-app-annotations_3\2.1.0-M25\case-app-annotations_3-2.1.0-M25.jar;C:\Users\ZAIN UL ABDIN\AppData\Local\Coursier\cache\v1\https\repo1.maven.org\maven2\com\github\alexarchambault\case-app-util_3\2.1.0-M25\case-app-util_3-2.1.0-M25.jar;C:\Users\ZAIN UL ABDIN\AppData\Local\Coursier\cache\v1\https\repo1.maven.org\maven2\com\lihaoyi\sourcecode_3\0.3.0\sourcecode_3-0.3.0.jar;C:\Users\ZAIN UL ABDIN\AppData\Local\Coursier\cache\v1\https\repo1.maven.org\maven2\org\scala-lang\modules\scala-collection-compat_2.13\2.11.0\scala-collection-compat_2.13-2.11.0.jar;C:\Users\ZAIN UL ABDIN\AppData\Local\Coursier\cache\v1\https\repo1.maven.org\maven2\io\github\alexarchambault\scala-cli\tmp\zip-input-stream\0.1.1\zip-input-stream-0.1.1.jar;C:\Users\ZAIN UL ABDIN\AppData\Local\Coursier\cache\v1\https\repo1.maven.org\maven2\ai\kien\python-native-libs_2.13\0.2.4\python-native-libs_2.13-0.2.4.jar;C:\Users\ZAIN UL ABDIN\AppData\Local\Coursier\cache\v1\https\repo1.maven.org\maven2\org\scala-lang\scala-library\2.13.11\scala-library-2.13.11.jar;C:\Users\ZAIN UL ABDIN\AppData\Local\Coursier\cache\v1\https\repo1.maven.org\maven2\io\get-coursier\coursier-cache_2.13\2.1.5\coursier-cache_2.13-2.1.5.jar;C:\Users\ZAIN UL ABDIN\AppData\Local\Coursier\cache\v1\https\repo1.maven.org\maven2\io\get-coursier\coursier-core_2.13\2.1.5\coursier-core_2.13-2.1.5.jar;C:\Users\ZAIN UL ABDIN\AppData\Local\Coursier\cache\v1\https\repo1.maven.org\maven2\com\github\plokhotnyuk\jsoniter-scala\jsoniter-scala-core_2.13\2.13.15\jsoniter-scala-core_2.13-2.13.15.jar;C:\Users\ZAIN UL ABDIN\AppData\Local\Coursier\cache\v1\https\repo1.maven.org\maven2\com\google\guava\guava\32.1.2-jre\guava-32.1.2-jre.jar;C:\Users\ZAIN UL ABDIN\AppData\Local\Coursier\cache\v1\https\repo1.maven.org\maven2\net\java\dev\jna\jna\5.12.1\jna-5.12.1.jar;C:\Users\ZAIN UL ABDIN\AppData\Local\Coursier\cache\v1\https\repo1.maven.org\maven2\net\java\dev\jna\jna-platform\5.12.1\jna-platform-5.12.1.jar;C:\Users\ZAIN UL ABDIN\AppData\Local\Coursier\cache\v1\https\repo1.maven.org\maven2\com\geirsson\metaconfig-core_3\0.11.1\metaconfig-core_3-0.11.1.jar;C:\Users\ZAIN UL ABDIN\AppData\Local\Coursier\cache\v1\https\repo1.maven.org\maven2\com\typesafe\config\1.4.1\config-1.4.1.jar;C:\Users\ZAIN UL ABDIN\AppData\Local\Coursier\cache\v1\https\repo1.maven.org\maven2\org\scala-lang\modules\scala-collection-compat_3\2.11.0\scala-collection-compat_3-2.11.0.jar;C:\Users\ZAIN UL ABDIN\AppData\Local\Coursier\cache\v1\https\repo1.maven.org\maven2\commons-io\commons-io\2.11.0\commons-io-2.11.0.jar;C:\Users\ZAIN UL ABDIN\AppData\Local\Coursier\cache\v1\https\repo1.maven.org\maven2\com\google\cloud\tools\jib-core\0.22.0\jib-core-0.22.0.jar;C:\Users\ZAIN UL ABDIN\AppData\Local\Coursier\cache\v1\https\repo1.maven.org\maven2\com\lihaoyi\os-lib_2.13\0.8.1\os-lib_2.13-0.8.1.jar;C:\Users\ZAIN UL ABDIN\AppData\Local\Coursier\cache\v1\https\repo1.maven.org\maven2\org\bouncycastle\bcpg-jdk18on\1.73\bcpg-jdk18on-1.73.jar;C:\Users\ZAIN UL ABDIN\AppData\Local\Coursier\cache\v1\https\repo1.maven.org\maven2\org\virtuslab\scala-cli-signing\shared_3\0.2.2\shared_3-0.2.2.jar;C:\Users\ZAIN UL ABDIN\AppData\Local\Coursier\cache\v1\https\repo1.maven.org\maven2\org\slf4j\slf4j-api\2.0.7\slf4j-api-2.0.7.jar;C:\Users\ZAIN UL ABDIN\AppData\Local\Coursier\cache\v1\https\repo1.maven.org\maven2\com\softwaremill\sttp\model\core_2.13\1.5.5\core_2.13-1.5.5.jar;C:\Users\ZAIN UL ABDIN\AppData\Local\Coursier\cache\v1\https\repo1.maven.org\maven2\com\softwaremill\sttp\shared\core_2.13\1.3.13\core_2.13-1.3.13.jar;C:\Users\ZAIN UL ABDIN\AppData\Local\Coursier\cache\v1\https\repo1.maven.org\maven2\com\softwaremill\sttp\shared\ws_2.13\1.3.13\ws_2.13-1.3.13.jar;C:\Users\ZAIN UL ABDIN\AppData\Local\Coursier\cache\v1\https\repo1.maven.org\maven2\org\ow2\asm\asm\9.5\asm-9.5.jar;C:\Users\ZAIN UL ABDIN\AppData\Local\Coursier\cache\v1\https\repo1.maven.org\maven2\io\github\alexarchambault\scala-cli\java-class-name_3\0.1.0\java-class-name_3-0.1.0.jar;C:\Users\ZAIN UL ABDIN\AppData\Local\Coursier\cache\v1\https\repo1.maven.org\maven2\org\scalameta\trees_2.13\4.8.7\trees_2.13-4.8.7.jar;C:\Users\ZAIN UL ABDIN\AppData\Local\Coursier\cache\v1\https\repo1.maven.org\maven2\org\scala-native\test-runner_3\0.4.14\test-runner_3-0.4.14.jar;C:\Users\ZAIN UL ABDIN\AppData\Local\Coursier\cache\v1\https\repo1.maven.org\maven2\com\lihaoyi\os-lib_3\0.9.1\os-lib_3-0.9.1.jar;C:\Users\ZAIN UL ABDIN\AppData\Local\Coursier\cache\v1\https\repo1.maven.org\maven2\com\lihaoyi\pprint_3\0.8.1\pprint_3-0.8.1.jar;C:\Users\ZAIN UL ABDIN\AppData\Local\Coursier\cache\v1\https\repo1.maven.org\maven2\org\scala-js\scalajs-env-nodejs_2.13\1.4.0\scalajs-env-nodejs_2.13-1.4.0.jar;C:\Users\ZAIN UL ABDIN\AppData\Local\Coursier\cache\v1\https\repo1.maven.org\maven2\org\scala-js\scalajs-sbt-test-adapter_2.13\1.13.2\scalajs-sbt-test-adapter_2.13-1.13.2.jar;C:\Users\ZAIN UL ABDIN\AppData\Local\Coursier\cache\v1\https\repo1.maven.org\maven2\com\swoval\file-tree-views\2.1.10\file-tree-views-2.1.10.jar;C:\Users\ZAIN UL ABDIN\AppData\Local\Coursier\cache\v1\https\repo1.maven.org\maven2\org\virtuslab\scala-cli\options_3\1.0.4\options_3-1.0.4.jar;C:\Users\ZAIN UL ABDIN\AppData\Local\Coursier\cache\v1\https\repo1.maven.org\maven2\org\virtuslab\scala-cli\directives_3\1.0.4\directives_3-1.0.4.jar;C:\Users\ZAIN UL ABDIN\AppData\Local\Coursier\cache\v1\https\repo1.maven.org\maven2\org\virtuslab\scala-cli\scala-cli-bsp\1.0.4\scala-cli-bsp-1.0.4.jar;C:\Users\ZAIN UL ABDIN\AppData\Local\Coursier\cache\v1\https\repo1.maven.org\maven2\org\virtuslab\scala-cli\test-runner_2.13\1.0.4\test-runner_2.13-1.0.4.jar;C:\Users\ZAIN UL ABDIN\AppData\Local\Coursier\cache\v1\https\repo1.maven.org\maven2\org\virtuslab\scala-cli\tasty-lib_3\1.0.4\tasty-lib_3-1.0.4.jar;C:\Users\ZAIN UL ABDIN\AppData\Local\Coursier\cache\v1\https\repo1.maven.org\maven2\org\codehaus\plexus\plexus-archiver\4.7.1\plexus-archiver-4.7.1.jar;C:\Users\ZAIN UL ABDIN\AppData\Local\Coursier\cache\v1\https\repo1.maven.org\maven2\org\codehaus\plexus\plexus-container-default\2.1.1\plexus-container-default-2.1.1.jar;C:\Users\ZAIN UL ABDIN\AppData\Local\Coursier\cache\v1\https\repo1.maven.org\maven2\io\github\alexarchambault\windows-ansi\windows-ansi\0.0.5\windows-ansi-0.0.5.jar;C:\Users\ZAIN UL ABDIN\AppData\Local\Coursier\cache\v1\https\repo1.maven.org\maven2\io\get-coursier\coursier-util_2.13\2.1.5\coursier-util_2.13-2.1.5.jar;C:\Users\ZAIN UL ABDIN\AppData\Local\Coursier\cache\v1\https\repo1.maven.org\maven2\io\github\alexarchambault\concurrent-reference-hash-map\1.1.0\concurrent-reference-hash-map-1.1.0.jar;C:\Users\ZAIN UL ABDIN\AppData\Local\Coursier\cache\v1\https\repo1.maven.org\maven2\org\scala-lang\modules\scala-xml_2.13\2.1.0\scala-xml_2.13-2.1.0.jar;C:\Users\ZAIN UL ABDIN\AppData\Local\Coursier\cache\v1\https\repo1.maven.org\maven2\com\google\guava\failureaccess\1.0.1\failureaccess-1.0.1.jar;C:\Users\ZAIN UL ABDIN\AppData\Local\Coursier\cache\v1\https\repo1.maven.org\maven2\com\google\guava\listenablefuture\9999.0-empty-to-avoid-conflict-with-guava\listenablefuture-9999.0-empty-to-avoid-conflict-with-guava.jar;C:\Users\ZAIN UL ABDIN\AppData\Local\Coursier\cache\v1\https\repo1.maven.org\maven2\com\google\code\findbugs\jsr305\3.0.2\jsr305-3.0.2.jar;C:\Users\ZAIN UL ABDIN\AppData\Local\Coursier\cache\v1\https\repo1.maven.org\maven2\org\checkerframework\checker-qual\3.33.0\checker-qual-3.33.0.jar;C:\Users\ZAIN UL ABDIN\AppData\Local\Coursier\cache\v1\https\repo1.maven.org\maven2\com\google\errorprone\error_prone_annotations\2.18.0\error_prone_annotations-2.18.0.jar;C:\Users\ZAIN UL ABDIN\AppData\Local\Coursier\cache\v1\https\repo1.maven.org\maven2\com\google\j2objc\j2objc-annotations\2.8\j2objc-annotations-2.8.jar;C:\Users\ZAIN UL ABDIN\AppData\Local\Coursier\cache\v1\https\repo1.maven.org\maven2\com\geirsson\metaconfig-pprint_3\0.11.1\metaconfig-pprint_3-0.11.1.jar;C:\Users\ZAIN UL ABDIN\AppData\Local\Coursier\cache\v1\https\repo1.maven.org\maven2\org\typelevel\paiges-core_3\0.4.2\paiges-core_3-0.4.2.jar;C:\Users\ZAIN UL ABDIN\AppData\Local\Coursier\cache\v1\https\repo1.maven.org\maven2\org\scala-lang\scala-reflect\2.13.8\scala-reflect-2.13.8.jar;C:\Users\ZAIN UL ABDIN\AppData\Local\Coursier\cache\v1\https\repo1.maven.org\maven2\com\google\cloud\tools\jib-build-plan\0.4.0\jib-build-plan-0.4.0.jar;C:\Users\ZAIN UL ABDIN\AppData\Local\Coursier\cache\v1\https\repo1.maven.org\maven2\com\google\http-client\google-http-client\1.34.0\google-http-client-1.34.0.jar;C:\Users\ZAIN UL ABDIN\AppData\Local\Coursier\cache\v1\https\repo1.maven.org\maven2\com\google\http-client\google-http-client-apache-v2\1.34.0\google-http-client-apache-v2-1.34.0.jar;C:\Users\ZAIN UL ABDIN\AppData\Local\Coursier\cache\v1\https\repo1.maven.org\maven2\com\google\auth\google-auth-library-oauth2-http\0.18.0\google-auth-library-oauth2-http-0.18.0.jar;C:\Users\ZAIN UL ABDIN\AppData\Local\Coursier\cache\v1\https\repo1.maven.org\maven2\org\apache\commons\commons-compress\1.23.0\commons-compress-1.23.0.jar;C:\Users\ZAIN UL ABDIN\AppData\Local\Coursier\cache\v1\https\repo1.maven.org\maven2\com\fasterxml\jackson\core\jackson-databind\2.13.3\jackson-databind-2.13.3.jar;C:\Users\ZAIN UL ABDIN\AppData\Local\Coursier\cache\v1\https\repo1.maven.org\maven2\com\fasterxml\jackson\datatype\jackson-datatype-jsr310\2.13.3\jackson-datatype-jsr310-2.13.3.jar;C:\Users\ZAIN UL ABDIN\AppData\Local\Coursier\cache\v1\https\repo1.maven.org\maven2\com\lihaoyi\geny_2.13\0.7.1\geny_2.13-0.7.1.jar;C:\Users\ZAIN UL ABDIN\AppData\Local\Coursier\cache\v1\https\repo1.maven.org\maven2\org\bouncycastle\bcprov-jdk18on\1.73\bcprov-jdk18on-1.73.jar;C:\Users\ZAIN UL ABDIN\AppData\Local\Coursier\cache\v1\https\repo1.maven.org\maven2\org\scala-lang\scala3-compiler_3\3.1.2\scala3-compiler_3-3.1.2.jar;C:\Users\ZAIN UL ABDIN\AppData\Local\Coursier\cache\v1\https\repo1.maven.org\maven2\org\scalameta\common_2.13\4.8.7\common_2.13-4.8.7.jar;C:\Users\ZAIN UL ABDIN\AppData\Local\Coursier\cache\v1\https\repo1.maven.org\maven2\org\scala-native\tools_3\0.4.14\tools_3-0.4.14.jar;C:\Users\ZAIN UL ABDIN\AppData\Local\Coursier\cache\v1\https\repo1.maven.org\maven2\org\scala-sbt\test-interface\1.0\test-interface-1.0.jar;C:\Users\ZAIN UL ABDIN\AppData\Local\Coursier\cache\v1\https\repo1.maven.org\maven2\com\novocode\junit-interface\0.11\junit-interface-0.11.jar;C:\Users\ZAIN UL ABDIN\AppData\Local\Coursier\cache\v1\https\repo1.maven.org\maven2\junit\junit\4.13.2\junit-4.13.2.jar;C:\Users\ZAIN UL ABDIN\AppData\Local\Coursier\cache\v1\https\repo1.maven.org\maven2\com\lihaoyi\geny_3\1.0.0\geny_3-1.0.0.jar;C:\Users\ZAIN UL ABDIN\AppData\Local\Coursier\cache\v1\https\repo1.maven.org\maven2\com\lihaoyi\fansi_3\0.4.0\fansi_3-0.4.0.jar;C:\Users\ZAIN UL ABDIN\AppData\Local\Coursier\cache\v1\https\repo1.maven.org\maven2\org\scala-js\scalajs-js-envs_2.13\1.4.0\scalajs-js-envs_2.13-1.4.0.jar;C:\Users\ZAIN UL ABDIN\AppData\Local\Coursier\cache\v1\https\repo1.maven.org\maven2\ch\epfl\scala\bloop-config_2.13\1.5.5\bloop-config_2.13-1.5.5.jar;C:\Users\ZAIN UL ABDIN\AppData\Local\Coursier\cache\v1\https\repo1.maven.org\maven2\org\virtuslab\scala-cli\core_3\1.0.4\core_3-1.0.4.jar;C:\Users\ZAIN UL ABDIN\AppData\Local\Coursier\cache\v1\https\repo1.maven.org\maven2\org\virtuslab\using_directives\1.1.0\using_directives-1.1.0.jar;C:\Users\ZAIN UL ABDIN\AppData\Local\Coursier\cache\v1\https\repo1.maven.org\maven2\org\virtuslab\scala-cli\build-macros_3\1.0.4\build-macros_3-1.0.4.jar;C:\Users\ZAIN UL ABDIN\AppData\Local\Coursier\cache\v1\https\repo1.maven.org\maven2\ch\epfl\scala\bsp4j\2.1.0-M5\bsp4j-2.1.0-M5.jar;C:\Users\ZAIN UL ABDIN\AppData\Local\Coursier\cache\v1\https\repo1.maven.org\maven2\javax\inject\javax.inject\1\javax.inject-1.jar;C:\Users\ZAIN UL ABDIN\AppData\Local\Coursier\cache\v1\https\repo1.maven.org\maven2\org\codehaus\plexus\plexus-utils\3.5.1\plexus-utils-3.5.1.jar;C:\Users\ZAIN UL ABDIN\AppData\Local\Coursier\cache\v1\https\repo1.maven.org\maven2\org\codehaus\plexus\plexus-io\3.4.1\plexus-io-3.4.1.jar;C:\Users\ZAIN UL ABDIN\AppData\Local\Coursier\cache\v1\https\repo1.maven.org\maven2\org\iq80\snappy\snappy\0.4\snappy-0.4.jar;C:\Users\ZAIN UL ABDIN\AppData\Local\Coursier\cache\v1\https\repo1.maven.org\maven2\org\tukaani\xz\1.9\xz-1.9.jar;C:\Users\ZAIN UL ABDIN\AppData\Local\Coursier\cache\v1\https\repo1.maven.org\maven2\com\github\luben\zstd-jni\1.5.5-2\zstd-jni-1.5.5-2.jar;C:\Users\ZAIN UL ABDIN\AppData\Local\Coursier\cache\v1\https\repo1.maven.org\maven2\org\codehaus\plexus\plexus-classworlds\2.6.0\plexus-classworlds-2.6.0.jar;C:\Users\ZAIN UL ABDIN\AppData\Local\Coursier\cache\v1\https\repo1.maven.org\maven2\org\apache\xbean\xbean-reflect\3.7\xbean-reflect-3.7.jar;C:\Users\ZAIN UL ABDIN\AppData\Local\Coursier\cache\v1\https\repo1.maven.org\maven2\org\fusesource\jansi\jansi\1.18\jansi-1.18.jar;C:\Users\ZAIN UL ABDIN\AppData\Local\Coursier\cache\v1\https\repo1.maven.org\maven2\org\apache\httpcomponents\httpclient\4.5.10\httpclient-4.5.10.jar;C:\Users\ZAIN UL ABDIN\AppData\Local\Coursier\cache\v1\https\repo1.maven.org\maven2\org\apache\httpcomponents\httpcore\4.4.12\httpcore-4.4.12.jar;C:\Users\ZAIN UL ABDIN\AppData\Local\Coursier\cache\v1\https\repo1.maven.org\maven2\io\opencensus\opencensus-api\0.24.0\opencensus-api-0.24.0.jar;C:\Users\ZAIN UL ABDIN\AppData\Local\Coursier\cache\v1\https\repo1.maven.org\maven2\io\opencensus\opencensus-contrib-http-util\0.24.0\opencensus-contrib-http-util-0.24.0.jar;C:\Users\ZAIN UL ABDIN\AppData\Local\Coursier\cache\v1\https\repo1.maven.org\maven2\com\google\auto\value\auto-value-annotations\1.6.6\auto-value-annotations-1.6.6.jar;C:\Users\ZAIN UL ABDIN\AppData\Local\Coursier\cache\v1\https\repo1.maven.org\maven2\com\google\auth\google-auth-library-credentials\0.18.0\google-auth-library-credentials-0.18.0.jar;C:\Users\ZAIN UL ABDIN\AppData\Local\Coursier\cache\v1\https\repo1.maven.org\maven2\com\google\http-client\google-http-client-jackson2\1.32.1\google-http-client-jackson2-1.32.1.jar;C:\Users\ZAIN UL ABDIN\AppData\Local\Coursier\cache\v1\https\repo1.maven.org\maven2\com\fasterxml\jackson\core\jackson-annotations\2.13.3\jackson-annotations-2.13.3.jar;C:\Users\ZAIN UL ABDIN\AppData\Local\Coursier\cache\v1\https\repo1.maven.org\maven2\com\fasterxml\jackson\core\jackson-core\2.13.3\jackson-core-2.13.3.jar;C:\Users\ZAIN UL ABDIN\AppData\Local\Coursier\cache\v1\https\repo1.maven.org\maven2\org\scala-lang\scala3-interfaces\3.1.2\scala3-interfaces-3.1.2.jar;C:\Users\ZAIN UL ABDIN\AppData\Local\Coursier\cache\v1\https\repo1.maven.org\maven2\org\scala-lang\tasty-core_3\3.1.2\tasty-core_3-3.1.2.jar;C:\Users\ZAIN UL ABDIN\AppData\Local\Coursier\cache\v1\https\repo1.maven.org\maven2\org\scala-lang\modules\scala-asm\9.1.0-scala-1\scala-asm-9.1.0-scala-1.jar;C:\Users\ZAIN UL ABDIN\AppData\Local\Coursier\cache\v1\https\repo1.maven.org\maven2\org\scala-sbt\compiler-interface\1.3.5\compiler-interface-1.3.5.jar;C:\Users\ZAIN UL ABDIN\AppData\Local\Coursier\cache\v1\https\repo1.maven.org\maven2\org\jline\jline-reader\3.19.0\jline-reader-3.19.0.jar;C:\Users\ZAIN UL ABDIN\AppData\Local\Coursier\cache\v1\https\repo1.maven.org\maven2\org\jline\jline-terminal\3.19.0\jline-terminal-3.19.0.jar;C:\Users\ZAIN UL ABDIN\AppData\Local\Coursier\cache\v1\https\repo1.maven.org\maven2\org\jline\jline-terminal-jna\3.19.0\jline-terminal-jna-3.19.0.jar;C:\Users\ZAIN UL ABDIN\AppData\Local\Coursier\cache\v1\https\repo1.maven.org\maven2\com\lihaoyi\sourcecode_2.13\0.3.0\sourcecode_2.13-0.3.0.jar;C:\Users\ZAIN UL ABDIN\AppData\Local\Coursier\cache\v1\https\repo1.maven.org\maven2\com\thesamet\scalapb\scalapb-runtime_2.13\0.11.13\scalapb-runtime_2.13-0.11.13.jar;C:\Users\ZAIN UL ABDIN\AppData\Local\Coursier\cache\v1\https\repo1.maven.org\maven2\org\scala-native\nir_3\0.4.14\nir_3-0.4.14.jar;C:\Users\ZAIN UL ABDIN\AppData\Local\Coursier\cache\v1\https\repo1.maven.org\maven2\org\scala-native\util_3\0.4.14\util_3-0.4.14.jar;C:\Users\ZAIN UL ABDIN\AppData\Local\Coursier\cache\v1\https\repo1.maven.org\maven2\org\scala-lang\modules\scala-parallel-collections_3\1.0.3\scala-parallel-collections_3-1.0.3.jar;C:\Users\ZAIN UL ABDIN\AppData\Local\Coursier\cache\v1\https\repo1.maven.org\maven2\org\hamcrest\hamcrest-core\1.3\hamcrest-core-1.3.jar;C:\Users\ZAIN UL ABDIN\AppData\Local\Coursier\cache\v1\https\repo1.maven.org\maven2\org\scala-js\scalajs-logging_2.13\1.1.1\scalajs-logging_2.13-1.1.1.jar;C:\Users\ZAIN UL ABDIN\AppData\Local\Coursier\cache\v1\https\repo1.maven.org\maven2\io\github\alexarchambault\bleep\bloop-rifle_2.13\1.5.9-sc-1\bloop-rifle_2.13-1.5.9-sc-1.jar;C:\Users\ZAIN UL ABDIN\AppData\Local\Coursier\cache\v1\https\repo1.maven.org\maven2\io\get-coursier\coursier-jvm_2.13\2.1.5\coursier-jvm_2.13-2.1.5.jar;C:\Users\ZAIN UL ABDIN\AppData\Local\Coursier\cache\v1\https\repo1.maven.org\maven2\io\get-coursier\dependency_3\0.2.3\dependency_3-0.2.3.jar;C:\Users\ZAIN UL ABDIN\AppData\Local\Coursier\cache\v1\https\repo1.maven.org\maven2\org\eclipse\jgit\org.eclipse.jgit\6.6.0.202305301015-r\org.eclipse.jgit-6.6.0.202305301015-r.jar;C:\Users\ZAIN UL ABDIN\AppData\Local\Coursier\cache\v1\https\repo1.maven.org\maven2\org\scala-js\scalajs-env-jsdom-nodejs_2.13\1.1.0\scalajs-env-jsdom-nodejs_2.13-1.1.0.jar;C:\Users\ZAIN UL ABDIN\AppData\Local\Coursier\cache\v1\https\repo1.maven.org\maven2\org\eclipse\lsp4j\org.eclipse.lsp4j.generator\0.20.1\org.eclipse.lsp4j.generator-0.20.1.jar;C:\Users\ZAIN UL ABDIN\AppData\Local\Coursier\cache\v1\https\repo1.maven.org\maven2\org\eclipse\lsp4j\org.eclipse.lsp4j.jsonrpc\0.20.1\org.eclipse.lsp4j.jsonrpc-0.20.1.jar;C:\Users\ZAIN UL ABDIN\AppData\Local\Coursier\cache\v1\https\repo1.maven.org\maven2\commons-logging\commons-logging\1.2\commons-logging-1.2.jar;C:\Users\ZAIN UL ABDIN\AppData\Local\Coursier\cache\v1\https\repo1.maven.org\maven2\commons-codec\commons-codec\1.11\commons-codec-1.11.jar;C:\Users\ZAIN UL ABDIN\AppData\Local\Coursier\cache\v1\https\repo1.maven.org\maven2\io\grpc\grpc-context\1.22.1\grpc-context-1.22.1.jar;C:\Users\ZAIN UL ABDIN\AppData\Local\Coursier\cache\v1\https\repo1.maven.org\maven2\com\google\protobuf\protobuf-java\3.19.6\protobuf-java-3.19.6.jar;C:\Users\ZAIN UL ABDIN\AppData\Local\Coursier\cache\v1\https\repo1.maven.org\maven2\org\scala-sbt\util-interface\1.3.0\util-interface-1.3.0.jar;C:\Users\ZAIN UL ABDIN\AppData\Local\Coursier\cache\v1\https\repo1.maven.org\maven2\com\thesamet\scalapb\lenses_2.13\0.11.13\lenses_2.13-0.11.13.jar;C:\Users\ZAIN UL ABDIN\AppData\Local\Coursier\cache\v1\https\repo1.maven.org\maven2\io\github\alexarchambault\libdaemon\libdaemon_2.13\0.0.11\libdaemon_2.13-0.0.11.jar;C:\Users\ZAIN UL ABDIN\AppData\Local\Coursier\cache\v1\https\repo1.maven.org\maven2\io\github\alexarchambault\scala-cli\snailgun\snailgun-core_2.13\0.4.1-sc2\snailgun-core_2.13-0.4.1-sc2.jar;C:\Users\ZAIN UL ABDIN\AppData\Local\Coursier\cache\v1\https\repo1.maven.org\maven2\com\github\alexarchambault\argonaut-shapeless_6.3_2.13\1.3.1\argonaut-shapeless_6.3_2.13-1.3.1.jar;C:\Users\ZAIN UL ABDIN\AppData\Local\Coursier\cache\v1\https\repo1.maven.org\maven2\io\get-coursier\coursier_2.13\2.1.5\coursier_2.13-2.1.5.jar;C:\Users\ZAIN UL ABDIN\AppData\Local\Coursier\cache\v1\https\repo1.maven.org\maven2\io\get-coursier\coursier-env_2.13\2.1.5\coursier-env_2.13-2.1.5.jar;C:\Users\ZAIN UL ABDIN\AppData\Local\Coursier\cache\v1\https\repo1.maven.org\maven2\com\googlecode\javaewah\JavaEWAH\1.2.3\JavaEWAH-1.2.3.jar;C:\Users\ZAIN UL ABDIN\AppData\Local\Coursier\cache\v1\https\repo1.maven.org\maven2\org\eclipse\xtend\org.eclipse.xtend.lib\2.28.0\org.eclipse.xtend.lib-2.28.0.jar;C:\Users\ZAIN UL ABDIN\AppData\Local\Coursier\cache\v1\https\repo1.maven.org\maven2\com\google\code\gson\gson\2.10.1\gson-2.10.1.jar;C:\Users\ZAIN UL ABDIN\AppData\Local\Coursier\cache\v1\https\repo1.maven.org\maven2\io\argonaut\argonaut_2.13\6.3.8\argonaut_2.13-6.3.8.jar;C:\Users\ZAIN UL ABDIN\AppData\Local\Coursier\cache\v1\https\repo1.maven.org\maven2\com\chuusai\shapeless_2.13\2.3.9\shapeless_2.13-2.3.9.jar;C:\Users\ZAIN UL ABDIN\AppData\Local\Coursier\cache\v1\https\repo1.maven.org\maven2\org\eclipse\xtext\org.eclipse.xtext.xbase.lib\2.28.0\org.eclipse.xtext.xbase.lib-2.28.0.jar;C:\Users\ZAIN UL ABDIN\AppData\Local\Coursier\cache\v1\https\repo1.maven.org\maven2\org\eclipse\xtend\org.eclipse.xtend.lib.macro\2.28.0\org.eclipse.xtend.lib.macro-2.28.0.jar, scala.cli.ScalaCli, bsp, C:\Users\ZAIN UL ABDIN\Documents\scala_learnings\first_class)
2023.09.04 12:28:21 INFO  tracing is disabled for protocol BSP, to enable tracing of incoming and outgoing JSON messages create an empty file at C:\Users\ZAIN UL ABDIN\Documents\scala_learnings\first_class\.metals\bsp.trace.json or C:\Users\ZAIN UL ABDIN\AppData\Local\scalameta\metals\cache\bsp.trace.json
2023.09.04 12:28:25 INFO  BSP server: Starting compilation server
2023.09.04 12:28:28 INFO  BSP server: Downloading https://repo1.maven.org/maven2/org/scalaz/scalaz-core_2.12/7.3.7/scalaz-core_2.12-7.3.7.jar
2023.09.04 12:28:30 INFO  BSP server: Downloaded https://repo1.maven.org/maven2/org/scalaz/scalaz-core_2.12/7.3.7/scalaz-core_2.12-7.3.7.jar
2023.09.04 12:28:41 INFO  BSP server: Downloading https://repo1.maven.org/maven2/com/sourcegraph/semanticdb-javac/0.7.4/semanticdb-javac-0.7.4.pom
2023.09.04 12:28:41 ERROR Timeout waiting for 'build/initialize' response
2023.09.04 12:28:41 ERROR Failed to connect with build server, no functionality will work.
java.util.concurrent.TimeoutException
	at java.util.concurrent.CompletableFuture.timedGet(CompletableFuture.java:1960)
	at java.util.concurrent.CompletableFuture.get(CompletableFuture.java:2095)
	at scala.meta.internal.metals.BuildServerConnection$.initialize(BuildServerConnection.scala:546)
	at scala.meta.internal.metals.BuildServerConnection$.$anonfun$fromSockets$1(BuildServerConnection.scala:447)
	at scala.concurrent.impl.Promise$Transformation.run(Promise.scala:467)
	at java.util.concurrent.ThreadPoolExecutor.runWorker(ThreadPoolExecutor.java:1136)
	at java.util.concurrent.ThreadPoolExecutor$Worker.run(ThreadPoolExecutor.java:635)
	at java.lang.Thread.run(Thread.java:833)

2023.09.04 12:28:41 WARN  no build target for: C:\Users\ZAIN UL ABDIN\Documents\scala_learnings\first_class\project.scala
2023.09.04 12:29:00 WARN  Could not find semantic tokens for: file:///C:/Users/ZAIN%20UL%20ABDIN/Documents/scala_learnings/first_class/project.scala
2023.09.04 12:29:01 WARN  Could not find semantic tokens for: file:///C:/Users/ZAIN%20UL%20ABDIN/Documents/scala_learnings/first_class/project.scala
2023.09.04 12:29:02 WARN  Could not find semantic tokens for: file:///C:/Users/ZAIN%20UL%20ABDIN/Documents/scala_learnings/first_class/project.scala
2023.09.04 12:29:02 WARN  Could not find semantic tokens for: file:///C:/Users/ZAIN%20UL%20ABDIN/Documents/scala_learnings/first_class/project.scala
2023.09.04 12:29:03 WARN  Could not find semantic tokens for: file:///C:/Users/ZAIN%20UL%20ABDIN/Documents/scala_learnings/first_class/project.scala
Sep 04, 2023 12:30:19 PM org.eclipse.lsp4j.jsonrpc.RemoteEndpoint handleCancellation
WARNING: Unmatched cancel notification for request id 366
2023.09.04 12:31:04 WARN  no build target for: C:\Users\ZAIN UL ABDIN\Documents\scala_learnings\first_class\project.scala
2023.09.04 12:33:57 WARN  no build target for: C:\Users\ZAIN UL ABDIN\Documents\scala_learnings\first_class\project.scala
2023.09.04 12:34:11 WARN  no build target for: C:\Users\ZAIN UL ABDIN\Documents\scala_learnings\first_class\project.scala
2023.09.04 12:42:19 WARN  Could not find semantic tokens for: file:///C:/Users/ZAIN%20UL%20ABDIN/Documents/scala_learnings/first_class/project.scala
2023.09.04 12:42:21 WARN  Could not find semantic tokens for: file:///C:/Users/ZAIN%20UL%20ABDIN/Documents/scala_learnings/first_class/project.scala
2023.09.04 12:42:21 WARN  Could not find semantic tokens for: file:///C:/Users/ZAIN%20UL%20ABDIN/Documents/scala_learnings/first_class/project.scala
2023.09.04 12:42:27 WARN  Could not find semantic tokens for: file:///C:/Users/ZAIN%20UL%20ABDIN/Documents/scala_learnings/first_class/project.scala
2023.09.04 12:43:20 WARN  Could not find semantic tokens for: file:///C:/Users/ZAIN%20UL%20ABDIN/Documents/scala_learnings/first_class/project.scala
2023.09.04 12:43:21 WARN  Could not find semantic tokens for: file:///C:/Users/ZAIN%20UL%20ABDIN/Documents/scala_learnings/first_class/project.scala
Sep 04, 2023 12:45:08 PM org.eclipse.lsp4j.jsonrpc.RemoteEndpoint handleCancellation
WARNING: Unmatched cancel notification for request id 1193
Sep 04, 2023 12:45:19 PM org.eclipse.lsp4j.jsonrpc.RemoteEndpoint handleCancellation
WARNING: Unmatched cancel notification for request id 1249
Sep 04, 2023 12:50:00 PM org.eclipse.lsp4j.jsonrpc.RemoteEndpoint handleCancellation
WARNING: Unmatched cancel notification for request id 1549
Sep 04, 2023 12:50:19 PM org.eclipse.lsp4j.jsonrpc.RemoteEndpoint handleCancellation
WARNING: Unmatched cancel notification for request id 1668
Sep 04, 2023 12:50:30 PM org.eclipse.lsp4j.jsonrpc.RemoteEndpoint handleCancellation
WARNING: Unmatched cancel notification for request id 1712
Sep 04, 2023 12:51:17 PM org.eclipse.lsp4j.jsonrpc.RemoteEndpoint handleCancellation
WARNING: Unmatched cancel notification for request id 1908
Sep 04, 2023 12:52:47 PM org.eclipse.lsp4j.jsonrpc.RemoteEndpoint handleCancellation
WARNING: Unmatched cancel notification for request id 2298
Sep 04, 2023 12:55:22 PM org.eclipse.lsp4j.jsonrpc.RemoteEndpoint handleCancellation
WARNING: Unmatched cancel notification for request id 2570
Sep 04, 2023 12:55:22 PM org.eclipse.lsp4j.jsonrpc.RemoteEndpoint handleCancellation
WARNING: Unmatched cancel notification for request id 2571
2023.09.04 13:00:01 ERROR Failed to tokenize input for semantic tokens for C:\Users\ZAIN UL ABDIN\Documents\scala_learnings\first_class\project.scala
scala.meta.tokenizers.TokenizeException: <input>:22: error: unclosed character literal
        val rawDF:Dataset[Row] = spark.read.option("header", "true").option("inferschema", "true").csv('')
                                                                                                       ^
	at scala.meta.internal.tokenizers.Reporter.syntaxError(Reporter.scala:23)
	at scala.meta.internal.tokenizers.Reporter.syntaxError$(Reporter.scala:23)
	at scala.meta.internal.tokenizers.Reporter$$anon$1.syntaxError(Reporter.scala:33)
	at scala.meta.internal.tokenizers.Reporter.syntaxError(Reporter.scala:25)
	at scala.meta.internal.tokenizers.Reporter.syntaxError$(Reporter.scala:25)
	at scala.meta.internal.tokenizers.Reporter$$anon$1.syntaxError(Reporter.scala:33)
	at scala.meta.internal.tokenizers.LegacyScanner.fetchSingleQuote$1(LegacyScanner.scala:440)
	at scala.meta.internal.tokenizers.LegacyScanner.fetchToken(LegacyScanner.scala:445)
	at scala.meta.internal.tokenizers.LegacyScanner.nextToken(LegacyScanner.scala:246)
	at scala.meta.internal.tokenizers.LegacyScanner.foreach(LegacyScanner.scala:1047)
	at scala.meta.internal.tokenizers.ScalametaTokenizer.uncachedTokenize(ScalametaTokenizer.scala:24)
	at scala.meta.internal.tokenizers.ScalametaTokenizer.$anonfun$tokenize$1(ScalametaTokenizer.scala:17)
	at scala.collection.concurrent.TrieMap.getOrElseUpdate(TrieMap.scala:962)
	at scala.meta.internal.tokenizers.ScalametaTokenizer.tokenize(ScalametaTokenizer.scala:17)
	at scala.meta.internal.tokenizers.ScalametaTokenizer$$anon$2.apply(ScalametaTokenizer.scala:332)
	at scala.meta.tokenizers.Api$XtensionTokenizeDialectInput.tokenize(Api.scala:25)
	at scala.meta.tokenizers.Api$XtensionTokenizeInputLike.tokenize(Api.scala:14)
	at scala.meta.internal.metals.SemanticTokensProvider$.getTokens(SemanticTokensProvider.scala:28)
	at scala.meta.internal.metals.SemanticTokensProvider$.provide(SemanticTokensProvider.scala:89)
	at scala.meta.internal.metals.Compilers.$anonfun$semanticTokens$3(Compilers.scala:511)
	at scala.concurrent.impl.Promise$Transformation.run(Promise.scala:467)
	at java.util.concurrent.ThreadPoolExecutor.runWorker(ThreadPoolExecutor.java:1136)
	at java.util.concurrent.ThreadPoolExecutor$Worker.run(ThreadPoolExecutor.java:635)
	at java.lang.Thread.run(Thread.java:833)

2023.09.04 13:00:38 ERROR Failed to tokenize input for semantic tokens for C:\Users\ZAIN UL ABDIN\Documents\scala_learnings\first_class\project.scala
scala.meta.tokenizers.TokenizeException: <input>:22: error: unclosed character literal
        val rawDF:Dataset[Row] = spark.read.option("header", "true").option("inferschema", "true").csv('sam')
                                                                                                           ^
	at scala.meta.internal.tokenizers.Reporter.syntaxError(Reporter.scala:23)
	at scala.meta.internal.tokenizers.Reporter.syntaxError$(Reporter.scala:23)
	at scala.meta.internal.tokenizers.Reporter$$anon$1.syntaxError(Reporter.scala:33)
	at scala.meta.internal.tokenizers.Reporter.syntaxError(Reporter.scala:25)
	at scala.meta.internal.tokenizers.Reporter.syntaxError$(Reporter.scala:25)
	at scala.meta.internal.tokenizers.Reporter$$anon$1.syntaxError(Reporter.scala:33)
	at scala.meta.internal.tokenizers.LegacyScanner.fetchSingleQuote$1(LegacyScanner.scala:440)
	at scala.meta.internal.tokenizers.LegacyScanner.fetchToken(LegacyScanner.scala:445)
	at scala.meta.internal.tokenizers.LegacyScanner.nextToken(LegacyScanner.scala:246)
	at scala.meta.internal.tokenizers.LegacyScanner.foreach(LegacyScanner.scala:1047)
	at scala.meta.internal.tokenizers.ScalametaTokenizer.uncachedTokenize(ScalametaTokenizer.scala:24)
	at scala.meta.internal.tokenizers.ScalametaTokenizer.$anonfun$tokenize$1(ScalametaTokenizer.scala:17)
	at scala.collection.concurrent.TrieMap.getOrElseUpdate(TrieMap.scala:962)
	at scala.meta.internal.tokenizers.ScalametaTokenizer.tokenize(ScalametaTokenizer.scala:17)
	at scala.meta.internal.tokenizers.ScalametaTokenizer$$anon$2.apply(ScalametaTokenizer.scala:332)
	at scala.meta.tokenizers.Api$XtensionTokenizeDialectInput.tokenize(Api.scala:25)
	at scala.meta.tokenizers.Api$XtensionTokenizeInputLike.tokenize(Api.scala:14)
	at scala.meta.internal.metals.SemanticTokensProvider$.getTokens(SemanticTokensProvider.scala:28)
	at scala.meta.internal.metals.SemanticTokensProvider$.provide(SemanticTokensProvider.scala:89)
	at scala.meta.internal.metals.Compilers.$anonfun$semanticTokens$3(Compilers.scala:511)
	at scala.concurrent.impl.Promise$Transformation.run(Promise.scala:467)
	at java.util.concurrent.ThreadPoolExecutor.runWorker(ThreadPoolExecutor.java:1136)
	at java.util.concurrent.ThreadPoolExecutor$Worker.run(ThreadPoolExecutor.java:635)
	at java.lang.Thread.run(Thread.java:833)

2023.09.04 13:00:38 ERROR Failed to tokenize input for semantic tokens for C:\Users\ZAIN UL ABDIN\Documents\scala_learnings\first_class\project.scala
scala.meta.tokenizers.TokenizeException: <input>:22: error: unclosed character literal
        val rawDF:Dataset[Row] = spark.read.option("header", "true").option("inferschema", "true").csv('sample')
                                                                                                              ^
	at scala.meta.internal.tokenizers.Reporter.syntaxError(Reporter.scala:23)
	at scala.meta.internal.tokenizers.Reporter.syntaxError$(Reporter.scala:23)
	at scala.meta.internal.tokenizers.Reporter$$anon$1.syntaxError(Reporter.scala:33)
	at scala.meta.internal.tokenizers.Reporter.syntaxError(Reporter.scala:25)
	at scala.meta.internal.tokenizers.Reporter.syntaxError$(Reporter.scala:25)
	at scala.meta.internal.tokenizers.Reporter$$anon$1.syntaxError(Reporter.scala:33)
	at scala.meta.internal.tokenizers.LegacyScanner.fetchSingleQuote$1(LegacyScanner.scala:440)
	at scala.meta.internal.tokenizers.LegacyScanner.fetchToken(LegacyScanner.scala:445)
	at scala.meta.internal.tokenizers.LegacyScanner.nextToken(LegacyScanner.scala:246)
	at scala.meta.internal.tokenizers.LegacyScanner.foreach(LegacyScanner.scala:1047)
	at scala.meta.internal.tokenizers.ScalametaTokenizer.uncachedTokenize(ScalametaTokenizer.scala:24)
	at scala.meta.internal.tokenizers.ScalametaTokenizer.$anonfun$tokenize$1(ScalametaTokenizer.scala:17)
	at scala.collection.concurrent.TrieMap.getOrElseUpdate(TrieMap.scala:962)
	at scala.meta.internal.tokenizers.ScalametaTokenizer.tokenize(ScalametaTokenizer.scala:17)
	at scala.meta.internal.tokenizers.ScalametaTokenizer$$anon$2.apply(ScalametaTokenizer.scala:332)
	at scala.meta.tokenizers.Api$XtensionTokenizeDialectInput.tokenize(Api.scala:25)
	at scala.meta.tokenizers.Api$XtensionTokenizeInputLike.tokenize(Api.scala:14)
	at scala.meta.internal.metals.SemanticTokensProvider$.getTokens(SemanticTokensProvider.scala:28)
	at scala.meta.internal.metals.SemanticTokensProvider$.provide(SemanticTokensProvider.scala:89)
	at scala.meta.internal.metals.Compilers.$anonfun$semanticTokens$3(Compilers.scala:511)
	at scala.concurrent.impl.Promise$Transformation.run(Promise.scala:467)
	at java.util.concurrent.ThreadPoolExecutor.runWorker(ThreadPoolExecutor.java:1136)
	at java.util.concurrent.ThreadPoolExecutor$Worker.run(ThreadPoolExecutor.java:635)
	at java.lang.Thread.run(Thread.java:833)

2023.09.04 13:00:40 ERROR Failed to tokenize input for semantic tokens for C:\Users\ZAIN UL ABDIN\Documents\scala_learnings\first_class\project.scala
scala.meta.tokenizers.TokenizeException: <input>:22: error: unclosed character literal
        val rawDF:Dataset[Row] = spark.read.option("header", "true").option("inferschema", "true").csv('sample.cs')
                                                                                                                 ^
	at scala.meta.internal.tokenizers.Reporter.syntaxError(Reporter.scala:23)
	at scala.meta.internal.tokenizers.Reporter.syntaxError$(Reporter.scala:23)
	at scala.meta.internal.tokenizers.Reporter$$anon$1.syntaxError(Reporter.scala:33)
	at scala.meta.internal.tokenizers.Reporter.syntaxError(Reporter.scala:25)
	at scala.meta.internal.tokenizers.Reporter.syntaxError$(Reporter.scala:25)
	at scala.meta.internal.tokenizers.Reporter$$anon$1.syntaxError(Reporter.scala:33)
	at scala.meta.internal.tokenizers.LegacyScanner.fetchSingleQuote$1(LegacyScanner.scala:440)
	at scala.meta.internal.tokenizers.LegacyScanner.fetchToken(LegacyScanner.scala:445)
	at scala.meta.internal.tokenizers.LegacyScanner.nextToken(LegacyScanner.scala:246)
	at scala.meta.internal.tokenizers.LegacyScanner.foreach(LegacyScanner.scala:1047)
	at scala.meta.internal.tokenizers.ScalametaTokenizer.uncachedTokenize(ScalametaTokenizer.scala:24)
	at scala.meta.internal.tokenizers.ScalametaTokenizer.$anonfun$tokenize$1(ScalametaTokenizer.scala:17)
	at scala.collection.concurrent.TrieMap.getOrElseUpdate(TrieMap.scala:962)
	at scala.meta.internal.tokenizers.ScalametaTokenizer.tokenize(ScalametaTokenizer.scala:17)
	at scala.meta.internal.tokenizers.ScalametaTokenizer$$anon$2.apply(ScalametaTokenizer.scala:332)
	at scala.meta.tokenizers.Api$XtensionTokenizeDialectInput.tokenize(Api.scala:25)
	at scala.meta.tokenizers.Api$XtensionTokenizeInputLike.tokenize(Api.scala:14)
	at scala.meta.internal.metals.SemanticTokensProvider$.getTokens(SemanticTokensProvider.scala:28)
	at scala.meta.internal.metals.SemanticTokensProvider$.provide(SemanticTokensProvider.scala:89)
	at scala.meta.internal.metals.Compilers.$anonfun$semanticTokens$3(Compilers.scala:511)
	at scala.concurrent.impl.Promise$Transformation.run(Promise.scala:467)
	at java.util.concurrent.ThreadPoolExecutor.runWorker(ThreadPoolExecutor.java:1136)
	at java.util.concurrent.ThreadPoolExecutor$Worker.run(ThreadPoolExecutor.java:635)
	at java.lang.Thread.run(Thread.java:833)

2023.09.04 13:00:41 ERROR Failed to tokenize input for semantic tokens for C:\Users\ZAIN UL ABDIN\Documents\scala_learnings\first_class\project.scala
scala.meta.tokenizers.TokenizeException: <input>:22: error: unclosed character literal
        val rawDF:Dataset[Row] = spark.read.option("header", "true").option("inferschema", "true").csv('sample.csv')
                                                                                                                  ^
	at scala.meta.internal.tokenizers.Reporter.syntaxError(Reporter.scala:23)
	at scala.meta.internal.tokenizers.Reporter.syntaxError$(Reporter.scala:23)
	at scala.meta.internal.tokenizers.Reporter$$anon$1.syntaxError(Reporter.scala:33)
	at scala.meta.internal.tokenizers.Reporter.syntaxError(Reporter.scala:25)
	at scala.meta.internal.tokenizers.Reporter.syntaxError$(Reporter.scala:25)
	at scala.meta.internal.tokenizers.Reporter$$anon$1.syntaxError(Reporter.scala:33)
	at scala.meta.internal.tokenizers.LegacyScanner.fetchSingleQuote$1(LegacyScanner.scala:440)
	at scala.meta.internal.tokenizers.LegacyScanner.fetchToken(LegacyScanner.scala:445)
	at scala.meta.internal.tokenizers.LegacyScanner.nextToken(LegacyScanner.scala:246)
	at scala.meta.internal.tokenizers.LegacyScanner.foreach(LegacyScanner.scala:1047)
	at scala.meta.internal.tokenizers.ScalametaTokenizer.uncachedTokenize(ScalametaTokenizer.scala:24)
	at scala.meta.internal.tokenizers.ScalametaTokenizer.$anonfun$tokenize$1(ScalametaTokenizer.scala:17)
	at scala.collection.concurrent.TrieMap.getOrElseUpdate(TrieMap.scala:962)
	at scala.meta.internal.tokenizers.ScalametaTokenizer.tokenize(ScalametaTokenizer.scala:17)
	at scala.meta.internal.tokenizers.ScalametaTokenizer$$anon$2.apply(ScalametaTokenizer.scala:332)
	at scala.meta.tokenizers.Api$XtensionTokenizeDialectInput.tokenize(Api.scala:25)
	at scala.meta.tokenizers.Api$XtensionTokenizeInputLike.tokenize(Api.scala:14)
	at scala.meta.internal.metals.SemanticTokensProvider$.getTokens(SemanticTokensProvider.scala:28)
	at scala.meta.internal.metals.SemanticTokensProvider$.provide(SemanticTokensProvider.scala:89)
	at scala.meta.internal.metals.Compilers.$anonfun$semanticTokens$3(Compilers.scala:511)
	at scala.concurrent.impl.Promise$Transformation.run(Promise.scala:467)
	at java.util.concurrent.ThreadPoolExecutor.runWorker(ThreadPoolExecutor.java:1136)
	at java.util.concurrent.ThreadPoolExecutor$Worker.run(ThreadPoolExecutor.java:635)
	at java.lang.Thread.run(Thread.java:833)

2023.09.04 13:00:45 ERROR Failed to tokenize input for semantic tokens for C:\Users\ZAIN UL ABDIN\Documents\scala_learnings\first_class\project.scala
scala.meta.tokenizers.TokenizeException: <input>:22: error: unclosed string interpolation
        val rawDF:Dataset[Row] = spark.read.option("header", "true").option("inferschema", "true").csv('sample.csv")
                                                                                                                   ^
	at scala.meta.internal.tokenizers.Reporter.syntaxError(Reporter.scala:23)
	at scala.meta.internal.tokenizers.Reporter.syntaxError$(Reporter.scala:23)
	at scala.meta.internal.tokenizers.Reporter$$anon$1.syntaxError(Reporter.scala:33)
	at scala.meta.internal.tokenizers.Reporter.syntaxError(Reporter.scala:25)
	at scala.meta.internal.tokenizers.Reporter.syntaxError$(Reporter.scala:25)
	at scala.meta.internal.tokenizers.Reporter$$anon$1.syntaxError(Reporter.scala:33)
	at scala.meta.internal.tokenizers.LegacyScanner.getStringPart(LegacyScanner.scala:697)
	at scala.meta.internal.tokenizers.LegacyScanner.fetchDoubleQuote$1(LegacyScanner.scala:392)
	at scala.meta.internal.tokenizers.LegacyScanner.fetchToken(LegacyScanner.scala:411)
	at scala.meta.internal.tokenizers.LegacyScanner.nextToken(LegacyScanner.scala:246)
	at scala.meta.internal.tokenizers.LegacyScanner.foreach(LegacyScanner.scala:1047)
	at scala.meta.internal.tokenizers.ScalametaTokenizer.uncachedTokenize(ScalametaTokenizer.scala:24)
	at scala.meta.internal.tokenizers.ScalametaTokenizer.$anonfun$tokenize$1(ScalametaTokenizer.scala:17)
	at scala.collection.concurrent.TrieMap.getOrElseUpdate(TrieMap.scala:962)
	at scala.meta.internal.tokenizers.ScalametaTokenizer.tokenize(ScalametaTokenizer.scala:17)
	at scala.meta.internal.tokenizers.ScalametaTokenizer$$anon$2.apply(ScalametaTokenizer.scala:332)
	at scala.meta.tokenizers.Api$XtensionTokenizeDialectInput.tokenize(Api.scala:25)
	at scala.meta.tokenizers.Api$XtensionTokenizeInputLike.tokenize(Api.scala:14)
	at scala.meta.internal.metals.SemanticTokensProvider$.getTokens(SemanticTokensProvider.scala:28)
	at scala.meta.internal.metals.SemanticTokensProvider$.provide(SemanticTokensProvider.scala:89)
	at scala.meta.internal.metals.Compilers.$anonfun$semanticTokens$3(Compilers.scala:511)
	at scala.concurrent.impl.Promise$Transformation.run(Promise.scala:467)
	at java.util.concurrent.ThreadPoolExecutor.runWorker(ThreadPoolExecutor.java:1136)
	at java.util.concurrent.ThreadPoolExecutor$Worker.run(ThreadPoolExecutor.java:635)
	at java.lang.Thread.run(Thread.java:833)

Sep 04, 2023 1:05:11 PM org.eclipse.lsp4j.jsonrpc.RemoteEndpoint handleCancellation
WARNING: Unmatched cancel notification for request id 3689
Sep 04, 2023 1:06:34 PM org.eclipse.lsp4j.jsonrpc.RemoteEndpoint handleCancellation
WARNING: Unmatched cancel notification for request id 3769
Sep 04, 2023 1:08:40 PM org.eclipse.lsp4j.jsonrpc.RemoteEndpoint handleCancellation
WARNING: Unmatched cancel notification for request id 4282
2023.09.04 13:09:04 WARN  no build target for: C:\Users\ZAIN UL ABDIN\Documents\scala_learnings\first_class\project.scala
2023.09.04 13:16:56 WARN  no build target for: C:\Users\ZAIN UL ABDIN\Documents\scala_learnings\first_class\project.scala
2023.09.04 13:18:28 WARN  no build target for: C:\Users\ZAIN UL ABDIN\Documents\scala_learnings\first_class\project.scala
2023.09.08 20:17:20 INFO  Started: Metals version 1.0.1 in folders 'C:\Users\ZAIN UL ABDIN\Documents\scala_learnings\first_class' for client Visual Studio Code 1.81.1.
Sep 08, 2023 8:17:21 PM org.flywaydb.core.internal.license.VersionPrinter printVersionOnly
INFO: Flyway Community Edition 9.21.2 by Redgate
Sep 08, 2023 8:17:21 PM org.flywaydb.core.internal.license.VersionPrinter printVersion
INFO: See release notes here: https://rd.gt/416ObMi
Sep 08, 2023 8:17:21 PM org.flywaydb.core.internal.license.VersionPrinter printVersion
INFO: 
Sep 08, 2023 8:17:28 PM org.flywaydb.core.FlywayExecutor execute
INFO: Database: jdbc:h2:file:C:\Users\ZAIN UL ABDIN\Documents\scala_learnings\first_class\.metals\metals (H2 2.1)
Sep 08, 2023 8:17:28 PM org.flywaydb.core.internal.command.DbValidate validate
INFO: Successfully validated 4 migrations (execution time 00:00.064s)
Sep 08, 2023 8:17:28 PM org.flywaydb.core.internal.command.DbMigrate migrateGroup
INFO: Current version of schema "PUBLIC": 4
Sep 08, 2023 8:17:28 PM org.flywaydb.core.internal.command.DbMigrate logSummary
INFO: Schema "PUBLIC" is up to date. No migration necessary.
2023.09.08 20:17:29 INFO  time: initialize in 8.58s
2023.09.08 20:17:38 INFO  Attempting to connect to the build server...
2023.09.08 20:17:38 INFO  Running BSP server List(C:\Users\ZAIN UL ABDIN\AppData\Local\Programs\Eclipse Adoptium\jdk-17.0.8.7-hotspot\bin\java.exe, -cp, C:\Users\ZAIN UL ABDIN\AppData\Local\Coursier\cache\v1\https\repo1.maven.org\maven2\org\virtuslab\scala-cli\cli_3\1.0.4\cli_3-1.0.4.jar;C:\Users\ZAIN UL ABDIN\AppData\Local\Coursier\cache\v1\https\repo1.maven.org\maven2\com\github\alexarchambault\case-app_3\2.1.0-M25\case-app_3-2.1.0-M25.jar;C:\Users\ZAIN UL ABDIN\AppData\Local\Coursier\cache\v1\https\repo1.maven.org\maven2\io\get-coursier\coursier-launcher_2.13\2.1.5\coursier-launcher_2.13-2.1.5.jar;C:\Users\ZAIN UL ABDIN\AppData\Local\Coursier\cache\v1\https\repo1.maven.org\maven2\io\get-coursier\coursier-proxy-setup\2.1.5\coursier-proxy-setup-2.1.5.jar;C:\Users\ZAIN UL ABDIN\AppData\Local\Coursier\cache\v1\https\repo1.maven.org\maven2\io\get-coursier\publish\publish_2.13\0.1.4\publish_2.13-0.1.4.jar;C:\Users\ZAIN UL ABDIN\AppData\Local\Coursier\cache\v1\https\repo1.maven.org\maven2\com\google\jimfs\jimfs\1.3.0\jimfs-1.3.0.jar;C:\Users\ZAIN UL ABDIN\AppData\Local\Coursier\cache\v1\https\repo1.maven.org\maven2\io\get-coursier\jniutils\windows-jni-utils\0.3.3\windows-jni-utils-0.3.3.jar;C:\Users\ZAIN UL ABDIN\AppData\Local\Coursier\cache\v1\https\repo1.maven.org\maven2\com\github\plokhotnyuk\jsoniter-scala\jsoniter-scala-core_3\2.13.5.2\jsoniter-scala-core_3-2.13.5.2.jar;C:\Users\ZAIN UL ABDIN\AppData\Local\Coursier\cache\v1\https\repo1.maven.org\maven2\org\virtuslab\scala-cli\libsodiumjni\0.0.3\libsodiumjni-0.0.3.jar;C:\Users\ZAIN UL ABDIN\AppData\Local\Coursier\cache\v1\https\repo1.maven.org\maven2\com\geirsson\metaconfig-typesafe-config_3\0.11.1\metaconfig-typesafe-config_3-0.11.1.jar;C:\Users\ZAIN UL ABDIN\AppData\Local\Coursier\cache\v1\https\repo1.maven.org\maven2\ai\kien\python-native-libs_3\0.2.4\python-native-libs_3-0.2.4.jar;C:\Users\ZAIN UL ABDIN\AppData\Local\Coursier\cache\v1\https\repo1.maven.org\maven2\org\virtuslab\scala-packager_2.13\0.1.29\scala-packager_2.13-0.1.29.jar;C:\Users\ZAIN UL ABDIN\AppData\Local\Coursier\cache\v1\https\repo1.maven.org\maven2\org\virtuslab\scala-cli-signing\cli_3\0.2.2\cli_3-0.2.2.jar;C:\Users\ZAIN UL ABDIN\AppData\Local\Coursier\cache\v1\https\repo1.maven.org\maven2\org\slf4j\slf4j-nop\2.0.7\slf4j-nop-2.0.7.jar;C:\Users\ZAIN UL ABDIN\AppData\Local\Coursier\cache\v1\https\repo1.maven.org\maven2\com\softwaremill\sttp\client3\core_2.13\3.8.16\core_2.13-3.8.16.jar;C:\Users\ZAIN UL ABDIN\AppData\Local\Coursier\cache\v1\https\repo1.maven.org\maven2\org\scala-lang\scala3-library_3\3.3.0\scala3-library_3-3.3.0.jar;C:\Users\ZAIN UL ABDIN\AppData\Local\Coursier\cache\v1\https\repo1.maven.org\maven2\org\virtuslab\scala-cli\build-module_3\1.0.4\build-module_3-1.0.4.jar;C:\Users\ZAIN UL ABDIN\AppData\Local\Coursier\cache\v1\https\repo1.maven.org\maven2\org\virtuslab\scala-cli\config_3\1.0.4\config_3-1.0.4.jar;C:\Users\ZAIN UL ABDIN\AppData\Local\Coursier\cache\v1\https\repo1.maven.org\maven2\org\virtuslab\scala-cli\scala3-graal_3\1.0.4\scala3-graal_3-1.0.4.jar;C:\Users\ZAIN UL ABDIN\AppData\Local\Coursier\cache\v1\https\repo1.maven.org\maven2\org\virtuslab\scala-cli\specification-level_3\1.0.4\specification-level_3-1.0.4.jar;C:\Users\ZAIN UL ABDIN\AppData\Local\Coursier\cache\v1\https\repo1.maven.org\maven2\com\github\alexarchambault\case-app-annotations_3\2.1.0-M25\case-app-annotations_3-2.1.0-M25.jar;C:\Users\ZAIN UL ABDIN\AppData\Local\Coursier\cache\v1\https\repo1.maven.org\maven2\com\github\alexarchambault\case-app-util_3\2.1.0-M25\case-app-util_3-2.1.0-M25.jar;C:\Users\ZAIN UL ABDIN\AppData\Local\Coursier\cache\v1\https\repo1.maven.org\maven2\com\lihaoyi\sourcecode_3\0.3.0\sourcecode_3-0.3.0.jar;C:\Users\ZAIN UL ABDIN\AppData\Local\Coursier\cache\v1\https\repo1.maven.org\maven2\org\scala-lang\modules\scala-collection-compat_2.13\2.11.0\scala-collection-compat_2.13-2.11.0.jar;C:\Users\ZAIN UL ABDIN\AppData\Local\Coursier\cache\v1\https\repo1.maven.org\maven2\io\github\alexarchambault\scala-cli\tmp\zip-input-stream\0.1.1\zip-input-stream-0.1.1.jar;C:\Users\ZAIN UL ABDIN\AppData\Local\Coursier\cache\v1\https\repo1.maven.org\maven2\ai\kien\python-native-libs_2.13\0.2.4\python-native-libs_2.13-0.2.4.jar;C:\Users\ZAIN UL ABDIN\AppData\Local\Coursier\cache\v1\https\repo1.maven.org\maven2\org\scala-lang\scala-library\2.13.11\scala-library-2.13.11.jar;C:\Users\ZAIN UL ABDIN\AppData\Local\Coursier\cache\v1\https\repo1.maven.org\maven2\io\get-coursier\coursier-cache_2.13\2.1.5\coursier-cache_2.13-2.1.5.jar;C:\Users\ZAIN UL ABDIN\AppData\Local\Coursier\cache\v1\https\repo1.maven.org\maven2\io\get-coursier\coursier-core_2.13\2.1.5\coursier-core_2.13-2.1.5.jar;C:\Users\ZAIN UL ABDIN\AppData\Local\Coursier\cache\v1\https\repo1.maven.org\maven2\com\github\plokhotnyuk\jsoniter-scala\jsoniter-scala-core_2.13\2.13.15\jsoniter-scala-core_2.13-2.13.15.jar;C:\Users\ZAIN UL ABDIN\AppData\Local\Coursier\cache\v1\https\repo1.maven.org\maven2\com\google\guava\guava\32.1.2-jre\guava-32.1.2-jre.jar;C:\Users\ZAIN UL ABDIN\AppData\Local\Coursier\cache\v1\https\repo1.maven.org\maven2\net\java\dev\jna\jna\5.12.1\jna-5.12.1.jar;C:\Users\ZAIN UL ABDIN\AppData\Local\Coursier\cache\v1\https\repo1.maven.org\maven2\net\java\dev\jna\jna-platform\5.12.1\jna-platform-5.12.1.jar;C:\Users\ZAIN UL ABDIN\AppData\Local\Coursier\cache\v1\https\repo1.maven.org\maven2\com\geirsson\metaconfig-core_3\0.11.1\metaconfig-core_3-0.11.1.jar;C:\Users\ZAIN UL ABDIN\AppData\Local\Coursier\cache\v1\https\repo1.maven.org\maven2\com\typesafe\config\1.4.1\config-1.4.1.jar;C:\Users\ZAIN UL ABDIN\AppData\Local\Coursier\cache\v1\https\repo1.maven.org\maven2\org\scala-lang\modules\scala-collection-compat_3\2.11.0\scala-collection-compat_3-2.11.0.jar;C:\Users\ZAIN UL ABDIN\AppData\Local\Coursier\cache\v1\https\repo1.maven.org\maven2\commons-io\commons-io\2.11.0\commons-io-2.11.0.jar;C:\Users\ZAIN UL ABDIN\AppData\Local\Coursier\cache\v1\https\repo1.maven.org\maven2\com\google\cloud\tools\jib-core\0.22.0\jib-core-0.22.0.jar;C:\Users\ZAIN UL ABDIN\AppData\Local\Coursier\cache\v1\https\repo1.maven.org\maven2\com\lihaoyi\os-lib_2.13\0.8.1\os-lib_2.13-0.8.1.jar;C:\Users\ZAIN UL ABDIN\AppData\Local\Coursier\cache\v1\https\repo1.maven.org\maven2\org\bouncycastle\bcpg-jdk18on\1.73\bcpg-jdk18on-1.73.jar;C:\Users\ZAIN UL ABDIN\AppData\Local\Coursier\cache\v1\https\repo1.maven.org\maven2\org\virtuslab\scala-cli-signing\shared_3\0.2.2\shared_3-0.2.2.jar;C:\Users\ZAIN UL ABDIN\AppData\Local\Coursier\cache\v1\https\repo1.maven.org\maven2\org\slf4j\slf4j-api\2.0.7\slf4j-api-2.0.7.jar;C:\Users\ZAIN UL ABDIN\AppData\Local\Coursier\cache\v1\https\repo1.maven.org\maven2\com\softwaremill\sttp\model\core_2.13\1.5.5\core_2.13-1.5.5.jar;C:\Users\ZAIN UL ABDIN\AppData\Local\Coursier\cache\v1\https\repo1.maven.org\maven2\com\softwaremill\sttp\shared\core_2.13\1.3.13\core_2.13-1.3.13.jar;C:\Users\ZAIN UL ABDIN\AppData\Local\Coursier\cache\v1\https\repo1.maven.org\maven2\com\softwaremill\sttp\shared\ws_2.13\1.3.13\ws_2.13-1.3.13.jar;C:\Users\ZAIN UL ABDIN\AppData\Local\Coursier\cache\v1\https\repo1.maven.org\maven2\org\ow2\asm\asm\9.5\asm-9.5.jar;C:\Users\ZAIN UL ABDIN\AppData\Local\Coursier\cache\v1\https\repo1.maven.org\maven2\io\github\alexarchambault\scala-cli\java-class-name_3\0.1.0\java-class-name_3-0.1.0.jar;C:\Users\ZAIN UL ABDIN\AppData\Local\Coursier\cache\v1\https\repo1.maven.org\maven2\org\scalameta\trees_2.13\4.8.7\trees_2.13-4.8.7.jar;C:\Users\ZAIN UL ABDIN\AppData\Local\Coursier\cache\v1\https\repo1.maven.org\maven2\org\scala-native\test-runner_3\0.4.14\test-runner_3-0.4.14.jar;C:\Users\ZAIN UL ABDIN\AppData\Local\Coursier\cache\v1\https\repo1.maven.org\maven2\com\lihaoyi\os-lib_3\0.9.1\os-lib_3-0.9.1.jar;C:\Users\ZAIN UL ABDIN\AppData\Local\Coursier\cache\v1\https\repo1.maven.org\maven2\com\lihaoyi\pprint_3\0.8.1\pprint_3-0.8.1.jar;C:\Users\ZAIN UL ABDIN\AppData\Local\Coursier\cache\v1\https\repo1.maven.org\maven2\org\scala-js\scalajs-env-nodejs_2.13\1.4.0\scalajs-env-nodejs_2.13-1.4.0.jar;C:\Users\ZAIN UL ABDIN\AppData\Local\Coursier\cache\v1\https\repo1.maven.org\maven2\org\scala-js\scalajs-sbt-test-adapter_2.13\1.13.2\scalajs-sbt-test-adapter_2.13-1.13.2.jar;C:\Users\ZAIN UL ABDIN\AppData\Local\Coursier\cache\v1\https\repo1.maven.org\maven2\com\swoval\file-tree-views\2.1.10\file-tree-views-2.1.10.jar;C:\Users\ZAIN UL ABDIN\AppData\Local\Coursier\cache\v1\https\repo1.maven.org\maven2\org\virtuslab\scala-cli\options_3\1.0.4\options_3-1.0.4.jar;C:\Users\ZAIN UL ABDIN\AppData\Local\Coursier\cache\v1\https\repo1.maven.org\maven2\org\virtuslab\scala-cli\directives_3\1.0.4\directives_3-1.0.4.jar;C:\Users\ZAIN UL ABDIN\AppData\Local\Coursier\cache\v1\https\repo1.maven.org\maven2\org\virtuslab\scala-cli\scala-cli-bsp\1.0.4\scala-cli-bsp-1.0.4.jar;C:\Users\ZAIN UL ABDIN\AppData\Local\Coursier\cache\v1\https\repo1.maven.org\maven2\org\virtuslab\scala-cli\test-runner_2.13\1.0.4\test-runner_2.13-1.0.4.jar;C:\Users\ZAIN UL ABDIN\AppData\Local\Coursier\cache\v1\https\repo1.maven.org\maven2\org\virtuslab\scala-cli\tasty-lib_3\1.0.4\tasty-lib_3-1.0.4.jar;C:\Users\ZAIN UL ABDIN\AppData\Local\Coursier\cache\v1\https\repo1.maven.org\maven2\org\codehaus\plexus\plexus-archiver\4.7.1\plexus-archiver-4.7.1.jar;C:\Users\ZAIN UL ABDIN\AppData\Local\Coursier\cache\v1\https\repo1.maven.org\maven2\org\codehaus\plexus\plexus-container-default\2.1.1\plexus-container-default-2.1.1.jar;C:\Users\ZAIN UL ABDIN\AppData\Local\Coursier\cache\v1\https\repo1.maven.org\maven2\io\github\alexarchambault\windows-ansi\windows-ansi\0.0.5\windows-ansi-0.0.5.jar;C:\Users\ZAIN UL ABDIN\AppData\Local\Coursier\cache\v1\https\repo1.maven.org\maven2\io\get-coursier\coursier-util_2.13\2.1.5\coursier-util_2.13-2.1.5.jar;C:\Users\ZAIN UL ABDIN\AppData\Local\Coursier\cache\v1\https\repo1.maven.org\maven2\io\github\alexarchambault\concurrent-reference-hash-map\1.1.0\concurrent-reference-hash-map-1.1.0.jar;C:\Users\ZAIN UL ABDIN\AppData\Local\Coursier\cache\v1\https\repo1.maven.org\maven2\org\scala-lang\modules\scala-xml_2.13\2.1.0\scala-xml_2.13-2.1.0.jar;C:\Users\ZAIN UL ABDIN\AppData\Local\Coursier\cache\v1\https\repo1.maven.org\maven2\com\google\guava\failureaccess\1.0.1\failureaccess-1.0.1.jar;C:\Users\ZAIN UL ABDIN\AppData\Local\Coursier\cache\v1\https\repo1.maven.org\maven2\com\google\guava\listenablefuture\9999.0-empty-to-avoid-conflict-with-guava\listenablefuture-9999.0-empty-to-avoid-conflict-with-guava.jar;C:\Users\ZAIN UL ABDIN\AppData\Local\Coursier\cache\v1\https\repo1.maven.org\maven2\com\google\code\findbugs\jsr305\3.0.2\jsr305-3.0.2.jar;C:\Users\ZAIN UL ABDIN\AppData\Local\Coursier\cache\v1\https\repo1.maven.org\maven2\org\checkerframework\checker-qual\3.33.0\checker-qual-3.33.0.jar;C:\Users\ZAIN UL ABDIN\AppData\Local\Coursier\cache\v1\https\repo1.maven.org\maven2\com\google\errorprone\error_prone_annotations\2.18.0\error_prone_annotations-2.18.0.jar;C:\Users\ZAIN UL ABDIN\AppData\Local\Coursier\cache\v1\https\repo1.maven.org\maven2\com\google\j2objc\j2objc-annotations\2.8\j2objc-annotations-2.8.jar;C:\Users\ZAIN UL ABDIN\AppData\Local\Coursier\cache\v1\https\repo1.maven.org\maven2\com\geirsson\metaconfig-pprint_3\0.11.1\metaconfig-pprint_3-0.11.1.jar;C:\Users\ZAIN UL ABDIN\AppData\Local\Coursier\cache\v1\https\repo1.maven.org\maven2\org\typelevel\paiges-core_3\0.4.2\paiges-core_3-0.4.2.jar;C:\Users\ZAIN UL ABDIN\AppData\Local\Coursier\cache\v1\https\repo1.maven.org\maven2\org\scala-lang\scala-reflect\2.13.8\scala-reflect-2.13.8.jar;C:\Users\ZAIN UL ABDIN\AppData\Local\Coursier\cache\v1\https\repo1.maven.org\maven2\com\google\cloud\tools\jib-build-plan\0.4.0\jib-build-plan-0.4.0.jar;C:\Users\ZAIN UL ABDIN\AppData\Local\Coursier\cache\v1\https\repo1.maven.org\maven2\com\google\http-client\google-http-client\1.34.0\google-http-client-1.34.0.jar;C:\Users\ZAIN UL ABDIN\AppData\Local\Coursier\cache\v1\https\repo1.maven.org\maven2\com\google\http-client\google-http-client-apache-v2\1.34.0\google-http-client-apache-v2-1.34.0.jar;C:\Users\ZAIN UL ABDIN\AppData\Local\Coursier\cache\v1\https\repo1.maven.org\maven2\com\google\auth\google-auth-library-oauth2-http\0.18.0\google-auth-library-oauth2-http-0.18.0.jar;C:\Users\ZAIN UL ABDIN\AppData\Local\Coursier\cache\v1\https\repo1.maven.org\maven2\org\apache\commons\commons-compress\1.23.0\commons-compress-1.23.0.jar;C:\Users\ZAIN UL ABDIN\AppData\Local\Coursier\cache\v1\https\repo1.maven.org\maven2\com\fasterxml\jackson\core\jackson-databind\2.13.3\jackson-databind-2.13.3.jar;C:\Users\ZAIN UL ABDIN\AppData\Local\Coursier\cache\v1\https\repo1.maven.org\maven2\com\fasterxml\jackson\datatype\jackson-datatype-jsr310\2.13.3\jackson-datatype-jsr310-2.13.3.jar;C:\Users\ZAIN UL ABDIN\AppData\Local\Coursier\cache\v1\https\repo1.maven.org\maven2\com\lihaoyi\geny_2.13\0.7.1\geny_2.13-0.7.1.jar;C:\Users\ZAIN UL ABDIN\AppData\Local\Coursier\cache\v1\https\repo1.maven.org\maven2\org\bouncycastle\bcprov-jdk18on\1.73\bcprov-jdk18on-1.73.jar;C:\Users\ZAIN UL ABDIN\AppData\Local\Coursier\cache\v1\https\repo1.maven.org\maven2\org\scala-lang\scala3-compiler_3\3.1.2\scala3-compiler_3-3.1.2.jar;C:\Users\ZAIN UL ABDIN\AppData\Local\Coursier\cache\v1\https\repo1.maven.org\maven2\org\scalameta\common_2.13\4.8.7\common_2.13-4.8.7.jar;C:\Users\ZAIN UL ABDIN\AppData\Local\Coursier\cache\v1\https\repo1.maven.org\maven2\org\scala-native\tools_3\0.4.14\tools_3-0.4.14.jar;C:\Users\ZAIN UL ABDIN\AppData\Local\Coursier\cache\v1\https\repo1.maven.org\maven2\org\scala-sbt\test-interface\1.0\test-interface-1.0.jar;C:\Users\ZAIN UL ABDIN\AppData\Local\Coursier\cache\v1\https\repo1.maven.org\maven2\com\novocode\junit-interface\0.11\junit-interface-0.11.jar;C:\Users\ZAIN UL ABDIN\AppData\Local\Coursier\cache\v1\https\repo1.maven.org\maven2\junit\junit\4.13.2\junit-4.13.2.jar;C:\Users\ZAIN UL ABDIN\AppData\Local\Coursier\cache\v1\https\repo1.maven.org\maven2\com\lihaoyi\geny_3\1.0.0\geny_3-1.0.0.jar;C:\Users\ZAIN UL ABDIN\AppData\Local\Coursier\cache\v1\https\repo1.maven.org\maven2\com\lihaoyi\fansi_3\0.4.0\fansi_3-0.4.0.jar;C:\Users\ZAIN UL ABDIN\AppData\Local\Coursier\cache\v1\https\repo1.maven.org\maven2\org\scala-js\scalajs-js-envs_2.13\1.4.0\scalajs-js-envs_2.13-1.4.0.jar;C:\Users\ZAIN UL ABDIN\AppData\Local\Coursier\cache\v1\https\repo1.maven.org\maven2\ch\epfl\scala\bloop-config_2.13\1.5.5\bloop-config_2.13-1.5.5.jar;C:\Users\ZAIN UL ABDIN\AppData\Local\Coursier\cache\v1\https\repo1.maven.org\maven2\org\virtuslab\scala-cli\core_3\1.0.4\core_3-1.0.4.jar;C:\Users\ZAIN UL ABDIN\AppData\Local\Coursier\cache\v1\https\repo1.maven.org\maven2\org\virtuslab\using_directives\1.1.0\using_directives-1.1.0.jar;C:\Users\ZAIN UL ABDIN\AppData\Local\Coursier\cache\v1\https\repo1.maven.org\maven2\org\virtuslab\scala-cli\build-macros_3\1.0.4\build-macros_3-1.0.4.jar;C:\Users\ZAIN UL ABDIN\AppData\Local\Coursier\cache\v1\https\repo1.maven.org\maven2\ch\epfl\scala\bsp4j\2.1.0-M5\bsp4j-2.1.0-M5.jar;C:\Users\ZAIN UL ABDIN\AppData\Local\Coursier\cache\v1\https\repo1.maven.org\maven2\javax\inject\javax.inject\1\javax.inject-1.jar;C:\Users\ZAIN UL ABDIN\AppData\Local\Coursier\cache\v1\https\repo1.maven.org\maven2\org\codehaus\plexus\plexus-utils\3.5.1\plexus-utils-3.5.1.jar;C:\Users\ZAIN UL ABDIN\AppData\Local\Coursier\cache\v1\https\repo1.maven.org\maven2\org\codehaus\plexus\plexus-io\3.4.1\plexus-io-3.4.1.jar;C:\Users\ZAIN UL ABDIN\AppData\Local\Coursier\cache\v1\https\repo1.maven.org\maven2\org\iq80\snappy\snappy\0.4\snappy-0.4.jar;C:\Users\ZAIN UL ABDIN\AppData\Local\Coursier\cache\v1\https\repo1.maven.org\maven2\org\tukaani\xz\1.9\xz-1.9.jar;C:\Users\ZAIN UL ABDIN\AppData\Local\Coursier\cache\v1\https\repo1.maven.org\maven2\com\github\luben\zstd-jni\1.5.5-2\zstd-jni-1.5.5-2.jar;C:\Users\ZAIN UL ABDIN\AppData\Local\Coursier\cache\v1\https\repo1.maven.org\maven2\org\codehaus\plexus\plexus-classworlds\2.6.0\plexus-classworlds-2.6.0.jar;C:\Users\ZAIN UL ABDIN\AppData\Local\Coursier\cache\v1\https\repo1.maven.org\maven2\org\apache\xbean\xbean-reflect\3.7\xbean-reflect-3.7.jar;C:\Users\ZAIN UL ABDIN\AppData\Local\Coursier\cache\v1\https\repo1.maven.org\maven2\org\fusesource\jansi\jansi\1.18\jansi-1.18.jar;C:\Users\ZAIN UL ABDIN\AppData\Local\Coursier\cache\v1\https\repo1.maven.org\maven2\org\apache\httpcomponents\httpclient\4.5.10\httpclient-4.5.10.jar;C:\Users\ZAIN UL ABDIN\AppData\Local\Coursier\cache\v1\https\repo1.maven.org\maven2\org\apache\httpcomponents\httpcore\4.4.12\httpcore-4.4.12.jar;C:\Users\ZAIN UL ABDIN\AppData\Local\Coursier\cache\v1\https\repo1.maven.org\maven2\io\opencensus\opencensus-api\0.24.0\opencensus-api-0.24.0.jar;C:\Users\ZAIN UL ABDIN\AppData\Local\Coursier\cache\v1\https\repo1.maven.org\maven2\io\opencensus\opencensus-contrib-http-util\0.24.0\opencensus-contrib-http-util-0.24.0.jar;C:\Users\ZAIN UL ABDIN\AppData\Local\Coursier\cache\v1\https\repo1.maven.org\maven2\com\google\auto\value\auto-value-annotations\1.6.6\auto-value-annotations-1.6.6.jar;C:\Users\ZAIN UL ABDIN\AppData\Local\Coursier\cache\v1\https\repo1.maven.org\maven2\com\google\auth\google-auth-library-credentials\0.18.0\google-auth-library-credentials-0.18.0.jar;C:\Users\ZAIN UL ABDIN\AppData\Local\Coursier\cache\v1\https\repo1.maven.org\maven2\com\google\http-client\google-http-client-jackson2\1.32.1\google-http-client-jackson2-1.32.1.jar;C:\Users\ZAIN UL ABDIN\AppData\Local\Coursier\cache\v1\https\repo1.maven.org\maven2\com\fasterxml\jackson\core\jackson-annotations\2.13.3\jackson-annotations-2.13.3.jar;C:\Users\ZAIN UL ABDIN\AppData\Local\Coursier\cache\v1\https\repo1.maven.org\maven2\com\fasterxml\jackson\core\jackson-core\2.13.3\jackson-core-2.13.3.jar;C:\Users\ZAIN UL ABDIN\AppData\Local\Coursier\cache\v1\https\repo1.maven.org\maven2\org\scala-lang\scala3-interfaces\3.1.2\scala3-interfaces-3.1.2.jar;C:\Users\ZAIN UL ABDIN\AppData\Local\Coursier\cache\v1\https\repo1.maven.org\maven2\org\scala-lang\tasty-core_3\3.1.2\tasty-core_3-3.1.2.jar;C:\Users\ZAIN UL ABDIN\AppData\Local\Coursier\cache\v1\https\repo1.maven.org\maven2\org\scala-lang\modules\scala-asm\9.1.0-scala-1\scala-asm-9.1.0-scala-1.jar;C:\Users\ZAIN UL ABDIN\AppData\Local\Coursier\cache\v1\https\repo1.maven.org\maven2\org\scala-sbt\compiler-interface\1.3.5\compiler-interface-1.3.5.jar;C:\Users\ZAIN UL ABDIN\AppData\Local\Coursier\cache\v1\https\repo1.maven.org\maven2\org\jline\jline-reader\3.19.0\jline-reader-3.19.0.jar;C:\Users\ZAIN UL ABDIN\AppData\Local\Coursier\cache\v1\https\repo1.maven.org\maven2\org\jline\jline-terminal\3.19.0\jline-terminal-3.19.0.jar;C:\Users\ZAIN UL ABDIN\AppData\Local\Coursier\cache\v1\https\repo1.maven.org\maven2\org\jline\jline-terminal-jna\3.19.0\jline-terminal-jna-3.19.0.jar;C:\Users\ZAIN UL ABDIN\AppData\Local\Coursier\cache\v1\https\repo1.maven.org\maven2\com\lihaoyi\sourcecode_2.13\0.3.0\sourcecode_2.13-0.3.0.jar;C:\Users\ZAIN UL ABDIN\AppData\Local\Coursier\cache\v1\https\repo1.maven.org\maven2\com\thesamet\scalapb\scalapb-runtime_2.13\0.11.13\scalapb-runtime_2.13-0.11.13.jar;C:\Users\ZAIN UL ABDIN\AppData\Local\Coursier\cache\v1\https\repo1.maven.org\maven2\org\scala-native\nir_3\0.4.14\nir_3-0.4.14.jar;C:\Users\ZAIN UL ABDIN\AppData\Local\Coursier\cache\v1\https\repo1.maven.org\maven2\org\scala-native\util_3\0.4.14\util_3-0.4.14.jar;C:\Users\ZAIN UL ABDIN\AppData\Local\Coursier\cache\v1\https\repo1.maven.org\maven2\org\scala-lang\modules\scala-parallel-collections_3\1.0.3\scala-parallel-collections_3-1.0.3.jar;C:\Users\ZAIN UL ABDIN\AppData\Local\Coursier\cache\v1\https\repo1.maven.org\maven2\org\hamcrest\hamcrest-core\1.3\hamcrest-core-1.3.jar;C:\Users\ZAIN UL ABDIN\AppData\Local\Coursier\cache\v1\https\repo1.maven.org\maven2\org\scala-js\scalajs-logging_2.13\1.1.1\scalajs-logging_2.13-1.1.1.jar;C:\Users\ZAIN UL ABDIN\AppData\Local\Coursier\cache\v1\https\repo1.maven.org\maven2\io\github\alexarchambault\bleep\bloop-rifle_2.13\1.5.9-sc-1\bloop-rifle_2.13-1.5.9-sc-1.jar;C:\Users\ZAIN UL ABDIN\AppData\Local\Coursier\cache\v1\https\repo1.maven.org\maven2\io\get-coursier\coursier-jvm_2.13\2.1.5\coursier-jvm_2.13-2.1.5.jar;C:\Users\ZAIN UL ABDIN\AppData\Local\Coursier\cache\v1\https\repo1.maven.org\maven2\io\get-coursier\dependency_3\0.2.3\dependency_3-0.2.3.jar;C:\Users\ZAIN UL ABDIN\AppData\Local\Coursier\cache\v1\https\repo1.maven.org\maven2\org\eclipse\jgit\org.eclipse.jgit\6.6.0.202305301015-r\org.eclipse.jgit-6.6.0.202305301015-r.jar;C:\Users\ZAIN UL ABDIN\AppData\Local\Coursier\cache\v1\https\repo1.maven.org\maven2\org\scala-js\scalajs-env-jsdom-nodejs_2.13\1.1.0\scalajs-env-jsdom-nodejs_2.13-1.1.0.jar;C:\Users\ZAIN UL ABDIN\AppData\Local\Coursier\cache\v1\https\repo1.maven.org\maven2\org\eclipse\lsp4j\org.eclipse.lsp4j.generator\0.20.1\org.eclipse.lsp4j.generator-0.20.1.jar;C:\Users\ZAIN UL ABDIN\AppData\Local\Coursier\cache\v1\https\repo1.maven.org\maven2\org\eclipse\lsp4j\org.eclipse.lsp4j.jsonrpc\0.20.1\org.eclipse.lsp4j.jsonrpc-0.20.1.jar;C:\Users\ZAIN UL ABDIN\AppData\Local\Coursier\cache\v1\https\repo1.maven.org\maven2\commons-logging\commons-logging\1.2\commons-logging-1.2.jar;C:\Users\ZAIN UL ABDIN\AppData\Local\Coursier\cache\v1\https\repo1.maven.org\maven2\commons-codec\commons-codec\1.11\commons-codec-1.11.jar;C:\Users\ZAIN UL ABDIN\AppData\Local\Coursier\cache\v1\https\repo1.maven.org\maven2\io\grpc\grpc-context\1.22.1\grpc-context-1.22.1.jar;C:\Users\ZAIN UL ABDIN\AppData\Local\Coursier\cache\v1\https\repo1.maven.org\maven2\com\google\protobuf\protobuf-java\3.19.6\protobuf-java-3.19.6.jar;C:\Users\ZAIN UL ABDIN\AppData\Local\Coursier\cache\v1\https\repo1.maven.org\maven2\org\scala-sbt\util-interface\1.3.0\util-interface-1.3.0.jar;C:\Users\ZAIN UL ABDIN\AppData\Local\Coursier\cache\v1\https\repo1.maven.org\maven2\com\thesamet\scalapb\lenses_2.13\0.11.13\lenses_2.13-0.11.13.jar;C:\Users\ZAIN UL ABDIN\AppData\Local\Coursier\cache\v1\https\repo1.maven.org\maven2\io\github\alexarchambault\libdaemon\libdaemon_2.13\0.0.11\libdaemon_2.13-0.0.11.jar;C:\Users\ZAIN UL ABDIN\AppData\Local\Coursier\cache\v1\https\repo1.maven.org\maven2\io\github\alexarchambault\scala-cli\snailgun\snailgun-core_2.13\0.4.1-sc2\snailgun-core_2.13-0.4.1-sc2.jar;C:\Users\ZAIN UL ABDIN\AppData\Local\Coursier\cache\v1\https\repo1.maven.org\maven2\com\github\alexarchambault\argonaut-shapeless_6.3_2.13\1.3.1\argonaut-shapeless_6.3_2.13-1.3.1.jar;C:\Users\ZAIN UL ABDIN\AppData\Local\Coursier\cache\v1\https\repo1.maven.org\maven2\io\get-coursier\coursier_2.13\2.1.5\coursier_2.13-2.1.5.jar;C:\Users\ZAIN UL ABDIN\AppData\Local\Coursier\cache\v1\https\repo1.maven.org\maven2\io\get-coursier\coursier-env_2.13\2.1.5\coursier-env_2.13-2.1.5.jar;C:\Users\ZAIN UL ABDIN\AppData\Local\Coursier\cache\v1\https\repo1.maven.org\maven2\com\googlecode\javaewah\JavaEWAH\1.2.3\JavaEWAH-1.2.3.jar;C:\Users\ZAIN UL ABDIN\AppData\Local\Coursier\cache\v1\https\repo1.maven.org\maven2\org\eclipse\xtend\org.eclipse.xtend.lib\2.28.0\org.eclipse.xtend.lib-2.28.0.jar;C:\Users\ZAIN UL ABDIN\AppData\Local\Coursier\cache\v1\https\repo1.maven.org\maven2\com\google\code\gson\gson\2.10.1\gson-2.10.1.jar;C:\Users\ZAIN UL ABDIN\AppData\Local\Coursier\cache\v1\https\repo1.maven.org\maven2\io\argonaut\argonaut_2.13\6.3.8\argonaut_2.13-6.3.8.jar;C:\Users\ZAIN UL ABDIN\AppData\Local\Coursier\cache\v1\https\repo1.maven.org\maven2\com\chuusai\shapeless_2.13\2.3.9\shapeless_2.13-2.3.9.jar;C:\Users\ZAIN UL ABDIN\AppData\Local\Coursier\cache\v1\https\repo1.maven.org\maven2\org\eclipse\xtext\org.eclipse.xtext.xbase.lib\2.28.0\org.eclipse.xtext.xbase.lib-2.28.0.jar;C:\Users\ZAIN UL ABDIN\AppData\Local\Coursier\cache\v1\https\repo1.maven.org\maven2\org\eclipse\xtend\org.eclipse.xtend.lib.macro\2.28.0\org.eclipse.xtend.lib.macro-2.28.0.jar, scala.cli.ScalaCli, bsp, C:\Users\ZAIN UL ABDIN\Documents\scala_learnings\first_class)
2023.09.08 20:17:38 WARN  No build session currently active to reload.
2023.09.08 20:17:38 INFO  tracing is disabled for protocol BSP, to enable tracing of incoming and outgoing JSON messages create an empty file at C:\Users\ZAIN UL ABDIN\Documents\scala_learnings\first_class\.metals\bsp.trace.json or C:\Users\ZAIN UL ABDIN\AppData\Local\scalameta\metals\cache\bsp.trace.json
2023.09.08 20:17:56 INFO  BSP server: Starting compilation server
2023.09.08 20:17:58 ERROR Timeout waiting for 'build/initialize' response
2023.09.08 20:17:58 WARN  Retrying connection to the build server scala-cli
2023.09.08 20:17:58 INFO  Running BSP server List(C:\Users\ZAIN UL ABDIN\AppData\Local\Programs\Eclipse Adoptium\jdk-17.0.8.7-hotspot\bin\java.exe, -cp, C:\Users\ZAIN UL ABDIN\AppData\Local\Coursier\cache\v1\https\repo1.maven.org\maven2\org\virtuslab\scala-cli\cli_3\1.0.4\cli_3-1.0.4.jar;C:\Users\ZAIN UL ABDIN\AppData\Local\Coursier\cache\v1\https\repo1.maven.org\maven2\com\github\alexarchambault\case-app_3\2.1.0-M25\case-app_3-2.1.0-M25.jar;C:\Users\ZAIN UL ABDIN\AppData\Local\Coursier\cache\v1\https\repo1.maven.org\maven2\io\get-coursier\coursier-launcher_2.13\2.1.5\coursier-launcher_2.13-2.1.5.jar;C:\Users\ZAIN UL ABDIN\AppData\Local\Coursier\cache\v1\https\repo1.maven.org\maven2\io\get-coursier\coursier-proxy-setup\2.1.5\coursier-proxy-setup-2.1.5.jar;C:\Users\ZAIN UL ABDIN\AppData\Local\Coursier\cache\v1\https\repo1.maven.org\maven2\io\get-coursier\publish\publish_2.13\0.1.4\publish_2.13-0.1.4.jar;C:\Users\ZAIN UL ABDIN\AppData\Local\Coursier\cache\v1\https\repo1.maven.org\maven2\com\google\jimfs\jimfs\1.3.0\jimfs-1.3.0.jar;C:\Users\ZAIN UL ABDIN\AppData\Local\Coursier\cache\v1\https\repo1.maven.org\maven2\io\get-coursier\jniutils\windows-jni-utils\0.3.3\windows-jni-utils-0.3.3.jar;C:\Users\ZAIN UL ABDIN\AppData\Local\Coursier\cache\v1\https\repo1.maven.org\maven2\com\github\plokhotnyuk\jsoniter-scala\jsoniter-scala-core_3\2.13.5.2\jsoniter-scala-core_3-2.13.5.2.jar;C:\Users\ZAIN UL ABDIN\AppData\Local\Coursier\cache\v1\https\repo1.maven.org\maven2\org\virtuslab\scala-cli\libsodiumjni\0.0.3\libsodiumjni-0.0.3.jar;C:\Users\ZAIN UL ABDIN\AppData\Local\Coursier\cache\v1\https\repo1.maven.org\maven2\com\geirsson\metaconfig-typesafe-config_3\0.11.1\metaconfig-typesafe-config_3-0.11.1.jar;C:\Users\ZAIN UL ABDIN\AppData\Local\Coursier\cache\v1\https\repo1.maven.org\maven2\ai\kien\python-native-libs_3\0.2.4\python-native-libs_3-0.2.4.jar;C:\Users\ZAIN UL ABDIN\AppData\Local\Coursier\cache\v1\https\repo1.maven.org\maven2\org\virtuslab\scala-packager_2.13\0.1.29\scala-packager_2.13-0.1.29.jar;C:\Users\ZAIN UL ABDIN\AppData\Local\Coursier\cache\v1\https\repo1.maven.org\maven2\org\virtuslab\scala-cli-signing\cli_3\0.2.2\cli_3-0.2.2.jar;C:\Users\ZAIN UL ABDIN\AppData\Local\Coursier\cache\v1\https\repo1.maven.org\maven2\org\slf4j\slf4j-nop\2.0.7\slf4j-nop-2.0.7.jar;C:\Users\ZAIN UL ABDIN\AppData\Local\Coursier\cache\v1\https\repo1.maven.org\maven2\com\softwaremill\sttp\client3\core_2.13\3.8.16\core_2.13-3.8.16.jar;C:\Users\ZAIN UL ABDIN\AppData\Local\Coursier\cache\v1\https\repo1.maven.org\maven2\org\scala-lang\scala3-library_3\3.3.0\scala3-library_3-3.3.0.jar;C:\Users\ZAIN UL ABDIN\AppData\Local\Coursier\cache\v1\https\repo1.maven.org\maven2\org\virtuslab\scala-cli\build-module_3\1.0.4\build-module_3-1.0.4.jar;C:\Users\ZAIN UL ABDIN\AppData\Local\Coursier\cache\v1\https\repo1.maven.org\maven2\org\virtuslab\scala-cli\config_3\1.0.4\config_3-1.0.4.jar;C:\Users\ZAIN UL ABDIN\AppData\Local\Coursier\cache\v1\https\repo1.maven.org\maven2\org\virtuslab\scala-cli\scala3-graal_3\1.0.4\scala3-graal_3-1.0.4.jar;C:\Users\ZAIN UL ABDIN\AppData\Local\Coursier\cache\v1\https\repo1.maven.org\maven2\org\virtuslab\scala-cli\specification-level_3\1.0.4\specification-level_3-1.0.4.jar;C:\Users\ZAIN UL ABDIN\AppData\Local\Coursier\cache\v1\https\repo1.maven.org\maven2\com\github\alexarchambault\case-app-annotations_3\2.1.0-M25\case-app-annotations_3-2.1.0-M25.jar;C:\Users\ZAIN UL ABDIN\AppData\Local\Coursier\cache\v1\https\repo1.maven.org\maven2\com\github\alexarchambault\case-app-util_3\2.1.0-M25\case-app-util_3-2.1.0-M25.jar;C:\Users\ZAIN UL ABDIN\AppData\Local\Coursier\cache\v1\https\repo1.maven.org\maven2\com\lihaoyi\sourcecode_3\0.3.0\sourcecode_3-0.3.0.jar;C:\Users\ZAIN UL ABDIN\AppData\Local\Coursier\cache\v1\https\repo1.maven.org\maven2\org\scala-lang\modules\scala-collection-compat_2.13\2.11.0\scala-collection-compat_2.13-2.11.0.jar;C:\Users\ZAIN UL ABDIN\AppData\Local\Coursier\cache\v1\https\repo1.maven.org\maven2\io\github\alexarchambault\scala-cli\tmp\zip-input-stream\0.1.1\zip-input-stream-0.1.1.jar;C:\Users\ZAIN UL ABDIN\AppData\Local\Coursier\cache\v1\https\repo1.maven.org\maven2\ai\kien\python-native-libs_2.13\0.2.4\python-native-libs_2.13-0.2.4.jar;C:\Users\ZAIN UL ABDIN\AppData\Local\Coursier\cache\v1\https\repo1.maven.org\maven2\org\scala-lang\scala-library\2.13.11\scala-library-2.13.11.jar;C:\Users\ZAIN UL ABDIN\AppData\Local\Coursier\cache\v1\https\repo1.maven.org\maven2\io\get-coursier\coursier-cache_2.13\2.1.5\coursier-cache_2.13-2.1.5.jar;C:\Users\ZAIN UL ABDIN\AppData\Local\Coursier\cache\v1\https\repo1.maven.org\maven2\io\get-coursier\coursier-core_2.13\2.1.5\coursier-core_2.13-2.1.5.jar;C:\Users\ZAIN UL ABDIN\AppData\Local\Coursier\cache\v1\https\repo1.maven.org\maven2\com\github\plokhotnyuk\jsoniter-scala\jsoniter-scala-core_2.13\2.13.15\jsoniter-scala-core_2.13-2.13.15.jar;C:\Users\ZAIN UL ABDIN\AppData\Local\Coursier\cache\v1\https\repo1.maven.org\maven2\com\google\guava\guava\32.1.2-jre\guava-32.1.2-jre.jar;C:\Users\ZAIN UL ABDIN\AppData\Local\Coursier\cache\v1\https\repo1.maven.org\maven2\net\java\dev\jna\jna\5.12.1\jna-5.12.1.jar;C:\Users\ZAIN UL ABDIN\AppData\Local\Coursier\cache\v1\https\repo1.maven.org\maven2\net\java\dev\jna\jna-platform\5.12.1\jna-platform-5.12.1.jar;C:\Users\ZAIN UL ABDIN\AppData\Local\Coursier\cache\v1\https\repo1.maven.org\maven2\com\geirsson\metaconfig-core_3\0.11.1\metaconfig-core_3-0.11.1.jar;C:\Users\ZAIN UL ABDIN\AppData\Local\Coursier\cache\v1\https\repo1.maven.org\maven2\com\typesafe\config\1.4.1\config-1.4.1.jar;C:\Users\ZAIN UL ABDIN\AppData\Local\Coursier\cache\v1\https\repo1.maven.org\maven2\org\scala-lang\modules\scala-collection-compat_3\2.11.0\scala-collection-compat_3-2.11.0.jar;C:\Users\ZAIN UL ABDIN\AppData\Local\Coursier\cache\v1\https\repo1.maven.org\maven2\commons-io\commons-io\2.11.0\commons-io-2.11.0.jar;C:\Users\ZAIN UL ABDIN\AppData\Local\Coursier\cache\v1\https\repo1.maven.org\maven2\com\google\cloud\tools\jib-core\0.22.0\jib-core-0.22.0.jar;C:\Users\ZAIN UL ABDIN\AppData\Local\Coursier\cache\v1\https\repo1.maven.org\maven2\com\lihaoyi\os-lib_2.13\0.8.1\os-lib_2.13-0.8.1.jar;C:\Users\ZAIN UL ABDIN\AppData\Local\Coursier\cache\v1\https\repo1.maven.org\maven2\org\bouncycastle\bcpg-jdk18on\1.73\bcpg-jdk18on-1.73.jar;C:\Users\ZAIN UL ABDIN\AppData\Local\Coursier\cache\v1\https\repo1.maven.org\maven2\org\virtuslab\scala-cli-signing\shared_3\0.2.2\shared_3-0.2.2.jar;C:\Users\ZAIN UL ABDIN\AppData\Local\Coursier\cache\v1\https\repo1.maven.org\maven2\org\slf4j\slf4j-api\2.0.7\slf4j-api-2.0.7.jar;C:\Users\ZAIN UL ABDIN\AppData\Local\Coursier\cache\v1\https\repo1.maven.org\maven2\com\softwaremill\sttp\model\core_2.13\1.5.5\core_2.13-1.5.5.jar;C:\Users\ZAIN UL ABDIN\AppData\Local\Coursier\cache\v1\https\repo1.maven.org\maven2\com\softwaremill\sttp\shared\core_2.13\1.3.13\core_2.13-1.3.13.jar;C:\Users\ZAIN UL ABDIN\AppData\Local\Coursier\cache\v1\https\repo1.maven.org\maven2\com\softwaremill\sttp\shared\ws_2.13\1.3.13\ws_2.13-1.3.13.jar;C:\Users\ZAIN UL ABDIN\AppData\Local\Coursier\cache\v1\https\repo1.maven.org\maven2\org\ow2\asm\asm\9.5\asm-9.5.jar;C:\Users\ZAIN UL ABDIN\AppData\Local\Coursier\cache\v1\https\repo1.maven.org\maven2\io\github\alexarchambault\scala-cli\java-class-name_3\0.1.0\java-class-name_3-0.1.0.jar;C:\Users\ZAIN UL ABDIN\AppData\Local\Coursier\cache\v1\https\repo1.maven.org\maven2\org\scalameta\trees_2.13\4.8.7\trees_2.13-4.8.7.jar;C:\Users\ZAIN UL ABDIN\AppData\Local\Coursier\cache\v1\https\repo1.maven.org\maven2\org\scala-native\test-runner_3\0.4.14\test-runner_3-0.4.14.jar;C:\Users\ZAIN UL ABDIN\AppData\Local\Coursier\cache\v1\https\repo1.maven.org\maven2\com\lihaoyi\os-lib_3\0.9.1\os-lib_3-0.9.1.jar;C:\Users\ZAIN UL ABDIN\AppData\Local\Coursier\cache\v1\https\repo1.maven.org\maven2\com\lihaoyi\pprint_3\0.8.1\pprint_3-0.8.1.jar;C:\Users\ZAIN UL ABDIN\AppData\Local\Coursier\cache\v1\https\repo1.maven.org\maven2\org\scala-js\scalajs-env-nodejs_2.13\1.4.0\scalajs-env-nodejs_2.13-1.4.0.jar;C:\Users\ZAIN UL ABDIN\AppData\Local\Coursier\cache\v1\https\repo1.maven.org\maven2\org\scala-js\scalajs-sbt-test-adapter_2.13\1.13.2\scalajs-sbt-test-adapter_2.13-1.13.2.jar;C:\Users\ZAIN UL ABDIN\AppData\Local\Coursier\cache\v1\https\repo1.maven.org\maven2\com\swoval\file-tree-views\2.1.10\file-tree-views-2.1.10.jar;C:\Users\ZAIN UL ABDIN\AppData\Local\Coursier\cache\v1\https\repo1.maven.org\maven2\org\virtuslab\scala-cli\options_3\1.0.4\options_3-1.0.4.jar;C:\Users\ZAIN UL ABDIN\AppData\Local\Coursier\cache\v1\https\repo1.maven.org\maven2\org\virtuslab\scala-cli\directives_3\1.0.4\directives_3-1.0.4.jar;C:\Users\ZAIN UL ABDIN\AppData\Local\Coursier\cache\v1\https\repo1.maven.org\maven2\org\virtuslab\scala-cli\scala-cli-bsp\1.0.4\scala-cli-bsp-1.0.4.jar;C:\Users\ZAIN UL ABDIN\AppData\Local\Coursier\cache\v1\https\repo1.maven.org\maven2\org\virtuslab\scala-cli\test-runner_2.13\1.0.4\test-runner_2.13-1.0.4.jar;C:\Users\ZAIN UL ABDIN\AppData\Local\Coursier\cache\v1\https\repo1.maven.org\maven2\org\virtuslab\scala-cli\tasty-lib_3\1.0.4\tasty-lib_3-1.0.4.jar;C:\Users\ZAIN UL ABDIN\AppData\Local\Coursier\cache\v1\https\repo1.maven.org\maven2\org\codehaus\plexus\plexus-archiver\4.7.1\plexus-archiver-4.7.1.jar;C:\Users\ZAIN UL ABDIN\AppData\Local\Coursier\cache\v1\https\repo1.maven.org\maven2\org\codehaus\plexus\plexus-container-default\2.1.1\plexus-container-default-2.1.1.jar;C:\Users\ZAIN UL ABDIN\AppData\Local\Coursier\cache\v1\https\repo1.maven.org\maven2\io\github\alexarchambault\windows-ansi\windows-ansi\0.0.5\windows-ansi-0.0.5.jar;C:\Users\ZAIN UL ABDIN\AppData\Local\Coursier\cache\v1\https\repo1.maven.org\maven2\io\get-coursier\coursier-util_2.13\2.1.5\coursier-util_2.13-2.1.5.jar;C:\Users\ZAIN UL ABDIN\AppData\Local\Coursier\cache\v1\https\repo1.maven.org\maven2\io\github\alexarchambault\concurrent-reference-hash-map\1.1.0\concurrent-reference-hash-map-1.1.0.jar;C:\Users\ZAIN UL ABDIN\AppData\Local\Coursier\cache\v1\https\repo1.maven.org\maven2\org\scala-lang\modules\scala-xml_2.13\2.1.0\scala-xml_2.13-2.1.0.jar;C:\Users\ZAIN UL ABDIN\AppData\Local\Coursier\cache\v1\https\repo1.maven.org\maven2\com\google\guava\failureaccess\1.0.1\failureaccess-1.0.1.jar;C:\Users\ZAIN UL ABDIN\AppData\Local\Coursier\cache\v1\https\repo1.maven.org\maven2\com\google\guava\listenablefuture\9999.0-empty-to-avoid-conflict-with-guava\listenablefuture-9999.0-empty-to-avoid-conflict-with-guava.jar;C:\Users\ZAIN UL ABDIN\AppData\Local\Coursier\cache\v1\https\repo1.maven.org\maven2\com\google\code\findbugs\jsr305\3.0.2\jsr305-3.0.2.jar;C:\Users\ZAIN UL ABDIN\AppData\Local\Coursier\cache\v1\https\repo1.maven.org\maven2\org\checkerframework\checker-qual\3.33.0\checker-qual-3.33.0.jar;C:\Users\ZAIN UL ABDIN\AppData\Local\Coursier\cache\v1\https\repo1.maven.org\maven2\com\google\errorprone\error_prone_annotations\2.18.0\error_prone_annotations-2.18.0.jar;C:\Users\ZAIN UL ABDIN\AppData\Local\Coursier\cache\v1\https\repo1.maven.org\maven2\com\google\j2objc\j2objc-annotations\2.8\j2objc-annotations-2.8.jar;C:\Users\ZAIN UL ABDIN\AppData\Local\Coursier\cache\v1\https\repo1.maven.org\maven2\com\geirsson\metaconfig-pprint_3\0.11.1\metaconfig-pprint_3-0.11.1.jar;C:\Users\ZAIN UL ABDIN\AppData\Local\Coursier\cache\v1\https\repo1.maven.org\maven2\org\typelevel\paiges-core_3\0.4.2\paiges-core_3-0.4.2.jar;C:\Users\ZAIN UL ABDIN\AppData\Local\Coursier\cache\v1\https\repo1.maven.org\maven2\org\scala-lang\scala-reflect\2.13.8\scala-reflect-2.13.8.jar;C:\Users\ZAIN UL ABDIN\AppData\Local\Coursier\cache\v1\https\repo1.maven.org\maven2\com\google\cloud\tools\jib-build-plan\0.4.0\jib-build-plan-0.4.0.jar;C:\Users\ZAIN UL ABDIN\AppData\Local\Coursier\cache\v1\https\repo1.maven.org\maven2\com\google\http-client\google-http-client\1.34.0\google-http-client-1.34.0.jar;C:\Users\ZAIN UL ABDIN\AppData\Local\Coursier\cache\v1\https\repo1.maven.org\maven2\com\google\http-client\google-http-client-apache-v2\1.34.0\google-http-client-apache-v2-1.34.0.jar;C:\Users\ZAIN UL ABDIN\AppData\Local\Coursier\cache\v1\https\repo1.maven.org\maven2\com\google\auth\google-auth-library-oauth2-http\0.18.0\google-auth-library-oauth2-http-0.18.0.jar;C:\Users\ZAIN UL ABDIN\AppData\Local\Coursier\cache\v1\https\repo1.maven.org\maven2\org\apache\commons\commons-compress\1.23.0\commons-compress-1.23.0.jar;C:\Users\ZAIN UL ABDIN\AppData\Local\Coursier\cache\v1\https\repo1.maven.org\maven2\com\fasterxml\jackson\core\jackson-databind\2.13.3\jackson-databind-2.13.3.jar;C:\Users\ZAIN UL ABDIN\AppData\Local\Coursier\cache\v1\https\repo1.maven.org\maven2\com\fasterxml\jackson\datatype\jackson-datatype-jsr310\2.13.3\jackson-datatype-jsr310-2.13.3.jar;C:\Users\ZAIN UL ABDIN\AppData\Local\Coursier\cache\v1\https\repo1.maven.org\maven2\com\lihaoyi\geny_2.13\0.7.1\geny_2.13-0.7.1.jar;C:\Users\ZAIN UL ABDIN\AppData\Local\Coursier\cache\v1\https\repo1.maven.org\maven2\org\bouncycastle\bcprov-jdk18on\1.73\bcprov-jdk18on-1.73.jar;C:\Users\ZAIN UL ABDIN\AppData\Local\Coursier\cache\v1\https\repo1.maven.org\maven2\org\scala-lang\scala3-compiler_3\3.1.2\scala3-compiler_3-3.1.2.jar;C:\Users\ZAIN UL ABDIN\AppData\Local\Coursier\cache\v1\https\repo1.maven.org\maven2\org\scalameta\common_2.13\4.8.7\common_2.13-4.8.7.jar;C:\Users\ZAIN UL ABDIN\AppData\Local\Coursier\cache\v1\https\repo1.maven.org\maven2\org\scala-native\tools_3\0.4.14\tools_3-0.4.14.jar;C:\Users\ZAIN UL ABDIN\AppData\Local\Coursier\cache\v1\https\repo1.maven.org\maven2\org\scala-sbt\test-interface\1.0\test-interface-1.0.jar;C:\Users\ZAIN UL ABDIN\AppData\Local\Coursier\cache\v1\https\repo1.maven.org\maven2\com\novocode\junit-interface\0.11\junit-interface-0.11.jar;C:\Users\ZAIN UL ABDIN\AppData\Local\Coursier\cache\v1\https\repo1.maven.org\maven2\junit\junit\4.13.2\junit-4.13.2.jar;C:\Users\ZAIN UL ABDIN\AppData\Local\Coursier\cache\v1\https\repo1.maven.org\maven2\com\lihaoyi\geny_3\1.0.0\geny_3-1.0.0.jar;C:\Users\ZAIN UL ABDIN\AppData\Local\Coursier\cache\v1\https\repo1.maven.org\maven2\com\lihaoyi\fansi_3\0.4.0\fansi_3-0.4.0.jar;C:\Users\ZAIN UL ABDIN\AppData\Local\Coursier\cache\v1\https\repo1.maven.org\maven2\org\scala-js\scalajs-js-envs_2.13\1.4.0\scalajs-js-envs_2.13-1.4.0.jar;C:\Users\ZAIN UL ABDIN\AppData\Local\Coursier\cache\v1\https\repo1.maven.org\maven2\ch\epfl\scala\bloop-config_2.13\1.5.5\bloop-config_2.13-1.5.5.jar;C:\Users\ZAIN UL ABDIN\AppData\Local\Coursier\cache\v1\https\repo1.maven.org\maven2\org\virtuslab\scala-cli\core_3\1.0.4\core_3-1.0.4.jar;C:\Users\ZAIN UL ABDIN\AppData\Local\Coursier\cache\v1\https\repo1.maven.org\maven2\org\virtuslab\using_directives\1.1.0\using_directives-1.1.0.jar;C:\Users\ZAIN UL ABDIN\AppData\Local\Coursier\cache\v1\https\repo1.maven.org\maven2\org\virtuslab\scala-cli\build-macros_3\1.0.4\build-macros_3-1.0.4.jar;C:\Users\ZAIN UL ABDIN\AppData\Local\Coursier\cache\v1\https\repo1.maven.org\maven2\ch\epfl\scala\bsp4j\2.1.0-M5\bsp4j-2.1.0-M5.jar;C:\Users\ZAIN UL ABDIN\AppData\Local\Coursier\cache\v1\https\repo1.maven.org\maven2\javax\inject\javax.inject\1\javax.inject-1.jar;C:\Users\ZAIN UL ABDIN\AppData\Local\Coursier\cache\v1\https\repo1.maven.org\maven2\org\codehaus\plexus\plexus-utils\3.5.1\plexus-utils-3.5.1.jar;C:\Users\ZAIN UL ABDIN\AppData\Local\Coursier\cache\v1\https\repo1.maven.org\maven2\org\codehaus\plexus\plexus-io\3.4.1\plexus-io-3.4.1.jar;C:\Users\ZAIN UL ABDIN\AppData\Local\Coursier\cache\v1\https\repo1.maven.org\maven2\org\iq80\snappy\snappy\0.4\snappy-0.4.jar;C:\Users\ZAIN UL ABDIN\AppData\Local\Coursier\cache\v1\https\repo1.maven.org\maven2\org\tukaani\xz\1.9\xz-1.9.jar;C:\Users\ZAIN UL ABDIN\AppData\Local\Coursier\cache\v1\https\repo1.maven.org\maven2\com\github\luben\zstd-jni\1.5.5-2\zstd-jni-1.5.5-2.jar;C:\Users\ZAIN UL ABDIN\AppData\Local\Coursier\cache\v1\https\repo1.maven.org\maven2\org\codehaus\plexus\plexus-classworlds\2.6.0\plexus-classworlds-2.6.0.jar;C:\Users\ZAIN UL ABDIN\AppData\Local\Coursier\cache\v1\https\repo1.maven.org\maven2\org\apache\xbean\xbean-reflect\3.7\xbean-reflect-3.7.jar;C:\Users\ZAIN UL ABDIN\AppData\Local\Coursier\cache\v1\https\repo1.maven.org\maven2\org\fusesource\jansi\jansi\1.18\jansi-1.18.jar;C:\Users\ZAIN UL ABDIN\AppData\Local\Coursier\cache\v1\https\repo1.maven.org\maven2\org\apache\httpcomponents\httpclient\4.5.10\httpclient-4.5.10.jar;C:\Users\ZAIN UL ABDIN\AppData\Local\Coursier\cache\v1\https\repo1.maven.org\maven2\org\apache\httpcomponents\httpcore\4.4.12\httpcore-4.4.12.jar;C:\Users\ZAIN UL ABDIN\AppData\Local\Coursier\cache\v1\https\repo1.maven.org\maven2\io\opencensus\opencensus-api\0.24.0\opencensus-api-0.24.0.jar;C:\Users\ZAIN UL ABDIN\AppData\Local\Coursier\cache\v1\https\repo1.maven.org\maven2\io\opencensus\opencensus-contrib-http-util\0.24.0\opencensus-contrib-http-util-0.24.0.jar;C:\Users\ZAIN UL ABDIN\AppData\Local\Coursier\cache\v1\https\repo1.maven.org\maven2\com\google\auto\value\auto-value-annotations\1.6.6\auto-value-annotations-1.6.6.jar;C:\Users\ZAIN UL ABDIN\AppData\Local\Coursier\cache\v1\https\repo1.maven.org\maven2\com\google\auth\google-auth-library-credentials\0.18.0\google-auth-library-credentials-0.18.0.jar;C:\Users\ZAIN UL ABDIN\AppData\Local\Coursier\cache\v1\https\repo1.maven.org\maven2\com\google\http-client\google-http-client-jackson2\1.32.1\google-http-client-jackson2-1.32.1.jar;C:\Users\ZAIN UL ABDIN\AppData\Local\Coursier\cache\v1\https\repo1.maven.org\maven2\com\fasterxml\jackson\core\jackson-annotations\2.13.3\jackson-annotations-2.13.3.jar;C:\Users\ZAIN UL ABDIN\AppData\Local\Coursier\cache\v1\https\repo1.maven.org\maven2\com\fasterxml\jackson\core\jackson-core\2.13.3\jackson-core-2.13.3.jar;C:\Users\ZAIN UL ABDIN\AppData\Local\Coursier\cache\v1\https\repo1.maven.org\maven2\org\scala-lang\scala3-interfaces\3.1.2\scala3-interfaces-3.1.2.jar;C:\Users\ZAIN UL ABDIN\AppData\Local\Coursier\cache\v1\https\repo1.maven.org\maven2\org\scala-lang\tasty-core_3\3.1.2\tasty-core_3-3.1.2.jar;C:\Users\ZAIN UL ABDIN\AppData\Local\Coursier\cache\v1\https\repo1.maven.org\maven2\org\scala-lang\modules\scala-asm\9.1.0-scala-1\scala-asm-9.1.0-scala-1.jar;C:\Users\ZAIN UL ABDIN\AppData\Local\Coursier\cache\v1\https\repo1.maven.org\maven2\org\scala-sbt\compiler-interface\1.3.5\compiler-interface-1.3.5.jar;C:\Users\ZAIN UL ABDIN\AppData\Local\Coursier\cache\v1\https\repo1.maven.org\maven2\org\jline\jline-reader\3.19.0\jline-reader-3.19.0.jar;C:\Users\ZAIN UL ABDIN\AppData\Local\Coursier\cache\v1\https\repo1.maven.org\maven2\org\jline\jline-terminal\3.19.0\jline-terminal-3.19.0.jar;C:\Users\ZAIN UL ABDIN\AppData\Local\Coursier\cache\v1\https\repo1.maven.org\maven2\org\jline\jline-terminal-jna\3.19.0\jline-terminal-jna-3.19.0.jar;C:\Users\ZAIN UL ABDIN\AppData\Local\Coursier\cache\v1\https\repo1.maven.org\maven2\com\lihaoyi\sourcecode_2.13\0.3.0\sourcecode_2.13-0.3.0.jar;C:\Users\ZAIN UL ABDIN\AppData\Local\Coursier\cache\v1\https\repo1.maven.org\maven2\com\thesamet\scalapb\scalapb-runtime_2.13\0.11.13\scalapb-runtime_2.13-0.11.13.jar;C:\Users\ZAIN UL ABDIN\AppData\Local\Coursier\cache\v1\https\repo1.maven.org\maven2\org\scala-native\nir_3\0.4.14\nir_3-0.4.14.jar;C:\Users\ZAIN UL ABDIN\AppData\Local\Coursier\cache\v1\https\repo1.maven.org\maven2\org\scala-native\util_3\0.4.14\util_3-0.4.14.jar;C:\Users\ZAIN UL ABDIN\AppData\Local\Coursier\cache\v1\https\repo1.maven.org\maven2\org\scala-lang\modules\scala-parallel-collections_3\1.0.3\scala-parallel-collections_3-1.0.3.jar;C:\Users\ZAIN UL ABDIN\AppData\Local\Coursier\cache\v1\https\repo1.maven.org\maven2\org\hamcrest\hamcrest-core\1.3\hamcrest-core-1.3.jar;C:\Users\ZAIN UL ABDIN\AppData\Local\Coursier\cache\v1\https\repo1.maven.org\maven2\org\scala-js\scalajs-logging_2.13\1.1.1\scalajs-logging_2.13-1.1.1.jar;C:\Users\ZAIN UL ABDIN\AppData\Local\Coursier\cache\v1\https\repo1.maven.org\maven2\io\github\alexarchambault\bleep\bloop-rifle_2.13\1.5.9-sc-1\bloop-rifle_2.13-1.5.9-sc-1.jar;C:\Users\ZAIN UL ABDIN\AppData\Local\Coursier\cache\v1\https\repo1.maven.org\maven2\io\get-coursier\coursier-jvm_2.13\2.1.5\coursier-jvm_2.13-2.1.5.jar;C:\Users\ZAIN UL ABDIN\AppData\Local\Coursier\cache\v1\https\repo1.maven.org\maven2\io\get-coursier\dependency_3\0.2.3\dependency_3-0.2.3.jar;C:\Users\ZAIN UL ABDIN\AppData\Local\Coursier\cache\v1\https\repo1.maven.org\maven2\org\eclipse\jgit\org.eclipse.jgit\6.6.0.202305301015-r\org.eclipse.jgit-6.6.0.202305301015-r.jar;C:\Users\ZAIN UL ABDIN\AppData\Local\Coursier\cache\v1\https\repo1.maven.org\maven2\org\scala-js\scalajs-env-jsdom-nodejs_2.13\1.1.0\scalajs-env-jsdom-nodejs_2.13-1.1.0.jar;C:\Users\ZAIN UL ABDIN\AppData\Local\Coursier\cache\v1\https\repo1.maven.org\maven2\org\eclipse\lsp4j\org.eclipse.lsp4j.generator\0.20.1\org.eclipse.lsp4j.generator-0.20.1.jar;C:\Users\ZAIN UL ABDIN\AppData\Local\Coursier\cache\v1\https\repo1.maven.org\maven2\org\eclipse\lsp4j\org.eclipse.lsp4j.jsonrpc\0.20.1\org.eclipse.lsp4j.jsonrpc-0.20.1.jar;C:\Users\ZAIN UL ABDIN\AppData\Local\Coursier\cache\v1\https\repo1.maven.org\maven2\commons-logging\commons-logging\1.2\commons-logging-1.2.jar;C:\Users\ZAIN UL ABDIN\AppData\Local\Coursier\cache\v1\https\repo1.maven.org\maven2\commons-codec\commons-codec\1.11\commons-codec-1.11.jar;C:\Users\ZAIN UL ABDIN\AppData\Local\Coursier\cache\v1\https\repo1.maven.org\maven2\io\grpc\grpc-context\1.22.1\grpc-context-1.22.1.jar;C:\Users\ZAIN UL ABDIN\AppData\Local\Coursier\cache\v1\https\repo1.maven.org\maven2\com\google\protobuf\protobuf-java\3.19.6\protobuf-java-3.19.6.jar;C:\Users\ZAIN UL ABDIN\AppData\Local\Coursier\cache\v1\https\repo1.maven.org\maven2\org\scala-sbt\util-interface\1.3.0\util-interface-1.3.0.jar;C:\Users\ZAIN UL ABDIN\AppData\Local\Coursier\cache\v1\https\repo1.maven.org\maven2\com\thesamet\scalapb\lenses_2.13\0.11.13\lenses_2.13-0.11.13.jar;C:\Users\ZAIN UL ABDIN\AppData\Local\Coursier\cache\v1\https\repo1.maven.org\maven2\io\github\alexarchambault\libdaemon\libdaemon_2.13\0.0.11\libdaemon_2.13-0.0.11.jar;C:\Users\ZAIN UL ABDIN\AppData\Local\Coursier\cache\v1\https\repo1.maven.org\maven2\io\github\alexarchambault\scala-cli\snailgun\snailgun-core_2.13\0.4.1-sc2\snailgun-core_2.13-0.4.1-sc2.jar;C:\Users\ZAIN UL ABDIN\AppData\Local\Coursier\cache\v1\https\repo1.maven.org\maven2\com\github\alexarchambault\argonaut-shapeless_6.3_2.13\1.3.1\argonaut-shapeless_6.3_2.13-1.3.1.jar;C:\Users\ZAIN UL ABDIN\AppData\Local\Coursier\cache\v1\https\repo1.maven.org\maven2\io\get-coursier\coursier_2.13\2.1.5\coursier_2.13-2.1.5.jar;C:\Users\ZAIN UL ABDIN\AppData\Local\Coursier\cache\v1\https\repo1.maven.org\maven2\io\get-coursier\coursier-env_2.13\2.1.5\coursier-env_2.13-2.1.5.jar;C:\Users\ZAIN UL ABDIN\AppData\Local\Coursier\cache\v1\https\repo1.maven.org\maven2\com\googlecode\javaewah\JavaEWAH\1.2.3\JavaEWAH-1.2.3.jar;C:\Users\ZAIN UL ABDIN\AppData\Local\Coursier\cache\v1\https\repo1.maven.org\maven2\org\eclipse\xtend\org.eclipse.xtend.lib\2.28.0\org.eclipse.xtend.lib-2.28.0.jar;C:\Users\ZAIN UL ABDIN\AppData\Local\Coursier\cache\v1\https\repo1.maven.org\maven2\com\google\code\gson\gson\2.10.1\gson-2.10.1.jar;C:\Users\ZAIN UL ABDIN\AppData\Local\Coursier\cache\v1\https\repo1.maven.org\maven2\io\argonaut\argonaut_2.13\6.3.8\argonaut_2.13-6.3.8.jar;C:\Users\ZAIN UL ABDIN\AppData\Local\Coursier\cache\v1\https\repo1.maven.org\maven2\com\chuusai\shapeless_2.13\2.3.9\shapeless_2.13-2.3.9.jar;C:\Users\ZAIN UL ABDIN\AppData\Local\Coursier\cache\v1\https\repo1.maven.org\maven2\org\eclipse\xtext\org.eclipse.xtext.xbase.lib\2.28.0\org.eclipse.xtext.xbase.lib-2.28.0.jar;C:\Users\ZAIN UL ABDIN\AppData\Local\Coursier\cache\v1\https\repo1.maven.org\maven2\org\eclipse\xtend\org.eclipse.xtend.lib.macro\2.28.0\org.eclipse.xtend.lib.macro-2.28.0.jar, scala.cli.ScalaCli, bsp, C:\Users\ZAIN UL ABDIN\Documents\scala_learnings\first_class)
2023.09.08 20:17:58 INFO  tracing is disabled for protocol BSP, to enable tracing of incoming and outgoing JSON messages create an empty file at C:\Users\ZAIN UL ABDIN\Documents\scala_learnings\first_class\.metals\bsp.trace.json or C:\Users\ZAIN UL ABDIN\AppData\Local\scalameta\metals\cache\bsp.trace.json
2023.09.08 20:18:04 INFO  BSP server: Starting compilation server
2023.09.08 20:18:18 ERROR Timeout waiting for 'build/initialize' response
2023.09.08 20:18:18 WARN  Retrying connection to the build server scala-cli
2023.09.08 20:18:18 INFO  Running BSP server List(C:\Users\ZAIN UL ABDIN\AppData\Local\Programs\Eclipse Adoptium\jdk-17.0.8.7-hotspot\bin\java.exe, -cp, C:\Users\ZAIN UL ABDIN\AppData\Local\Coursier\cache\v1\https\repo1.maven.org\maven2\org\virtuslab\scala-cli\cli_3\1.0.4\cli_3-1.0.4.jar;C:\Users\ZAIN UL ABDIN\AppData\Local\Coursier\cache\v1\https\repo1.maven.org\maven2\com\github\alexarchambault\case-app_3\2.1.0-M25\case-app_3-2.1.0-M25.jar;C:\Users\ZAIN UL ABDIN\AppData\Local\Coursier\cache\v1\https\repo1.maven.org\maven2\io\get-coursier\coursier-launcher_2.13\2.1.5\coursier-launcher_2.13-2.1.5.jar;C:\Users\ZAIN UL ABDIN\AppData\Local\Coursier\cache\v1\https\repo1.maven.org\maven2\io\get-coursier\coursier-proxy-setup\2.1.5\coursier-proxy-setup-2.1.5.jar;C:\Users\ZAIN UL ABDIN\AppData\Local\Coursier\cache\v1\https\repo1.maven.org\maven2\io\get-coursier\publish\publish_2.13\0.1.4\publish_2.13-0.1.4.jar;C:\Users\ZAIN UL ABDIN\AppData\Local\Coursier\cache\v1\https\repo1.maven.org\maven2\com\google\jimfs\jimfs\1.3.0\jimfs-1.3.0.jar;C:\Users\ZAIN UL ABDIN\AppData\Local\Coursier\cache\v1\https\repo1.maven.org\maven2\io\get-coursier\jniutils\windows-jni-utils\0.3.3\windows-jni-utils-0.3.3.jar;C:\Users\ZAIN UL ABDIN\AppData\Local\Coursier\cache\v1\https\repo1.maven.org\maven2\com\github\plokhotnyuk\jsoniter-scala\jsoniter-scala-core_3\2.13.5.2\jsoniter-scala-core_3-2.13.5.2.jar;C:\Users\ZAIN UL ABDIN\AppData\Local\Coursier\cache\v1\https\repo1.maven.org\maven2\org\virtuslab\scala-cli\libsodiumjni\0.0.3\libsodiumjni-0.0.3.jar;C:\Users\ZAIN UL ABDIN\AppData\Local\Coursier\cache\v1\https\repo1.maven.org\maven2\com\geirsson\metaconfig-typesafe-config_3\0.11.1\metaconfig-typesafe-config_3-0.11.1.jar;C:\Users\ZAIN UL ABDIN\AppData\Local\Coursier\cache\v1\https\repo1.maven.org\maven2\ai\kien\python-native-libs_3\0.2.4\python-native-libs_3-0.2.4.jar;C:\Users\ZAIN UL ABDIN\AppData\Local\Coursier\cache\v1\https\repo1.maven.org\maven2\org\virtuslab\scala-packager_2.13\0.1.29\scala-packager_2.13-0.1.29.jar;C:\Users\ZAIN UL ABDIN\AppData\Local\Coursier\cache\v1\https\repo1.maven.org\maven2\org\virtuslab\scala-cli-signing\cli_3\0.2.2\cli_3-0.2.2.jar;C:\Users\ZAIN UL ABDIN\AppData\Local\Coursier\cache\v1\https\repo1.maven.org\maven2\org\slf4j\slf4j-nop\2.0.7\slf4j-nop-2.0.7.jar;C:\Users\ZAIN UL ABDIN\AppData\Local\Coursier\cache\v1\https\repo1.maven.org\maven2\com\softwaremill\sttp\client3\core_2.13\3.8.16\core_2.13-3.8.16.jar;C:\Users\ZAIN UL ABDIN\AppData\Local\Coursier\cache\v1\https\repo1.maven.org\maven2\org\scala-lang\scala3-library_3\3.3.0\scala3-library_3-3.3.0.jar;C:\Users\ZAIN UL ABDIN\AppData\Local\Coursier\cache\v1\https\repo1.maven.org\maven2\org\virtuslab\scala-cli\build-module_3\1.0.4\build-module_3-1.0.4.jar;C:\Users\ZAIN UL ABDIN\AppData\Local\Coursier\cache\v1\https\repo1.maven.org\maven2\org\virtuslab\scala-cli\config_3\1.0.4\config_3-1.0.4.jar;C:\Users\ZAIN UL ABDIN\AppData\Local\Coursier\cache\v1\https\repo1.maven.org\maven2\org\virtuslab\scala-cli\scala3-graal_3\1.0.4\scala3-graal_3-1.0.4.jar;C:\Users\ZAIN UL ABDIN\AppData\Local\Coursier\cache\v1\https\repo1.maven.org\maven2\org\virtuslab\scala-cli\specification-level_3\1.0.4\specification-level_3-1.0.4.jar;C:\Users\ZAIN UL ABDIN\AppData\Local\Coursier\cache\v1\https\repo1.maven.org\maven2\com\github\alexarchambault\case-app-annotations_3\2.1.0-M25\case-app-annotations_3-2.1.0-M25.jar;C:\Users\ZAIN UL ABDIN\AppData\Local\Coursier\cache\v1\https\repo1.maven.org\maven2\com\github\alexarchambault\case-app-util_3\2.1.0-M25\case-app-util_3-2.1.0-M25.jar;C:\Users\ZAIN UL ABDIN\AppData\Local\Coursier\cache\v1\https\repo1.maven.org\maven2\com\lihaoyi\sourcecode_3\0.3.0\sourcecode_3-0.3.0.jar;C:\Users\ZAIN UL ABDIN\AppData\Local\Coursier\cache\v1\https\repo1.maven.org\maven2\org\scala-lang\modules\scala-collection-compat_2.13\2.11.0\scala-collection-compat_2.13-2.11.0.jar;C:\Users\ZAIN UL ABDIN\AppData\Local\Coursier\cache\v1\https\repo1.maven.org\maven2\io\github\alexarchambault\scala-cli\tmp\zip-input-stream\0.1.1\zip-input-stream-0.1.1.jar;C:\Users\ZAIN UL ABDIN\AppData\Local\Coursier\cache\v1\https\repo1.maven.org\maven2\ai\kien\python-native-libs_2.13\0.2.4\python-native-libs_2.13-0.2.4.jar;C:\Users\ZAIN UL ABDIN\AppData\Local\Coursier\cache\v1\https\repo1.maven.org\maven2\org\scala-lang\scala-library\2.13.11\scala-library-2.13.11.jar;C:\Users\ZAIN UL ABDIN\AppData\Local\Coursier\cache\v1\https\repo1.maven.org\maven2\io\get-coursier\coursier-cache_2.13\2.1.5\coursier-cache_2.13-2.1.5.jar;C:\Users\ZAIN UL ABDIN\AppData\Local\Coursier\cache\v1\https\repo1.maven.org\maven2\io\get-coursier\coursier-core_2.13\2.1.5\coursier-core_2.13-2.1.5.jar;C:\Users\ZAIN UL ABDIN\AppData\Local\Coursier\cache\v1\https\repo1.maven.org\maven2\com\github\plokhotnyuk\jsoniter-scala\jsoniter-scala-core_2.13\2.13.15\jsoniter-scala-core_2.13-2.13.15.jar;C:\Users\ZAIN UL ABDIN\AppData\Local\Coursier\cache\v1\https\repo1.maven.org\maven2\com\google\guava\guava\32.1.2-jre\guava-32.1.2-jre.jar;C:\Users\ZAIN UL ABDIN\AppData\Local\Coursier\cache\v1\https\repo1.maven.org\maven2\net\java\dev\jna\jna\5.12.1\jna-5.12.1.jar;C:\Users\ZAIN UL ABDIN\AppData\Local\Coursier\cache\v1\https\repo1.maven.org\maven2\net\java\dev\jna\jna-platform\5.12.1\jna-platform-5.12.1.jar;C:\Users\ZAIN UL ABDIN\AppData\Local\Coursier\cache\v1\https\repo1.maven.org\maven2\com\geirsson\metaconfig-core_3\0.11.1\metaconfig-core_3-0.11.1.jar;C:\Users\ZAIN UL ABDIN\AppData\Local\Coursier\cache\v1\https\repo1.maven.org\maven2\com\typesafe\config\1.4.1\config-1.4.1.jar;C:\Users\ZAIN UL ABDIN\AppData\Local\Coursier\cache\v1\https\repo1.maven.org\maven2\org\scala-lang\modules\scala-collection-compat_3\2.11.0\scala-collection-compat_3-2.11.0.jar;C:\Users\ZAIN UL ABDIN\AppData\Local\Coursier\cache\v1\https\repo1.maven.org\maven2\commons-io\commons-io\2.11.0\commons-io-2.11.0.jar;C:\Users\ZAIN UL ABDIN\AppData\Local\Coursier\cache\v1\https\repo1.maven.org\maven2\com\google\cloud\tools\jib-core\0.22.0\jib-core-0.22.0.jar;C:\Users\ZAIN UL ABDIN\AppData\Local\Coursier\cache\v1\https\repo1.maven.org\maven2\com\lihaoyi\os-lib_2.13\0.8.1\os-lib_2.13-0.8.1.jar;C:\Users\ZAIN UL ABDIN\AppData\Local\Coursier\cache\v1\https\repo1.maven.org\maven2\org\bouncycastle\bcpg-jdk18on\1.73\bcpg-jdk18on-1.73.jar;C:\Users\ZAIN UL ABDIN\AppData\Local\Coursier\cache\v1\https\repo1.maven.org\maven2\org\virtuslab\scala-cli-signing\shared_3\0.2.2\shared_3-0.2.2.jar;C:\Users\ZAIN UL ABDIN\AppData\Local\Coursier\cache\v1\https\repo1.maven.org\maven2\org\slf4j\slf4j-api\2.0.7\slf4j-api-2.0.7.jar;C:\Users\ZAIN UL ABDIN\AppData\Local\Coursier\cache\v1\https\repo1.maven.org\maven2\com\softwaremill\sttp\model\core_2.13\1.5.5\core_2.13-1.5.5.jar;C:\Users\ZAIN UL ABDIN\AppData\Local\Coursier\cache\v1\https\repo1.maven.org\maven2\com\softwaremill\sttp\shared\core_2.13\1.3.13\core_2.13-1.3.13.jar;C:\Users\ZAIN UL ABDIN\AppData\Local\Coursier\cache\v1\https\repo1.maven.org\maven2\com\softwaremill\sttp\shared\ws_2.13\1.3.13\ws_2.13-1.3.13.jar;C:\Users\ZAIN UL ABDIN\AppData\Local\Coursier\cache\v1\https\repo1.maven.org\maven2\org\ow2\asm\asm\9.5\asm-9.5.jar;C:\Users\ZAIN UL ABDIN\AppData\Local\Coursier\cache\v1\https\repo1.maven.org\maven2\io\github\alexarchambault\scala-cli\java-class-name_3\0.1.0\java-class-name_3-0.1.0.jar;C:\Users\ZAIN UL ABDIN\AppData\Local\Coursier\cache\v1\https\repo1.maven.org\maven2\org\scalameta\trees_2.13\4.8.7\trees_2.13-4.8.7.jar;C:\Users\ZAIN UL ABDIN\AppData\Local\Coursier\cache\v1\https\repo1.maven.org\maven2\org\scala-native\test-runner_3\0.4.14\test-runner_3-0.4.14.jar;C:\Users\ZAIN UL ABDIN\AppData\Local\Coursier\cache\v1\https\repo1.maven.org\maven2\com\lihaoyi\os-lib_3\0.9.1\os-lib_3-0.9.1.jar;C:\Users\ZAIN UL ABDIN\AppData\Local\Coursier\cache\v1\https\repo1.maven.org\maven2\com\lihaoyi\pprint_3\0.8.1\pprint_3-0.8.1.jar;C:\Users\ZAIN UL ABDIN\AppData\Local\Coursier\cache\v1\https\repo1.maven.org\maven2\org\scala-js\scalajs-env-nodejs_2.13\1.4.0\scalajs-env-nodejs_2.13-1.4.0.jar;C:\Users\ZAIN UL ABDIN\AppData\Local\Coursier\cache\v1\https\repo1.maven.org\maven2\org\scala-js\scalajs-sbt-test-adapter_2.13\1.13.2\scalajs-sbt-test-adapter_2.13-1.13.2.jar;C:\Users\ZAIN UL ABDIN\AppData\Local\Coursier\cache\v1\https\repo1.maven.org\maven2\com\swoval\file-tree-views\2.1.10\file-tree-views-2.1.10.jar;C:\Users\ZAIN UL ABDIN\AppData\Local\Coursier\cache\v1\https\repo1.maven.org\maven2\org\virtuslab\scala-cli\options_3\1.0.4\options_3-1.0.4.jar;C:\Users\ZAIN UL ABDIN\AppData\Local\Coursier\cache\v1\https\repo1.maven.org\maven2\org\virtuslab\scala-cli\directives_3\1.0.4\directives_3-1.0.4.jar;C:\Users\ZAIN UL ABDIN\AppData\Local\Coursier\cache\v1\https\repo1.maven.org\maven2\org\virtuslab\scala-cli\scala-cli-bsp\1.0.4\scala-cli-bsp-1.0.4.jar;C:\Users\ZAIN UL ABDIN\AppData\Local\Coursier\cache\v1\https\repo1.maven.org\maven2\org\virtuslab\scala-cli\test-runner_2.13\1.0.4\test-runner_2.13-1.0.4.jar;C:\Users\ZAIN UL ABDIN\AppData\Local\Coursier\cache\v1\https\repo1.maven.org\maven2\org\virtuslab\scala-cli\tasty-lib_3\1.0.4\tasty-lib_3-1.0.4.jar;C:\Users\ZAIN UL ABDIN\AppData\Local\Coursier\cache\v1\https\repo1.maven.org\maven2\org\codehaus\plexus\plexus-archiver\4.7.1\plexus-archiver-4.7.1.jar;C:\Users\ZAIN UL ABDIN\AppData\Local\Coursier\cache\v1\https\repo1.maven.org\maven2\org\codehaus\plexus\plexus-container-default\2.1.1\plexus-container-default-2.1.1.jar;C:\Users\ZAIN UL ABDIN\AppData\Local\Coursier\cache\v1\https\repo1.maven.org\maven2\io\github\alexarchambault\windows-ansi\windows-ansi\0.0.5\windows-ansi-0.0.5.jar;C:\Users\ZAIN UL ABDIN\AppData\Local\Coursier\cache\v1\https\repo1.maven.org\maven2\io\get-coursier\coursier-util_2.13\2.1.5\coursier-util_2.13-2.1.5.jar;C:\Users\ZAIN UL ABDIN\AppData\Local\Coursier\cache\v1\https\repo1.maven.org\maven2\io\github\alexarchambault\concurrent-reference-hash-map\1.1.0\concurrent-reference-hash-map-1.1.0.jar;C:\Users\ZAIN UL ABDIN\AppData\Local\Coursier\cache\v1\https\repo1.maven.org\maven2\org\scala-lang\modules\scala-xml_2.13\2.1.0\scala-xml_2.13-2.1.0.jar;C:\Users\ZAIN UL ABDIN\AppData\Local\Coursier\cache\v1\https\repo1.maven.org\maven2\com\google\guava\failureaccess\1.0.1\failureaccess-1.0.1.jar;C:\Users\ZAIN UL ABDIN\AppData\Local\Coursier\cache\v1\https\repo1.maven.org\maven2\com\google\guava\listenablefuture\9999.0-empty-to-avoid-conflict-with-guava\listenablefuture-9999.0-empty-to-avoid-conflict-with-guava.jar;C:\Users\ZAIN UL ABDIN\AppData\Local\Coursier\cache\v1\https\repo1.maven.org\maven2\com\google\code\findbugs\jsr305\3.0.2\jsr305-3.0.2.jar;C:\Users\ZAIN UL ABDIN\AppData\Local\Coursier\cache\v1\https\repo1.maven.org\maven2\org\checkerframework\checker-qual\3.33.0\checker-qual-3.33.0.jar;C:\Users\ZAIN UL ABDIN\AppData\Local\Coursier\cache\v1\https\repo1.maven.org\maven2\com\google\errorprone\error_prone_annotations\2.18.0\error_prone_annotations-2.18.0.jar;C:\Users\ZAIN UL ABDIN\AppData\Local\Coursier\cache\v1\https\repo1.maven.org\maven2\com\google\j2objc\j2objc-annotations\2.8\j2objc-annotations-2.8.jar;C:\Users\ZAIN UL ABDIN\AppData\Local\Coursier\cache\v1\https\repo1.maven.org\maven2\com\geirsson\metaconfig-pprint_3\0.11.1\metaconfig-pprint_3-0.11.1.jar;C:\Users\ZAIN UL ABDIN\AppData\Local\Coursier\cache\v1\https\repo1.maven.org\maven2\org\typelevel\paiges-core_3\0.4.2\paiges-core_3-0.4.2.jar;C:\Users\ZAIN UL ABDIN\AppData\Local\Coursier\cache\v1\https\repo1.maven.org\maven2\org\scala-lang\scala-reflect\2.13.8\scala-reflect-2.13.8.jar;C:\Users\ZAIN UL ABDIN\AppData\Local\Coursier\cache\v1\https\repo1.maven.org\maven2\com\google\cloud\tools\jib-build-plan\0.4.0\jib-build-plan-0.4.0.jar;C:\Users\ZAIN UL ABDIN\AppData\Local\Coursier\cache\v1\https\repo1.maven.org\maven2\com\google\http-client\google-http-client\1.34.0\google-http-client-1.34.0.jar;C:\Users\ZAIN UL ABDIN\AppData\Local\Coursier\cache\v1\https\repo1.maven.org\maven2\com\google\http-client\google-http-client-apache-v2\1.34.0\google-http-client-apache-v2-1.34.0.jar;C:\Users\ZAIN UL ABDIN\AppData\Local\Coursier\cache\v1\https\repo1.maven.org\maven2\com\google\auth\google-auth-library-oauth2-http\0.18.0\google-auth-library-oauth2-http-0.18.0.jar;C:\Users\ZAIN UL ABDIN\AppData\Local\Coursier\cache\v1\https\repo1.maven.org\maven2\org\apache\commons\commons-compress\1.23.0\commons-compress-1.23.0.jar;C:\Users\ZAIN UL ABDIN\AppData\Local\Coursier\cache\v1\https\repo1.maven.org\maven2\com\fasterxml\jackson\core\jackson-databind\2.13.3\jackson-databind-2.13.3.jar;C:\Users\ZAIN UL ABDIN\AppData\Local\Coursier\cache\v1\https\repo1.maven.org\maven2\com\fasterxml\jackson\datatype\jackson-datatype-jsr310\2.13.3\jackson-datatype-jsr310-2.13.3.jar;C:\Users\ZAIN UL ABDIN\AppData\Local\Coursier\cache\v1\https\repo1.maven.org\maven2\com\lihaoyi\geny_2.13\0.7.1\geny_2.13-0.7.1.jar;C:\Users\ZAIN UL ABDIN\AppData\Local\Coursier\cache\v1\https\repo1.maven.org\maven2\org\bouncycastle\bcprov-jdk18on\1.73\bcprov-jdk18on-1.73.jar;C:\Users\ZAIN UL ABDIN\AppData\Local\Coursier\cache\v1\https\repo1.maven.org\maven2\org\scala-lang\scala3-compiler_3\3.1.2\scala3-compiler_3-3.1.2.jar;C:\Users\ZAIN UL ABDIN\AppData\Local\Coursier\cache\v1\https\repo1.maven.org\maven2\org\scalameta\common_2.13\4.8.7\common_2.13-4.8.7.jar;C:\Users\ZAIN UL ABDIN\AppData\Local\Coursier\cache\v1\https\repo1.maven.org\maven2\org\scala-native\tools_3\0.4.14\tools_3-0.4.14.jar;C:\Users\ZAIN UL ABDIN\AppData\Local\Coursier\cache\v1\https\repo1.maven.org\maven2\org\scala-sbt\test-interface\1.0\test-interface-1.0.jar;C:\Users\ZAIN UL ABDIN\AppData\Local\Coursier\cache\v1\https\repo1.maven.org\maven2\com\novocode\junit-interface\0.11\junit-interface-0.11.jar;C:\Users\ZAIN UL ABDIN\AppData\Local\Coursier\cache\v1\https\repo1.maven.org\maven2\junit\junit\4.13.2\junit-4.13.2.jar;C:\Users\ZAIN UL ABDIN\AppData\Local\Coursier\cache\v1\https\repo1.maven.org\maven2\com\lihaoyi\geny_3\1.0.0\geny_3-1.0.0.jar;C:\Users\ZAIN UL ABDIN\AppData\Local\Coursier\cache\v1\https\repo1.maven.org\maven2\com\lihaoyi\fansi_3\0.4.0\fansi_3-0.4.0.jar;C:\Users\ZAIN UL ABDIN\AppData\Local\Coursier\cache\v1\https\repo1.maven.org\maven2\org\scala-js\scalajs-js-envs_2.13\1.4.0\scalajs-js-envs_2.13-1.4.0.jar;C:\Users\ZAIN UL ABDIN\AppData\Local\Coursier\cache\v1\https\repo1.maven.org\maven2\ch\epfl\scala\bloop-config_2.13\1.5.5\bloop-config_2.13-1.5.5.jar;C:\Users\ZAIN UL ABDIN\AppData\Local\Coursier\cache\v1\https\repo1.maven.org\maven2\org\virtuslab\scala-cli\core_3\1.0.4\core_3-1.0.4.jar;C:\Users\ZAIN UL ABDIN\AppData\Local\Coursier\cache\v1\https\repo1.maven.org\maven2\org\virtuslab\using_directives\1.1.0\using_directives-1.1.0.jar;C:\Users\ZAIN UL ABDIN\AppData\Local\Coursier\cache\v1\https\repo1.maven.org\maven2\org\virtuslab\scala-cli\build-macros_3\1.0.4\build-macros_3-1.0.4.jar;C:\Users\ZAIN UL ABDIN\AppData\Local\Coursier\cache\v1\https\repo1.maven.org\maven2\ch\epfl\scala\bsp4j\2.1.0-M5\bsp4j-2.1.0-M5.jar;C:\Users\ZAIN UL ABDIN\AppData\Local\Coursier\cache\v1\https\repo1.maven.org\maven2\javax\inject\javax.inject\1\javax.inject-1.jar;C:\Users\ZAIN UL ABDIN\AppData\Local\Coursier\cache\v1\https\repo1.maven.org\maven2\org\codehaus\plexus\plexus-utils\3.5.1\plexus-utils-3.5.1.jar;C:\Users\ZAIN UL ABDIN\AppData\Local\Coursier\cache\v1\https\repo1.maven.org\maven2\org\codehaus\plexus\plexus-io\3.4.1\plexus-io-3.4.1.jar;C:\Users\ZAIN UL ABDIN\AppData\Local\Coursier\cache\v1\https\repo1.maven.org\maven2\org\iq80\snappy\snappy\0.4\snappy-0.4.jar;C:\Users\ZAIN UL ABDIN\AppData\Local\Coursier\cache\v1\https\repo1.maven.org\maven2\org\tukaani\xz\1.9\xz-1.9.jar;C:\Users\ZAIN UL ABDIN\AppData\Local\Coursier\cache\v1\https\repo1.maven.org\maven2\com\github\luben\zstd-jni\1.5.5-2\zstd-jni-1.5.5-2.jar;C:\Users\ZAIN UL ABDIN\AppData\Local\Coursier\cache\v1\https\repo1.maven.org\maven2\org\codehaus\plexus\plexus-classworlds\2.6.0\plexus-classworlds-2.6.0.jar;C:\Users\ZAIN UL ABDIN\AppData\Local\Coursier\cache\v1\https\repo1.maven.org\maven2\org\apache\xbean\xbean-reflect\3.7\xbean-reflect-3.7.jar;C:\Users\ZAIN UL ABDIN\AppData\Local\Coursier\cache\v1\https\repo1.maven.org\maven2\org\fusesource\jansi\jansi\1.18\jansi-1.18.jar;C:\Users\ZAIN UL ABDIN\AppData\Local\Coursier\cache\v1\https\repo1.maven.org\maven2\org\apache\httpcomponents\httpclient\4.5.10\httpclient-4.5.10.jar;C:\Users\ZAIN UL ABDIN\AppData\Local\Coursier\cache\v1\https\repo1.maven.org\maven2\org\apache\httpcomponents\httpcore\4.4.12\httpcore-4.4.12.jar;C:\Users\ZAIN UL ABDIN\AppData\Local\Coursier\cache\v1\https\repo1.maven.org\maven2\io\opencensus\opencensus-api\0.24.0\opencensus-api-0.24.0.jar;C:\Users\ZAIN UL ABDIN\AppData\Local\Coursier\cache\v1\https\repo1.maven.org\maven2\io\opencensus\opencensus-contrib-http-util\0.24.0\opencensus-contrib-http-util-0.24.0.jar;C:\Users\ZAIN UL ABDIN\AppData\Local\Coursier\cache\v1\https\repo1.maven.org\maven2\com\google\auto\value\auto-value-annotations\1.6.6\auto-value-annotations-1.6.6.jar;C:\Users\ZAIN UL ABDIN\AppData\Local\Coursier\cache\v1\https\repo1.maven.org\maven2\com\google\auth\google-auth-library-credentials\0.18.0\google-auth-library-credentials-0.18.0.jar;C:\Users\ZAIN UL ABDIN\AppData\Local\Coursier\cache\v1\https\repo1.maven.org\maven2\com\google\http-client\google-http-client-jackson2\1.32.1\google-http-client-jackson2-1.32.1.jar;C:\Users\ZAIN UL ABDIN\AppData\Local\Coursier\cache\v1\https\repo1.maven.org\maven2\com\fasterxml\jackson\core\jackson-annotations\2.13.3\jackson-annotations-2.13.3.jar;C:\Users\ZAIN UL ABDIN\AppData\Local\Coursier\cache\v1\https\repo1.maven.org\maven2\com\fasterxml\jackson\core\jackson-core\2.13.3\jackson-core-2.13.3.jar;C:\Users\ZAIN UL ABDIN\AppData\Local\Coursier\cache\v1\https\repo1.maven.org\maven2\org\scala-lang\scala3-interfaces\3.1.2\scala3-interfaces-3.1.2.jar;C:\Users\ZAIN UL ABDIN\AppData\Local\Coursier\cache\v1\https\repo1.maven.org\maven2\org\scala-lang\tasty-core_3\3.1.2\tasty-core_3-3.1.2.jar;C:\Users\ZAIN UL ABDIN\AppData\Local\Coursier\cache\v1\https\repo1.maven.org\maven2\org\scala-lang\modules\scala-asm\9.1.0-scala-1\scala-asm-9.1.0-scala-1.jar;C:\Users\ZAIN UL ABDIN\AppData\Local\Coursier\cache\v1\https\repo1.maven.org\maven2\org\scala-sbt\compiler-interface\1.3.5\compiler-interface-1.3.5.jar;C:\Users\ZAIN UL ABDIN\AppData\Local\Coursier\cache\v1\https\repo1.maven.org\maven2\org\jline\jline-reader\3.19.0\jline-reader-3.19.0.jar;C:\Users\ZAIN UL ABDIN\AppData\Local\Coursier\cache\v1\https\repo1.maven.org\maven2\org\jline\jline-terminal\3.19.0\jline-terminal-3.19.0.jar;C:\Users\ZAIN UL ABDIN\AppData\Local\Coursier\cache\v1\https\repo1.maven.org\maven2\org\jline\jline-terminal-jna\3.19.0\jline-terminal-jna-3.19.0.jar;C:\Users\ZAIN UL ABDIN\AppData\Local\Coursier\cache\v1\https\repo1.maven.org\maven2\com\lihaoyi\sourcecode_2.13\0.3.0\sourcecode_2.13-0.3.0.jar;C:\Users\ZAIN UL ABDIN\AppData\Local\Coursier\cache\v1\https\repo1.maven.org\maven2\com\thesamet\scalapb\scalapb-runtime_2.13\0.11.13\scalapb-runtime_2.13-0.11.13.jar;C:\Users\ZAIN UL ABDIN\AppData\Local\Coursier\cache\v1\https\repo1.maven.org\maven2\org\scala-native\nir_3\0.4.14\nir_3-0.4.14.jar;C:\Users\ZAIN UL ABDIN\AppData\Local\Coursier\cache\v1\https\repo1.maven.org\maven2\org\scala-native\util_3\0.4.14\util_3-0.4.14.jar;C:\Users\ZAIN UL ABDIN\AppData\Local\Coursier\cache\v1\https\repo1.maven.org\maven2\org\scala-lang\modules\scala-parallel-collections_3\1.0.3\scala-parallel-collections_3-1.0.3.jar;C:\Users\ZAIN UL ABDIN\AppData\Local\Coursier\cache\v1\https\repo1.maven.org\maven2\org\hamcrest\hamcrest-core\1.3\hamcrest-core-1.3.jar;C:\Users\ZAIN UL ABDIN\AppData\Local\Coursier\cache\v1\https\repo1.maven.org\maven2\org\scala-js\scalajs-logging_2.13\1.1.1\scalajs-logging_2.13-1.1.1.jar;C:\Users\ZAIN UL ABDIN\AppData\Local\Coursier\cache\v1\https\repo1.maven.org\maven2\io\github\alexarchambault\bleep\bloop-rifle_2.13\1.5.9-sc-1\bloop-rifle_2.13-1.5.9-sc-1.jar;C:\Users\ZAIN UL ABDIN\AppData\Local\Coursier\cache\v1\https\repo1.maven.org\maven2\io\get-coursier\coursier-jvm_2.13\2.1.5\coursier-jvm_2.13-2.1.5.jar;C:\Users\ZAIN UL ABDIN\AppData\Local\Coursier\cache\v1\https\repo1.maven.org\maven2\io\get-coursier\dependency_3\0.2.3\dependency_3-0.2.3.jar;C:\Users\ZAIN UL ABDIN\AppData\Local\Coursier\cache\v1\https\repo1.maven.org\maven2\org\eclipse\jgit\org.eclipse.jgit\6.6.0.202305301015-r\org.eclipse.jgit-6.6.0.202305301015-r.jar;C:\Users\ZAIN UL ABDIN\AppData\Local\Coursier\cache\v1\https\repo1.maven.org\maven2\org\scala-js\scalajs-env-jsdom-nodejs_2.13\1.1.0\scalajs-env-jsdom-nodejs_2.13-1.1.0.jar;C:\Users\ZAIN UL ABDIN\AppData\Local\Coursier\cache\v1\https\repo1.maven.org\maven2\org\eclipse\lsp4j\org.eclipse.lsp4j.generator\0.20.1\org.eclipse.lsp4j.generator-0.20.1.jar;C:\Users\ZAIN UL ABDIN\AppData\Local\Coursier\cache\v1\https\repo1.maven.org\maven2\org\eclipse\lsp4j\org.eclipse.lsp4j.jsonrpc\0.20.1\org.eclipse.lsp4j.jsonrpc-0.20.1.jar;C:\Users\ZAIN UL ABDIN\AppData\Local\Coursier\cache\v1\https\repo1.maven.org\maven2\commons-logging\commons-logging\1.2\commons-logging-1.2.jar;C:\Users\ZAIN UL ABDIN\AppData\Local\Coursier\cache\v1\https\repo1.maven.org\maven2\commons-codec\commons-codec\1.11\commons-codec-1.11.jar;C:\Users\ZAIN UL ABDIN\AppData\Local\Coursier\cache\v1\https\repo1.maven.org\maven2\io\grpc\grpc-context\1.22.1\grpc-context-1.22.1.jar;C:\Users\ZAIN UL ABDIN\AppData\Local\Coursier\cache\v1\https\repo1.maven.org\maven2\com\google\protobuf\protobuf-java\3.19.6\protobuf-java-3.19.6.jar;C:\Users\ZAIN UL ABDIN\AppData\Local\Coursier\cache\v1\https\repo1.maven.org\maven2\org\scala-sbt\util-interface\1.3.0\util-interface-1.3.0.jar;C:\Users\ZAIN UL ABDIN\AppData\Local\Coursier\cache\v1\https\repo1.maven.org\maven2\com\thesamet\scalapb\lenses_2.13\0.11.13\lenses_2.13-0.11.13.jar;C:\Users\ZAIN UL ABDIN\AppData\Local\Coursier\cache\v1\https\repo1.maven.org\maven2\io\github\alexarchambault\libdaemon\libdaemon_2.13\0.0.11\libdaemon_2.13-0.0.11.jar;C:\Users\ZAIN UL ABDIN\AppData\Local\Coursier\cache\v1\https\repo1.maven.org\maven2\io\github\alexarchambault\scala-cli\snailgun\snailgun-core_2.13\0.4.1-sc2\snailgun-core_2.13-0.4.1-sc2.jar;C:\Users\ZAIN UL ABDIN\AppData\Local\Coursier\cache\v1\https\repo1.maven.org\maven2\com\github\alexarchambault\argonaut-shapeless_6.3_2.13\1.3.1\argonaut-shapeless_6.3_2.13-1.3.1.jar;C:\Users\ZAIN UL ABDIN\AppData\Local\Coursier\cache\v1\https\repo1.maven.org\maven2\io\get-coursier\coursier_2.13\2.1.5\coursier_2.13-2.1.5.jar;C:\Users\ZAIN UL ABDIN\AppData\Local\Coursier\cache\v1\https\repo1.maven.org\maven2\io\get-coursier\coursier-env_2.13\2.1.5\coursier-env_2.13-2.1.5.jar;C:\Users\ZAIN UL ABDIN\AppData\Local\Coursier\cache\v1\https\repo1.maven.org\maven2\com\googlecode\javaewah\JavaEWAH\1.2.3\JavaEWAH-1.2.3.jar;C:\Users\ZAIN UL ABDIN\AppData\Local\Coursier\cache\v1\https\repo1.maven.org\maven2\org\eclipse\xtend\org.eclipse.xtend.lib\2.28.0\org.eclipse.xtend.lib-2.28.0.jar;C:\Users\ZAIN UL ABDIN\AppData\Local\Coursier\cache\v1\https\repo1.maven.org\maven2\com\google\code\gson\gson\2.10.1\gson-2.10.1.jar;C:\Users\ZAIN UL ABDIN\AppData\Local\Coursier\cache\v1\https\repo1.maven.org\maven2\io\argonaut\argonaut_2.13\6.3.8\argonaut_2.13-6.3.8.jar;C:\Users\ZAIN UL ABDIN\AppData\Local\Coursier\cache\v1\https\repo1.maven.org\maven2\com\chuusai\shapeless_2.13\2.3.9\shapeless_2.13-2.3.9.jar;C:\Users\ZAIN UL ABDIN\AppData\Local\Coursier\cache\v1\https\repo1.maven.org\maven2\org\eclipse\xtext\org.eclipse.xtext.xbase.lib\2.28.0\org.eclipse.xtext.xbase.lib-2.28.0.jar;C:\Users\ZAIN UL ABDIN\AppData\Local\Coursier\cache\v1\https\repo1.maven.org\maven2\org\eclipse\xtend\org.eclipse.xtend.lib.macro\2.28.0\org.eclipse.xtend.lib.macro-2.28.0.jar, scala.cli.ScalaCli, bsp, C:\Users\ZAIN UL ABDIN\Documents\scala_learnings\first_class)
2023.09.08 20:18:18 INFO  tracing is disabled for protocol BSP, to enable tracing of incoming and outgoing JSON messages create an empty file at C:\Users\ZAIN UL ABDIN\Documents\scala_learnings\first_class\.metals\bsp.trace.json or C:\Users\ZAIN UL ABDIN\AppData\Local\scalameta\metals\cache\bsp.trace.json
2023.09.08 20:18:31 INFO  BSP server: Checking https://repo1.maven.org/maven2/org/scala-lang/scala-library/
2023.09.08 20:18:31 INFO  BSP server: Checked https://repo1.maven.org/maven2/org/scala-lang/scala-library/
2023.09.08 20:18:31 INFO  BSP server: Downloading https://repo1.maven.org/maven2/org/scala-lang/scala-library/
2023.09.08 20:18:31 INFO  BSP server: Downloaded https://repo1.maven.org/maven2/org/scala-lang/scala-library/
2023.09.08 20:18:31 INFO  BSP server: Checking https://repo1.maven.org/maven2/org/scala-lang/scala-library/maven-metadata.xml
2023.09.08 20:18:31 INFO  BSP server: Checked https://repo1.maven.org/maven2/org/scala-lang/scala-library/maven-metadata.xml
2023.09.08 20:18:31 INFO  BSP server: Downloading https://repo1.maven.org/maven2/org/scala-lang/scala-library/maven-metadata.xml
2023.09.08 20:18:31 INFO  BSP server: Downloaded https://repo1.maven.org/maven2/org/scala-lang/scala-library/maven-metadata.xml
2023.09.08 20:18:32 INFO  BSP server: Checking https://repo1.maven.org/maven2/org/scala-lang/scala3-library_3/
2023.09.08 20:18:32 INFO  BSP server: Checked https://repo1.maven.org/maven2/org/scala-lang/scala3-library_3/
2023.09.08 20:18:32 INFO  BSP server: Downloading https://repo1.maven.org/maven2/org/scala-lang/scala3-library_3/
2023.09.08 20:18:34 INFO  BSP server: Downloaded https://repo1.maven.org/maven2/org/scala-lang/scala3-library_3/
2023.09.08 20:18:34 INFO  BSP server: Checking https://repo1.maven.org/maven2/org/scala-lang/scala3-library_3/maven-metadata.xml
2023.09.08 20:18:34 INFO  BSP server: Checked https://repo1.maven.org/maven2/org/scala-lang/scala3-library_3/maven-metadata.xml
2023.09.08 20:18:34 INFO  BSP server: Downloading https://repo1.maven.org/maven2/org/scala-lang/scala3-library_3/maven-metadata.xml
2023.09.08 20:18:35 INFO  BSP server: Downloaded https://repo1.maven.org/maven2/org/scala-lang/scala3-library_3/maven-metadata.xml
2023.09.08 20:18:37 INFO  BSP server: Downloading https://repo1.maven.org/maven2/com/sourcegraph/semanticdb-javac/0.7.4/semanticdb-javac-0.7.4.pom
2023.09.08 20:18:37 INFO  BSP server: Downloaded https://repo1.maven.org/maven2/com/sourcegraph/semanticdb-javac/0.7.4/semanticdb-javac-0.7.4.pom
2023.09.08 20:18:37 INFO  BSP server: Downloading https://repo1.maven.org/maven2/com/sourcegraph/semanticdb-javac/0.7.4/semanticdb-javac-0.7.4.jar
2023.09.08 20:18:38 ERROR Timeout waiting for 'build/initialize' response
2023.09.08 20:18:38 WARN  Retrying connection to the build server scala-cli
2023.09.08 20:18:38 INFO  Running BSP server List(C:\Users\ZAIN UL ABDIN\AppData\Local\Programs\Eclipse Adoptium\jdk-17.0.8.7-hotspot\bin\java.exe, -cp, C:\Users\ZAIN UL ABDIN\AppData\Local\Coursier\cache\v1\https\repo1.maven.org\maven2\org\virtuslab\scala-cli\cli_3\1.0.4\cli_3-1.0.4.jar;C:\Users\ZAIN UL ABDIN\AppData\Local\Coursier\cache\v1\https\repo1.maven.org\maven2\com\github\alexarchambault\case-app_3\2.1.0-M25\case-app_3-2.1.0-M25.jar;C:\Users\ZAIN UL ABDIN\AppData\Local\Coursier\cache\v1\https\repo1.maven.org\maven2\io\get-coursier\coursier-launcher_2.13\2.1.5\coursier-launcher_2.13-2.1.5.jar;C:\Users\ZAIN UL ABDIN\AppData\Local\Coursier\cache\v1\https\repo1.maven.org\maven2\io\get-coursier\coursier-proxy-setup\2.1.5\coursier-proxy-setup-2.1.5.jar;C:\Users\ZAIN UL ABDIN\AppData\Local\Coursier\cache\v1\https\repo1.maven.org\maven2\io\get-coursier\publish\publish_2.13\0.1.4\publish_2.13-0.1.4.jar;C:\Users\ZAIN UL ABDIN\AppData\Local\Coursier\cache\v1\https\repo1.maven.org\maven2\com\google\jimfs\jimfs\1.3.0\jimfs-1.3.0.jar;C:\Users\ZAIN UL ABDIN\AppData\Local\Coursier\cache\v1\https\repo1.maven.org\maven2\io\get-coursier\jniutils\windows-jni-utils\0.3.3\windows-jni-utils-0.3.3.jar;C:\Users\ZAIN UL ABDIN\AppData\Local\Coursier\cache\v1\https\repo1.maven.org\maven2\com\github\plokhotnyuk\jsoniter-scala\jsoniter-scala-core_3\2.13.5.2\jsoniter-scala-core_3-2.13.5.2.jar;C:\Users\ZAIN UL ABDIN\AppData\Local\Coursier\cache\v1\https\repo1.maven.org\maven2\org\virtuslab\scala-cli\libsodiumjni\0.0.3\libsodiumjni-0.0.3.jar;C:\Users\ZAIN UL ABDIN\AppData\Local\Coursier\cache\v1\https\repo1.maven.org\maven2\com\geirsson\metaconfig-typesafe-config_3\0.11.1\metaconfig-typesafe-config_3-0.11.1.jar;C:\Users\ZAIN UL ABDIN\AppData\Local\Coursier\cache\v1\https\repo1.maven.org\maven2\ai\kien\python-native-libs_3\0.2.4\python-native-libs_3-0.2.4.jar;C:\Users\ZAIN UL ABDIN\AppData\Local\Coursier\cache\v1\https\repo1.maven.org\maven2\org\virtuslab\scala-packager_2.13\0.1.29\scala-packager_2.13-0.1.29.jar;C:\Users\ZAIN UL ABDIN\AppData\Local\Coursier\cache\v1\https\repo1.maven.org\maven2\org\virtuslab\scala-cli-signing\cli_3\0.2.2\cli_3-0.2.2.jar;C:\Users\ZAIN UL ABDIN\AppData\Local\Coursier\cache\v1\https\repo1.maven.org\maven2\org\slf4j\slf4j-nop\2.0.7\slf4j-nop-2.0.7.jar;C:\Users\ZAIN UL ABDIN\AppData\Local\Coursier\cache\v1\https\repo1.maven.org\maven2\com\softwaremill\sttp\client3\core_2.13\3.8.16\core_2.13-3.8.16.jar;C:\Users\ZAIN UL ABDIN\AppData\Local\Coursier\cache\v1\https\repo1.maven.org\maven2\org\scala-lang\scala3-library_3\3.3.0\scala3-library_3-3.3.0.jar;C:\Users\ZAIN UL ABDIN\AppData\Local\Coursier\cache\v1\https\repo1.maven.org\maven2\org\virtuslab\scala-cli\build-module_3\1.0.4\build-module_3-1.0.4.jar;C:\Users\ZAIN UL ABDIN\AppData\Local\Coursier\cache\v1\https\repo1.maven.org\maven2\org\virtuslab\scala-cli\config_3\1.0.4\config_3-1.0.4.jar;C:\Users\ZAIN UL ABDIN\AppData\Local\Coursier\cache\v1\https\repo1.maven.org\maven2\org\virtuslab\scala-cli\scala3-graal_3\1.0.4\scala3-graal_3-1.0.4.jar;C:\Users\ZAIN UL ABDIN\AppData\Local\Coursier\cache\v1\https\repo1.maven.org\maven2\org\virtuslab\scala-cli\specification-level_3\1.0.4\specification-level_3-1.0.4.jar;C:\Users\ZAIN UL ABDIN\AppData\Local\Coursier\cache\v1\https\repo1.maven.org\maven2\com\github\alexarchambault\case-app-annotations_3\2.1.0-M25\case-app-annotations_3-2.1.0-M25.jar;C:\Users\ZAIN UL ABDIN\AppData\Local\Coursier\cache\v1\https\repo1.maven.org\maven2\com\github\alexarchambault\case-app-util_3\2.1.0-M25\case-app-util_3-2.1.0-M25.jar;C:\Users\ZAIN UL ABDIN\AppData\Local\Coursier\cache\v1\https\repo1.maven.org\maven2\com\lihaoyi\sourcecode_3\0.3.0\sourcecode_3-0.3.0.jar;C:\Users\ZAIN UL ABDIN\AppData\Local\Coursier\cache\v1\https\repo1.maven.org\maven2\org\scala-lang\modules\scala-collection-compat_2.13\2.11.0\scala-collection-compat_2.13-2.11.0.jar;C:\Users\ZAIN UL ABDIN\AppData\Local\Coursier\cache\v1\https\repo1.maven.org\maven2\io\github\alexarchambault\scala-cli\tmp\zip-input-stream\0.1.1\zip-input-stream-0.1.1.jar;C:\Users\ZAIN UL ABDIN\AppData\Local\Coursier\cache\v1\https\repo1.maven.org\maven2\ai\kien\python-native-libs_2.13\0.2.4\python-native-libs_2.13-0.2.4.jar;C:\Users\ZAIN UL ABDIN\AppData\Local\Coursier\cache\v1\https\repo1.maven.org\maven2\org\scala-lang\scala-library\2.13.11\scala-library-2.13.11.jar;C:\Users\ZAIN UL ABDIN\AppData\Local\Coursier\cache\v1\https\repo1.maven.org\maven2\io\get-coursier\coursier-cache_2.13\2.1.5\coursier-cache_2.13-2.1.5.jar;C:\Users\ZAIN UL ABDIN\AppData\Local\Coursier\cache\v1\https\repo1.maven.org\maven2\io\get-coursier\coursier-core_2.13\2.1.5\coursier-core_2.13-2.1.5.jar;C:\Users\ZAIN UL ABDIN\AppData\Local\Coursier\cache\v1\https\repo1.maven.org\maven2\com\github\plokhotnyuk\jsoniter-scala\jsoniter-scala-core_2.13\2.13.15\jsoniter-scala-core_2.13-2.13.15.jar;C:\Users\ZAIN UL ABDIN\AppData\Local\Coursier\cache\v1\https\repo1.maven.org\maven2\com\google\guava\guava\32.1.2-jre\guava-32.1.2-jre.jar;C:\Users\ZAIN UL ABDIN\AppData\Local\Coursier\cache\v1\https\repo1.maven.org\maven2\net\java\dev\jna\jna\5.12.1\jna-5.12.1.jar;C:\Users\ZAIN UL ABDIN\AppData\Local\Coursier\cache\v1\https\repo1.maven.org\maven2\net\java\dev\jna\jna-platform\5.12.1\jna-platform-5.12.1.jar;C:\Users\ZAIN UL ABDIN\AppData\Local\Coursier\cache\v1\https\repo1.maven.org\maven2\com\geirsson\metaconfig-core_3\0.11.1\metaconfig-core_3-0.11.1.jar;C:\Users\ZAIN UL ABDIN\AppData\Local\Coursier\cache\v1\https\repo1.maven.org\maven2\com\typesafe\config\1.4.1\config-1.4.1.jar;C:\Users\ZAIN UL ABDIN\AppData\Local\Coursier\cache\v1\https\repo1.maven.org\maven2\org\scala-lang\modules\scala-collection-compat_3\2.11.0\scala-collection-compat_3-2.11.0.jar;C:\Users\ZAIN UL ABDIN\AppData\Local\Coursier\cache\v1\https\repo1.maven.org\maven2\commons-io\commons-io\2.11.0\commons-io-2.11.0.jar;C:\Users\ZAIN UL ABDIN\AppData\Local\Coursier\cache\v1\https\repo1.maven.org\maven2\com\google\cloud\tools\jib-core\0.22.0\jib-core-0.22.0.jar;C:\Users\ZAIN UL ABDIN\AppData\Local\Coursier\cache\v1\https\repo1.maven.org\maven2\com\lihaoyi\os-lib_2.13\0.8.1\os-lib_2.13-0.8.1.jar;C:\Users\ZAIN UL ABDIN\AppData\Local\Coursier\cache\v1\https\repo1.maven.org\maven2\org\bouncycastle\bcpg-jdk18on\1.73\bcpg-jdk18on-1.73.jar;C:\Users\ZAIN UL ABDIN\AppData\Local\Coursier\cache\v1\https\repo1.maven.org\maven2\org\virtuslab\scala-cli-signing\shared_3\0.2.2\shared_3-0.2.2.jar;C:\Users\ZAIN UL ABDIN\AppData\Local\Coursier\cache\v1\https\repo1.maven.org\maven2\org\slf4j\slf4j-api\2.0.7\slf4j-api-2.0.7.jar;C:\Users\ZAIN UL ABDIN\AppData\Local\Coursier\cache\v1\https\repo1.maven.org\maven2\com\softwaremill\sttp\model\core_2.13\1.5.5\core_2.13-1.5.5.jar;C:\Users\ZAIN UL ABDIN\AppData\Local\Coursier\cache\v1\https\repo1.maven.org\maven2\com\softwaremill\sttp\shared\core_2.13\1.3.13\core_2.13-1.3.13.jar;C:\Users\ZAIN UL ABDIN\AppData\Local\Coursier\cache\v1\https\repo1.maven.org\maven2\com\softwaremill\sttp\shared\ws_2.13\1.3.13\ws_2.13-1.3.13.jar;C:\Users\ZAIN UL ABDIN\AppData\Local\Coursier\cache\v1\https\repo1.maven.org\maven2\org\ow2\asm\asm\9.5\asm-9.5.jar;C:\Users\ZAIN UL ABDIN\AppData\Local\Coursier\cache\v1\https\repo1.maven.org\maven2\io\github\alexarchambault\scala-cli\java-class-name_3\0.1.0\java-class-name_3-0.1.0.jar;C:\Users\ZAIN UL ABDIN\AppData\Local\Coursier\cache\v1\https\repo1.maven.org\maven2\org\scalameta\trees_2.13\4.8.7\trees_2.13-4.8.7.jar;C:\Users\ZAIN UL ABDIN\AppData\Local\Coursier\cache\v1\https\repo1.maven.org\maven2\org\scala-native\test-runner_3\0.4.14\test-runner_3-0.4.14.jar;C:\Users\ZAIN UL ABDIN\AppData\Local\Coursier\cache\v1\https\repo1.maven.org\maven2\com\lihaoyi\os-lib_3\0.9.1\os-lib_3-0.9.1.jar;C:\Users\ZAIN UL ABDIN\AppData\Local\Coursier\cache\v1\https\repo1.maven.org\maven2\com\lihaoyi\pprint_3\0.8.1\pprint_3-0.8.1.jar;C:\Users\ZAIN UL ABDIN\AppData\Local\Coursier\cache\v1\https\repo1.maven.org\maven2\org\scala-js\scalajs-env-nodejs_2.13\1.4.0\scalajs-env-nodejs_2.13-1.4.0.jar;C:\Users\ZAIN UL ABDIN\AppData\Local\Coursier\cache\v1\https\repo1.maven.org\maven2\org\scala-js\scalajs-sbt-test-adapter_2.13\1.13.2\scalajs-sbt-test-adapter_2.13-1.13.2.jar;C:\Users\ZAIN UL ABDIN\AppData\Local\Coursier\cache\v1\https\repo1.maven.org\maven2\com\swoval\file-tree-views\2.1.10\file-tree-views-2.1.10.jar;C:\Users\ZAIN UL ABDIN\AppData\Local\Coursier\cache\v1\https\repo1.maven.org\maven2\org\virtuslab\scala-cli\options_3\1.0.4\options_3-1.0.4.jar;C:\Users\ZAIN UL ABDIN\AppData\Local\Coursier\cache\v1\https\repo1.maven.org\maven2\org\virtuslab\scala-cli\directives_3\1.0.4\directives_3-1.0.4.jar;C:\Users\ZAIN UL ABDIN\AppData\Local\Coursier\cache\v1\https\repo1.maven.org\maven2\org\virtuslab\scala-cli\scala-cli-bsp\1.0.4\scala-cli-bsp-1.0.4.jar;C:\Users\ZAIN UL ABDIN\AppData\Local\Coursier\cache\v1\https\repo1.maven.org\maven2\org\virtuslab\scala-cli\test-runner_2.13\1.0.4\test-runner_2.13-1.0.4.jar;C:\Users\ZAIN UL ABDIN\AppData\Local\Coursier\cache\v1\https\repo1.maven.org\maven2\org\virtuslab\scala-cli\tasty-lib_3\1.0.4\tasty-lib_3-1.0.4.jar;C:\Users\ZAIN UL ABDIN\AppData\Local\Coursier\cache\v1\https\repo1.maven.org\maven2\org\codehaus\plexus\plexus-archiver\4.7.1\plexus-archiver-4.7.1.jar;C:\Users\ZAIN UL ABDIN\AppData\Local\Coursier\cache\v1\https\repo1.maven.org\maven2\org\codehaus\plexus\plexus-container-default\2.1.1\plexus-container-default-2.1.1.jar;C:\Users\ZAIN UL ABDIN\AppData\Local\Coursier\cache\v1\https\repo1.maven.org\maven2\io\github\alexarchambault\windows-ansi\windows-ansi\0.0.5\windows-ansi-0.0.5.jar;C:\Users\ZAIN UL ABDIN\AppData\Local\Coursier\cache\v1\https\repo1.maven.org\maven2\io\get-coursier\coursier-util_2.13\2.1.5\coursier-util_2.13-2.1.5.jar;C:\Users\ZAIN UL ABDIN\AppData\Local\Coursier\cache\v1\https\repo1.maven.org\maven2\io\github\alexarchambault\concurrent-reference-hash-map\1.1.0\concurrent-reference-hash-map-1.1.0.jar;C:\Users\ZAIN UL ABDIN\AppData\Local\Coursier\cache\v1\https\repo1.maven.org\maven2\org\scala-lang\modules\scala-xml_2.13\2.1.0\scala-xml_2.13-2.1.0.jar;C:\Users\ZAIN UL ABDIN\AppData\Local\Coursier\cache\v1\https\repo1.maven.org\maven2\com\google\guava\failureaccess\1.0.1\failureaccess-1.0.1.jar;C:\Users\ZAIN UL ABDIN\AppData\Local\Coursier\cache\v1\https\repo1.maven.org\maven2\com\google\guava\listenablefuture\9999.0-empty-to-avoid-conflict-with-guava\listenablefuture-9999.0-empty-to-avoid-conflict-with-guava.jar;C:\Users\ZAIN UL ABDIN\AppData\Local\Coursier\cache\v1\https\repo1.maven.org\maven2\com\google\code\findbugs\jsr305\3.0.2\jsr305-3.0.2.jar;C:\Users\ZAIN UL ABDIN\AppData\Local\Coursier\cache\v1\https\repo1.maven.org\maven2\org\checkerframework\checker-qual\3.33.0\checker-qual-3.33.0.jar;C:\Users\ZAIN UL ABDIN\AppData\Local\Coursier\cache\v1\https\repo1.maven.org\maven2\com\google\errorprone\error_prone_annotations\2.18.0\error_prone_annotations-2.18.0.jar;C:\Users\ZAIN UL ABDIN\AppData\Local\Coursier\cache\v1\https\repo1.maven.org\maven2\com\google\j2objc\j2objc-annotations\2.8\j2objc-annotations-2.8.jar;C:\Users\ZAIN UL ABDIN\AppData\Local\Coursier\cache\v1\https\repo1.maven.org\maven2\com\geirsson\metaconfig-pprint_3\0.11.1\metaconfig-pprint_3-0.11.1.jar;C:\Users\ZAIN UL ABDIN\AppData\Local\Coursier\cache\v1\https\repo1.maven.org\maven2\org\typelevel\paiges-core_3\0.4.2\paiges-core_3-0.4.2.jar;C:\Users\ZAIN UL ABDIN\AppData\Local\Coursier\cache\v1\https\repo1.maven.org\maven2\org\scala-lang\scala-reflect\2.13.8\scala-reflect-2.13.8.jar;C:\Users\ZAIN UL ABDIN\AppData\Local\Coursier\cache\v1\https\repo1.maven.org\maven2\com\google\cloud\tools\jib-build-plan\0.4.0\jib-build-plan-0.4.0.jar;C:\Users\ZAIN UL ABDIN\AppData\Local\Coursier\cache\v1\https\repo1.maven.org\maven2\com\google\http-client\google-http-client\1.34.0\google-http-client-1.34.0.jar;C:\Users\ZAIN UL ABDIN\AppData\Local\Coursier\cache\v1\https\repo1.maven.org\maven2\com\google\http-client\google-http-client-apache-v2\1.34.0\google-http-client-apache-v2-1.34.0.jar;C:\Users\ZAIN UL ABDIN\AppData\Local\Coursier\cache\v1\https\repo1.maven.org\maven2\com\google\auth\google-auth-library-oauth2-http\0.18.0\google-auth-library-oauth2-http-0.18.0.jar;C:\Users\ZAIN UL ABDIN\AppData\Local\Coursier\cache\v1\https\repo1.maven.org\maven2\org\apache\commons\commons-compress\1.23.0\commons-compress-1.23.0.jar;C:\Users\ZAIN UL ABDIN\AppData\Local\Coursier\cache\v1\https\repo1.maven.org\maven2\com\fasterxml\jackson\core\jackson-databind\2.13.3\jackson-databind-2.13.3.jar;C:\Users\ZAIN UL ABDIN\AppData\Local\Coursier\cache\v1\https\repo1.maven.org\maven2\com\fasterxml\jackson\datatype\jackson-datatype-jsr310\2.13.3\jackson-datatype-jsr310-2.13.3.jar;C:\Users\ZAIN UL ABDIN\AppData\Local\Coursier\cache\v1\https\repo1.maven.org\maven2\com\lihaoyi\geny_2.13\0.7.1\geny_2.13-0.7.1.jar;C:\Users\ZAIN UL ABDIN\AppData\Local\Coursier\cache\v1\https\repo1.maven.org\maven2\org\bouncycastle\bcprov-jdk18on\1.73\bcprov-jdk18on-1.73.jar;C:\Users\ZAIN UL ABDIN\AppData\Local\Coursier\cache\v1\https\repo1.maven.org\maven2\org\scala-lang\scala3-compiler_3\3.1.2\scala3-compiler_3-3.1.2.jar;C:\Users\ZAIN UL ABDIN\AppData\Local\Coursier\cache\v1\https\repo1.maven.org\maven2\org\scalameta\common_2.13\4.8.7\common_2.13-4.8.7.jar;C:\Users\ZAIN UL ABDIN\AppData\Local\Coursier\cache\v1\https\repo1.maven.org\maven2\org\scala-native\tools_3\0.4.14\tools_3-0.4.14.jar;C:\Users\ZAIN UL ABDIN\AppData\Local\Coursier\cache\v1\https\repo1.maven.org\maven2\org\scala-sbt\test-interface\1.0\test-interface-1.0.jar;C:\Users\ZAIN UL ABDIN\AppData\Local\Coursier\cache\v1\https\repo1.maven.org\maven2\com\novocode\junit-interface\0.11\junit-interface-0.11.jar;C:\Users\ZAIN UL ABDIN\AppData\Local\Coursier\cache\v1\https\repo1.maven.org\maven2\junit\junit\4.13.2\junit-4.13.2.jar;C:\Users\ZAIN UL ABDIN\AppData\Local\Coursier\cache\v1\https\repo1.maven.org\maven2\com\lihaoyi\geny_3\1.0.0\geny_3-1.0.0.jar;C:\Users\ZAIN UL ABDIN\AppData\Local\Coursier\cache\v1\https\repo1.maven.org\maven2\com\lihaoyi\fansi_3\0.4.0\fansi_3-0.4.0.jar;C:\Users\ZAIN UL ABDIN\AppData\Local\Coursier\cache\v1\https\repo1.maven.org\maven2\org\scala-js\scalajs-js-envs_2.13\1.4.0\scalajs-js-envs_2.13-1.4.0.jar;C:\Users\ZAIN UL ABDIN\AppData\Local\Coursier\cache\v1\https\repo1.maven.org\maven2\ch\epfl\scala\bloop-config_2.13\1.5.5\bloop-config_2.13-1.5.5.jar;C:\Users\ZAIN UL ABDIN\AppData\Local\Coursier\cache\v1\https\repo1.maven.org\maven2\org\virtuslab\scala-cli\core_3\1.0.4\core_3-1.0.4.jar;C:\Users\ZAIN UL ABDIN\AppData\Local\Coursier\cache\v1\https\repo1.maven.org\maven2\org\virtuslab\using_directives\1.1.0\using_directives-1.1.0.jar;C:\Users\ZAIN UL ABDIN\AppData\Local\Coursier\cache\v1\https\repo1.maven.org\maven2\org\virtuslab\scala-cli\build-macros_3\1.0.4\build-macros_3-1.0.4.jar;C:\Users\ZAIN UL ABDIN\AppData\Local\Coursier\cache\v1\https\repo1.maven.org\maven2\ch\epfl\scala\bsp4j\2.1.0-M5\bsp4j-2.1.0-M5.jar;C:\Users\ZAIN UL ABDIN\AppData\Local\Coursier\cache\v1\https\repo1.maven.org\maven2\javax\inject\javax.inject\1\javax.inject-1.jar;C:\Users\ZAIN UL ABDIN\AppData\Local\Coursier\cache\v1\https\repo1.maven.org\maven2\org\codehaus\plexus\plexus-utils\3.5.1\plexus-utils-3.5.1.jar;C:\Users\ZAIN UL ABDIN\AppData\Local\Coursier\cache\v1\https\repo1.maven.org\maven2\org\codehaus\plexus\plexus-io\3.4.1\plexus-io-3.4.1.jar;C:\Users\ZAIN UL ABDIN\AppData\Local\Coursier\cache\v1\https\repo1.maven.org\maven2\org\iq80\snappy\snappy\0.4\snappy-0.4.jar;C:\Users\ZAIN UL ABDIN\AppData\Local\Coursier\cache\v1\https\repo1.maven.org\maven2\org\tukaani\xz\1.9\xz-1.9.jar;C:\Users\ZAIN UL ABDIN\AppData\Local\Coursier\cache\v1\https\repo1.maven.org\maven2\com\github\luben\zstd-jni\1.5.5-2\zstd-jni-1.5.5-2.jar;C:\Users\ZAIN UL ABDIN\AppData\Local\Coursier\cache\v1\https\repo1.maven.org\maven2\org\codehaus\plexus\plexus-classworlds\2.6.0\plexus-classworlds-2.6.0.jar;C:\Users\ZAIN UL ABDIN\AppData\Local\Coursier\cache\v1\https\repo1.maven.org\maven2\org\apache\xbean\xbean-reflect\3.7\xbean-reflect-3.7.jar;C:\Users\ZAIN UL ABDIN\AppData\Local\Coursier\cache\v1\https\repo1.maven.org\maven2\org\fusesource\jansi\jansi\1.18\jansi-1.18.jar;C:\Users\ZAIN UL ABDIN\AppData\Local\Coursier\cache\v1\https\repo1.maven.org\maven2\org\apache\httpcomponents\httpclient\4.5.10\httpclient-4.5.10.jar;C:\Users\ZAIN UL ABDIN\AppData\Local\Coursier\cache\v1\https\repo1.maven.org\maven2\org\apache\httpcomponents\httpcore\4.4.12\httpcore-4.4.12.jar;C:\Users\ZAIN UL ABDIN\AppData\Local\Coursier\cache\v1\https\repo1.maven.org\maven2\io\opencensus\opencensus-api\0.24.0\opencensus-api-0.24.0.jar;C:\Users\ZAIN UL ABDIN\AppData\Local\Coursier\cache\v1\https\repo1.maven.org\maven2\io\opencensus\opencensus-contrib-http-util\0.24.0\opencensus-contrib-http-util-0.24.0.jar;C:\Users\ZAIN UL ABDIN\AppData\Local\Coursier\cache\v1\https\repo1.maven.org\maven2\com\google\auto\value\auto-value-annotations\1.6.6\auto-value-annotations-1.6.6.jar;C:\Users\ZAIN UL ABDIN\AppData\Local\Coursier\cache\v1\https\repo1.maven.org\maven2\com\google\auth\google-auth-library-credentials\0.18.0\google-auth-library-credentials-0.18.0.jar;C:\Users\ZAIN UL ABDIN\AppData\Local\Coursier\cache\v1\https\repo1.maven.org\maven2\com\google\http-client\google-http-client-jackson2\1.32.1\google-http-client-jackson2-1.32.1.jar;C:\Users\ZAIN UL ABDIN\AppData\Local\Coursier\cache\v1\https\repo1.maven.org\maven2\com\fasterxml\jackson\core\jackson-annotations\2.13.3\jackson-annotations-2.13.3.jar;C:\Users\ZAIN UL ABDIN\AppData\Local\Coursier\cache\v1\https\repo1.maven.org\maven2\com\fasterxml\jackson\core\jackson-core\2.13.3\jackson-core-2.13.3.jar;C:\Users\ZAIN UL ABDIN\AppData\Local\Coursier\cache\v1\https\repo1.maven.org\maven2\org\scala-lang\scala3-interfaces\3.1.2\scala3-interfaces-3.1.2.jar;C:\Users\ZAIN UL ABDIN\AppData\Local\Coursier\cache\v1\https\repo1.maven.org\maven2\org\scala-lang\tasty-core_3\3.1.2\tasty-core_3-3.1.2.jar;C:\Users\ZAIN UL ABDIN\AppData\Local\Coursier\cache\v1\https\repo1.maven.org\maven2\org\scala-lang\modules\scala-asm\9.1.0-scala-1\scala-asm-9.1.0-scala-1.jar;C:\Users\ZAIN UL ABDIN\AppData\Local\Coursier\cache\v1\https\repo1.maven.org\maven2\org\scala-sbt\compiler-interface\1.3.5\compiler-interface-1.3.5.jar;C:\Users\ZAIN UL ABDIN\AppData\Local\Coursier\cache\v1\https\repo1.maven.org\maven2\org\jline\jline-reader\3.19.0\jline-reader-3.19.0.jar;C:\Users\ZAIN UL ABDIN\AppData\Local\Coursier\cache\v1\https\repo1.maven.org\maven2\org\jline\jline-terminal\3.19.0\jline-terminal-3.19.0.jar;C:\Users\ZAIN UL ABDIN\AppData\Local\Coursier\cache\v1\https\repo1.maven.org\maven2\org\jline\jline-terminal-jna\3.19.0\jline-terminal-jna-3.19.0.jar;C:\Users\ZAIN UL ABDIN\AppData\Local\Coursier\cache\v1\https\repo1.maven.org\maven2\com\lihaoyi\sourcecode_2.13\0.3.0\sourcecode_2.13-0.3.0.jar;C:\Users\ZAIN UL ABDIN\AppData\Local\Coursier\cache\v1\https\repo1.maven.org\maven2\com\thesamet\scalapb\scalapb-runtime_2.13\0.11.13\scalapb-runtime_2.13-0.11.13.jar;C:\Users\ZAIN UL ABDIN\AppData\Local\Coursier\cache\v1\https\repo1.maven.org\maven2\org\scala-native\nir_3\0.4.14\nir_3-0.4.14.jar;C:\Users\ZAIN UL ABDIN\AppData\Local\Coursier\cache\v1\https\repo1.maven.org\maven2\org\scala-native\util_3\0.4.14\util_3-0.4.14.jar;C:\Users\ZAIN UL ABDIN\AppData\Local\Coursier\cache\v1\https\repo1.maven.org\maven2\org\scala-lang\modules\scala-parallel-collections_3\1.0.3\scala-parallel-collections_3-1.0.3.jar;C:\Users\ZAIN UL ABDIN\AppData\Local\Coursier\cache\v1\https\repo1.maven.org\maven2\org\hamcrest\hamcrest-core\1.3\hamcrest-core-1.3.jar;C:\Users\ZAIN UL ABDIN\AppData\Local\Coursier\cache\v1\https\repo1.maven.org\maven2\org\scala-js\scalajs-logging_2.13\1.1.1\scalajs-logging_2.13-1.1.1.jar;C:\Users\ZAIN UL ABDIN\AppData\Local\Coursier\cache\v1\https\repo1.maven.org\maven2\io\github\alexarchambault\bleep\bloop-rifle_2.13\1.5.9-sc-1\bloop-rifle_2.13-1.5.9-sc-1.jar;C:\Users\ZAIN UL ABDIN\AppData\Local\Coursier\cache\v1\https\repo1.maven.org\maven2\io\get-coursier\coursier-jvm_2.13\2.1.5\coursier-jvm_2.13-2.1.5.jar;C:\Users\ZAIN UL ABDIN\AppData\Local\Coursier\cache\v1\https\repo1.maven.org\maven2\io\get-coursier\dependency_3\0.2.3\dependency_3-0.2.3.jar;C:\Users\ZAIN UL ABDIN\AppData\Local\Coursier\cache\v1\https\repo1.maven.org\maven2\org\eclipse\jgit\org.eclipse.jgit\6.6.0.202305301015-r\org.eclipse.jgit-6.6.0.202305301015-r.jar;C:\Users\ZAIN UL ABDIN\AppData\Local\Coursier\cache\v1\https\repo1.maven.org\maven2\org\scala-js\scalajs-env-jsdom-nodejs_2.13\1.1.0\scalajs-env-jsdom-nodejs_2.13-1.1.0.jar;C:\Users\ZAIN UL ABDIN\AppData\Local\Coursier\cache\v1\https\repo1.maven.org\maven2\org\eclipse\lsp4j\org.eclipse.lsp4j.generator\0.20.1\org.eclipse.lsp4j.generator-0.20.1.jar;C:\Users\ZAIN UL ABDIN\AppData\Local\Coursier\cache\v1\https\repo1.maven.org\maven2\org\eclipse\lsp4j\org.eclipse.lsp4j.jsonrpc\0.20.1\org.eclipse.lsp4j.jsonrpc-0.20.1.jar;C:\Users\ZAIN UL ABDIN\AppData\Local\Coursier\cache\v1\https\repo1.maven.org\maven2\commons-logging\commons-logging\1.2\commons-logging-1.2.jar;C:\Users\ZAIN UL ABDIN\AppData\Local\Coursier\cache\v1\https\repo1.maven.org\maven2\commons-codec\commons-codec\1.11\commons-codec-1.11.jar;C:\Users\ZAIN UL ABDIN\AppData\Local\Coursier\cache\v1\https\repo1.maven.org\maven2\io\grpc\grpc-context\1.22.1\grpc-context-1.22.1.jar;C:\Users\ZAIN UL ABDIN\AppData\Local\Coursier\cache\v1\https\repo1.maven.org\maven2\com\google\protobuf\protobuf-java\3.19.6\protobuf-java-3.19.6.jar;C:\Users\ZAIN UL ABDIN\AppData\Local\Coursier\cache\v1\https\repo1.maven.org\maven2\org\scala-sbt\util-interface\1.3.0\util-interface-1.3.0.jar;C:\Users\ZAIN UL ABDIN\AppData\Local\Coursier\cache\v1\https\repo1.maven.org\maven2\com\thesamet\scalapb\lenses_2.13\0.11.13\lenses_2.13-0.11.13.jar;C:\Users\ZAIN UL ABDIN\AppData\Local\Coursier\cache\v1\https\repo1.maven.org\maven2\io\github\alexarchambault\libdaemon\libdaemon_2.13\0.0.11\libdaemon_2.13-0.0.11.jar;C:\Users\ZAIN UL ABDIN\AppData\Local\Coursier\cache\v1\https\repo1.maven.org\maven2\io\github\alexarchambault\scala-cli\snailgun\snailgun-core_2.13\0.4.1-sc2\snailgun-core_2.13-0.4.1-sc2.jar;C:\Users\ZAIN UL ABDIN\AppData\Local\Coursier\cache\v1\https\repo1.maven.org\maven2\com\github\alexarchambault\argonaut-shapeless_6.3_2.13\1.3.1\argonaut-shapeless_6.3_2.13-1.3.1.jar;C:\Users\ZAIN UL ABDIN\AppData\Local\Coursier\cache\v1\https\repo1.maven.org\maven2\io\get-coursier\coursier_2.13\2.1.5\coursier_2.13-2.1.5.jar;C:\Users\ZAIN UL ABDIN\AppData\Local\Coursier\cache\v1\https\repo1.maven.org\maven2\io\get-coursier\coursier-env_2.13\2.1.5\coursier-env_2.13-2.1.5.jar;C:\Users\ZAIN UL ABDIN\AppData\Local\Coursier\cache\v1\https\repo1.maven.org\maven2\com\googlecode\javaewah\JavaEWAH\1.2.3\JavaEWAH-1.2.3.jar;C:\Users\ZAIN UL ABDIN\AppData\Local\Coursier\cache\v1\https\repo1.maven.org\maven2\org\eclipse\xtend\org.eclipse.xtend.lib\2.28.0\org.eclipse.xtend.lib-2.28.0.jar;C:\Users\ZAIN UL ABDIN\AppData\Local\Coursier\cache\v1\https\repo1.maven.org\maven2\com\google\code\gson\gson\2.10.1\gson-2.10.1.jar;C:\Users\ZAIN UL ABDIN\AppData\Local\Coursier\cache\v1\https\repo1.maven.org\maven2\io\argonaut\argonaut_2.13\6.3.8\argonaut_2.13-6.3.8.jar;C:\Users\ZAIN UL ABDIN\AppData\Local\Coursier\cache\v1\https\repo1.maven.org\maven2\com\chuusai\shapeless_2.13\2.3.9\shapeless_2.13-2.3.9.jar;C:\Users\ZAIN UL ABDIN\AppData\Local\Coursier\cache\v1\https\repo1.maven.org\maven2\org\eclipse\xtext\org.eclipse.xtext.xbase.lib\2.28.0\org.eclipse.xtext.xbase.lib-2.28.0.jar;C:\Users\ZAIN UL ABDIN\AppData\Local\Coursier\cache\v1\https\repo1.maven.org\maven2\org\eclipse\xtend\org.eclipse.xtend.lib.macro\2.28.0\org.eclipse.xtend.lib.macro-2.28.0.jar, scala.cli.ScalaCli, bsp, C:\Users\ZAIN UL ABDIN\Documents\scala_learnings\first_class)
2023.09.08 20:18:38 INFO  tracing is disabled for protocol BSP, to enable tracing of incoming and outgoing JSON messages create an empty file at C:\Users\ZAIN UL ABDIN\Documents\scala_learnings\first_class\.metals\bsp.trace.json or C:\Users\ZAIN UL ABDIN\AppData\Local\scalameta\metals\cache\bsp.trace.json
2023.09.08 20:18:49 INFO  BSP server: Downloading https://repo1.maven.org/maven2/com/sourcegraph/semanticdb-javac/0.7.4/semanticdb-javac-0.7.4.jar
2023.09.08 20:18:52 INFO  BSP server: Downloaded https://repo1.maven.org/maven2/com/sourcegraph/semanticdb-javac/0.7.4/semanticdb-javac-0.7.4.jar
2023.09.08 20:18:54 INFO  time: Connected to build server in 1m15s
2023.09.08 20:18:54 INFO  Connected to Build server: scala-cli v1.0.4
2023.09.08 20:18:55 INFO  time: Imported build in 1.1s
2023.09.08 20:18:57 INFO  compiling first_class_bd2c96d2de (1 scala source)
2023.09.08 20:45:29 INFO  time: compiled first_class_bd2c96d2de in 26m31s
2023.09.08 20:45:29 ERROR Unexpected error when compiling first_class_bd2c96d2de: 'Couldn't retrieve module org.scala-lang:scala3-sbt-bridge:3.3.0:compile'
2023.09.08 20:45:32 INFO  compiling first_class_bd2c96d2de (1 scala source)
2023.09.08 20:45:38 INFO  time: indexed workspace in 26m43s
2023.09.08 20:45:50 INFO  time: compiled first_class_bd2c96d2de in 18s
2023.09.28 20:37:28 INFO  Started: Metals version 1.0.1 in folders 'C:\Users\ZAIN UL ABDIN\Documents\scala_learnings\first_class' for client Visual Studio Code 1.82.2.
Sep 28, 2023 8:37:28 PM org.flywaydb.core.internal.license.VersionPrinter printVersionOnly
INFO: Flyway Community Edition 9.21.2 by Redgate
Sep 28, 2023 8:37:28 PM org.flywaydb.core.internal.license.VersionPrinter printVersion
INFO: See release notes here: https://rd.gt/416ObMi
Sep 28, 2023 8:37:28 PM org.flywaydb.core.internal.license.VersionPrinter printVersion
INFO: 
Sep 28, 2023 8:37:33 PM org.flywaydb.core.FlywayExecutor execute
INFO: Database: jdbc:h2:file:C:\Users\ZAIN UL ABDIN\Documents\scala_learnings\first_class\.metals\metals (H2 2.1)
Sep 28, 2023 8:37:33 PM org.flywaydb.core.internal.command.DbValidate validate
INFO: Successfully validated 4 migrations (execution time 00:00.144s)
Sep 28, 2023 8:37:33 PM org.flywaydb.core.internal.command.DbMigrate migrateGroup
INFO: Current version of schema "PUBLIC": 4
Sep 28, 2023 8:37:33 PM org.flywaydb.core.internal.command.DbMigrate logSummary
INFO: Schema "PUBLIC" is up to date. No migration necessary.
2023.09.28 20:37:34 INFO  time: initialize in 6.36s
2023.09.28 20:37:43 INFO  Attempting to connect to the build server...
2023.09.28 20:37:43 INFO  Running BSP server List(C:\Users\ZAIN UL ABDIN\AppData\Local\Programs\Eclipse Adoptium\jdk-17.0.8.7-hotspot\bin\java.exe, -cp, C:\Users\ZAIN UL ABDIN\AppData\Local\Coursier\cache\v1\https\repo1.maven.org\maven2\org\virtuslab\scala-cli\cli_3\1.0.4\cli_3-1.0.4.jar;C:\Users\ZAIN UL ABDIN\AppData\Local\Coursier\cache\v1\https\repo1.maven.org\maven2\com\github\alexarchambault\case-app_3\2.1.0-M25\case-app_3-2.1.0-M25.jar;C:\Users\ZAIN UL ABDIN\AppData\Local\Coursier\cache\v1\https\repo1.maven.org\maven2\io\get-coursier\coursier-launcher_2.13\2.1.5\coursier-launcher_2.13-2.1.5.jar;C:\Users\ZAIN UL ABDIN\AppData\Local\Coursier\cache\v1\https\repo1.maven.org\maven2\io\get-coursier\coursier-proxy-setup\2.1.5\coursier-proxy-setup-2.1.5.jar;C:\Users\ZAIN UL ABDIN\AppData\Local\Coursier\cache\v1\https\repo1.maven.org\maven2\io\get-coursier\publish\publish_2.13\0.1.4\publish_2.13-0.1.4.jar;C:\Users\ZAIN UL ABDIN\AppData\Local\Coursier\cache\v1\https\repo1.maven.org\maven2\com\google\jimfs\jimfs\1.3.0\jimfs-1.3.0.jar;C:\Users\ZAIN UL ABDIN\AppData\Local\Coursier\cache\v1\https\repo1.maven.org\maven2\io\get-coursier\jniutils\windows-jni-utils\0.3.3\windows-jni-utils-0.3.3.jar;C:\Users\ZAIN UL ABDIN\AppData\Local\Coursier\cache\v1\https\repo1.maven.org\maven2\com\github\plokhotnyuk\jsoniter-scala\jsoniter-scala-core_3\2.13.5.2\jsoniter-scala-core_3-2.13.5.2.jar;C:\Users\ZAIN UL ABDIN\AppData\Local\Coursier\cache\v1\https\repo1.maven.org\maven2\org\virtuslab\scala-cli\libsodiumjni\0.0.3\libsodiumjni-0.0.3.jar;C:\Users\ZAIN UL ABDIN\AppData\Local\Coursier\cache\v1\https\repo1.maven.org\maven2\com\geirsson\metaconfig-typesafe-config_3\0.11.1\metaconfig-typesafe-config_3-0.11.1.jar;C:\Users\ZAIN UL ABDIN\AppData\Local\Coursier\cache\v1\https\repo1.maven.org\maven2\ai\kien\python-native-libs_3\0.2.4\python-native-libs_3-0.2.4.jar;C:\Users\ZAIN UL ABDIN\AppData\Local\Coursier\cache\v1\https\repo1.maven.org\maven2\org\virtuslab\scala-packager_2.13\0.1.29\scala-packager_2.13-0.1.29.jar;C:\Users\ZAIN UL ABDIN\AppData\Local\Coursier\cache\v1\https\repo1.maven.org\maven2\org\virtuslab\scala-cli-signing\cli_3\0.2.2\cli_3-0.2.2.jar;C:\Users\ZAIN UL ABDIN\AppData\Local\Coursier\cache\v1\https\repo1.maven.org\maven2\org\slf4j\slf4j-nop\2.0.7\slf4j-nop-2.0.7.jar;C:\Users\ZAIN UL ABDIN\AppData\Local\Coursier\cache\v1\https\repo1.maven.org\maven2\com\softwaremill\sttp\client3\core_2.13\3.8.16\core_2.13-3.8.16.jar;C:\Users\ZAIN UL ABDIN\AppData\Local\Coursier\cache\v1\https\repo1.maven.org\maven2\org\scala-lang\scala3-library_3\3.3.0\scala3-library_3-3.3.0.jar;C:\Users\ZAIN UL ABDIN\AppData\Local\Coursier\cache\v1\https\repo1.maven.org\maven2\org\virtuslab\scala-cli\build-module_3\1.0.4\build-module_3-1.0.4.jar;C:\Users\ZAIN UL ABDIN\AppData\Local\Coursier\cache\v1\https\repo1.maven.org\maven2\org\virtuslab\scala-cli\config_3\1.0.4\config_3-1.0.4.jar;C:\Users\ZAIN UL ABDIN\AppData\Local\Coursier\cache\v1\https\repo1.maven.org\maven2\org\virtuslab\scala-cli\scala3-graal_3\1.0.4\scala3-graal_3-1.0.4.jar;C:\Users\ZAIN UL ABDIN\AppData\Local\Coursier\cache\v1\https\repo1.maven.org\maven2\org\virtuslab\scala-cli\specification-level_3\1.0.4\specification-level_3-1.0.4.jar;C:\Users\ZAIN UL ABDIN\AppData\Local\Coursier\cache\v1\https\repo1.maven.org\maven2\com\github\alexarchambault\case-app-annotations_3\2.1.0-M25\case-app-annotations_3-2.1.0-M25.jar;C:\Users\ZAIN UL ABDIN\AppData\Local\Coursier\cache\v1\https\repo1.maven.org\maven2\com\github\alexarchambault\case-app-util_3\2.1.0-M25\case-app-util_3-2.1.0-M25.jar;C:\Users\ZAIN UL ABDIN\AppData\Local\Coursier\cache\v1\https\repo1.maven.org\maven2\com\lihaoyi\sourcecode_3\0.3.0\sourcecode_3-0.3.0.jar;C:\Users\ZAIN UL ABDIN\AppData\Local\Coursier\cache\v1\https\repo1.maven.org\maven2\org\scala-lang\modules\scala-collection-compat_2.13\2.11.0\scala-collection-compat_2.13-2.11.0.jar;C:\Users\ZAIN UL ABDIN\AppData\Local\Coursier\cache\v1\https\repo1.maven.org\maven2\io\github\alexarchambault\scala-cli\tmp\zip-input-stream\0.1.1\zip-input-stream-0.1.1.jar;C:\Users\ZAIN UL ABDIN\AppData\Local\Coursier\cache\v1\https\repo1.maven.org\maven2\ai\kien\python-native-libs_2.13\0.2.4\python-native-libs_2.13-0.2.4.jar;C:\Users\ZAIN UL ABDIN\AppData\Local\Coursier\cache\v1\https\repo1.maven.org\maven2\org\scala-lang\scala-library\2.13.11\scala-library-2.13.11.jar;C:\Users\ZAIN UL ABDIN\AppData\Local\Coursier\cache\v1\https\repo1.maven.org\maven2\io\get-coursier\coursier-cache_2.13\2.1.5\coursier-cache_2.13-2.1.5.jar;C:\Users\ZAIN UL ABDIN\AppData\Local\Coursier\cache\v1\https\repo1.maven.org\maven2\io\get-coursier\coursier-core_2.13\2.1.5\coursier-core_2.13-2.1.5.jar;C:\Users\ZAIN UL ABDIN\AppData\Local\Coursier\cache\v1\https\repo1.maven.org\maven2\com\github\plokhotnyuk\jsoniter-scala\jsoniter-scala-core_2.13\2.13.15\jsoniter-scala-core_2.13-2.13.15.jar;C:\Users\ZAIN UL ABDIN\AppData\Local\Coursier\cache\v1\https\repo1.maven.org\maven2\com\google\guava\guava\32.1.2-jre\guava-32.1.2-jre.jar;C:\Users\ZAIN UL ABDIN\AppData\Local\Coursier\cache\v1\https\repo1.maven.org\maven2\net\java\dev\jna\jna\5.12.1\jna-5.12.1.jar;C:\Users\ZAIN UL ABDIN\AppData\Local\Coursier\cache\v1\https\repo1.maven.org\maven2\net\java\dev\jna\jna-platform\5.12.1\jna-platform-5.12.1.jar;C:\Users\ZAIN UL ABDIN\AppData\Local\Coursier\cache\v1\https\repo1.maven.org\maven2\com\geirsson\metaconfig-core_3\0.11.1\metaconfig-core_3-0.11.1.jar;C:\Users\ZAIN UL ABDIN\AppData\Local\Coursier\cache\v1\https\repo1.maven.org\maven2\com\typesafe\config\1.4.1\config-1.4.1.jar;C:\Users\ZAIN UL ABDIN\AppData\Local\Coursier\cache\v1\https\repo1.maven.org\maven2\org\scala-lang\modules\scala-collection-compat_3\2.11.0\scala-collection-compat_3-2.11.0.jar;C:\Users\ZAIN UL ABDIN\AppData\Local\Coursier\cache\v1\https\repo1.maven.org\maven2\commons-io\commons-io\2.11.0\commons-io-2.11.0.jar;C:\Users\ZAIN UL ABDIN\AppData\Local\Coursier\cache\v1\https\repo1.maven.org\maven2\com\google\cloud\tools\jib-core\0.22.0\jib-core-0.22.0.jar;C:\Users\ZAIN UL ABDIN\AppData\Local\Coursier\cache\v1\https\repo1.maven.org\maven2\com\lihaoyi\os-lib_2.13\0.8.1\os-lib_2.13-0.8.1.jar;C:\Users\ZAIN UL ABDIN\AppData\Local\Coursier\cache\v1\https\repo1.maven.org\maven2\org\bouncycastle\bcpg-jdk18on\1.73\bcpg-jdk18on-1.73.jar;C:\Users\ZAIN UL ABDIN\AppData\Local\Coursier\cache\v1\https\repo1.maven.org\maven2\org\virtuslab\scala-cli-signing\shared_3\0.2.2\shared_3-0.2.2.jar;C:\Users\ZAIN UL ABDIN\AppData\Local\Coursier\cache\v1\https\repo1.maven.org\maven2\org\slf4j\slf4j-api\2.0.7\slf4j-api-2.0.7.jar;C:\Users\ZAIN UL ABDIN\AppData\Local\Coursier\cache\v1\https\repo1.maven.org\maven2\com\softwaremill\sttp\model\core_2.13\1.5.5\core_2.13-1.5.5.jar;C:\Users\ZAIN UL ABDIN\AppData\Local\Coursier\cache\v1\https\repo1.maven.org\maven2\com\softwaremill\sttp\shared\core_2.13\1.3.13\core_2.13-1.3.13.jar;C:\Users\ZAIN UL ABDIN\AppData\Local\Coursier\cache\v1\https\repo1.maven.org\maven2\com\softwaremill\sttp\shared\ws_2.13\1.3.13\ws_2.13-1.3.13.jar;C:\Users\ZAIN UL ABDIN\AppData\Local\Coursier\cache\v1\https\repo1.maven.org\maven2\org\ow2\asm\asm\9.5\asm-9.5.jar;C:\Users\ZAIN UL ABDIN\AppData\Local\Coursier\cache\v1\https\repo1.maven.org\maven2\io\github\alexarchambault\scala-cli\java-class-name_3\0.1.0\java-class-name_3-0.1.0.jar;C:\Users\ZAIN UL ABDIN\AppData\Local\Coursier\cache\v1\https\repo1.maven.org\maven2\org\scalameta\trees_2.13\4.8.7\trees_2.13-4.8.7.jar;C:\Users\ZAIN UL ABDIN\AppData\Local\Coursier\cache\v1\https\repo1.maven.org\maven2\org\scala-native\test-runner_3\0.4.14\test-runner_3-0.4.14.jar;C:\Users\ZAIN UL ABDIN\AppData\Local\Coursier\cache\v1\https\repo1.maven.org\maven2\com\lihaoyi\os-lib_3\0.9.1\os-lib_3-0.9.1.jar;C:\Users\ZAIN UL ABDIN\AppData\Local\Coursier\cache\v1\https\repo1.maven.org\maven2\com\lihaoyi\pprint_3\0.8.1\pprint_3-0.8.1.jar;C:\Users\ZAIN UL ABDIN\AppData\Local\Coursier\cache\v1\https\repo1.maven.org\maven2\org\scala-js\scalajs-env-nodejs_2.13\1.4.0\scalajs-env-nodejs_2.13-1.4.0.jar;C:\Users\ZAIN UL ABDIN\AppData\Local\Coursier\cache\v1\https\repo1.maven.org\maven2\org\scala-js\scalajs-sbt-test-adapter_2.13\1.13.2\scalajs-sbt-test-adapter_2.13-1.13.2.jar;C:\Users\ZAIN UL ABDIN\AppData\Local\Coursier\cache\v1\https\repo1.maven.org\maven2\com\swoval\file-tree-views\2.1.10\file-tree-views-2.1.10.jar;C:\Users\ZAIN UL ABDIN\AppData\Local\Coursier\cache\v1\https\repo1.maven.org\maven2\org\virtuslab\scala-cli\options_3\1.0.4\options_3-1.0.4.jar;C:\Users\ZAIN UL ABDIN\AppData\Local\Coursier\cache\v1\https\repo1.maven.org\maven2\org\virtuslab\scala-cli\directives_3\1.0.4\directives_3-1.0.4.jar;C:\Users\ZAIN UL ABDIN\AppData\Local\Coursier\cache\v1\https\repo1.maven.org\maven2\org\virtuslab\scala-cli\scala-cli-bsp\1.0.4\scala-cli-bsp-1.0.4.jar;C:\Users\ZAIN UL ABDIN\AppData\Local\Coursier\cache\v1\https\repo1.maven.org\maven2\org\virtuslab\scala-cli\test-runner_2.13\1.0.4\test-runner_2.13-1.0.4.jar;C:\Users\ZAIN UL ABDIN\AppData\Local\Coursier\cache\v1\https\repo1.maven.org\maven2\org\virtuslab\scala-cli\tasty-lib_3\1.0.4\tasty-lib_3-1.0.4.jar;C:\Users\ZAIN UL ABDIN\AppData\Local\Coursier\cache\v1\https\repo1.maven.org\maven2\org\codehaus\plexus\plexus-archiver\4.7.1\plexus-archiver-4.7.1.jar;C:\Users\ZAIN UL ABDIN\AppData\Local\Coursier\cache\v1\https\repo1.maven.org\maven2\org\codehaus\plexus\plexus-container-default\2.1.1\plexus-container-default-2.1.1.jar;C:\Users\ZAIN UL ABDIN\AppData\Local\Coursier\cache\v1\https\repo1.maven.org\maven2\io\github\alexarchambault\windows-ansi\windows-ansi\0.0.5\windows-ansi-0.0.5.jar;C:\Users\ZAIN UL ABDIN\AppData\Local\Coursier\cache\v1\https\repo1.maven.org\maven2\io\get-coursier\coursier-util_2.13\2.1.5\coursier-util_2.13-2.1.5.jar;C:\Users\ZAIN UL ABDIN\AppData\Local\Coursier\cache\v1\https\repo1.maven.org\maven2\io\github\alexarchambault\concurrent-reference-hash-map\1.1.0\concurrent-reference-hash-map-1.1.0.jar;C:\Users\ZAIN UL ABDIN\AppData\Local\Coursier\cache\v1\https\repo1.maven.org\maven2\org\scala-lang\modules\scala-xml_2.13\2.1.0\scala-xml_2.13-2.1.0.jar;C:\Users\ZAIN UL ABDIN\AppData\Local\Coursier\cache\v1\https\repo1.maven.org\maven2\com\google\guava\failureaccess\1.0.1\failureaccess-1.0.1.jar;C:\Users\ZAIN UL ABDIN\AppData\Local\Coursier\cache\v1\https\repo1.maven.org\maven2\com\google\guava\listenablefuture\9999.0-empty-to-avoid-conflict-with-guava\listenablefuture-9999.0-empty-to-avoid-conflict-with-guava.jar;C:\Users\ZAIN UL ABDIN\AppData\Local\Coursier\cache\v1\https\repo1.maven.org\maven2\com\google\code\findbugs\jsr305\3.0.2\jsr305-3.0.2.jar;C:\Users\ZAIN UL ABDIN\AppData\Local\Coursier\cache\v1\https\repo1.maven.org\maven2\org\checkerframework\checker-qual\3.33.0\checker-qual-3.33.0.jar;C:\Users\ZAIN UL ABDIN\AppData\Local\Coursier\cache\v1\https\repo1.maven.org\maven2\com\google\errorprone\error_prone_annotations\2.18.0\error_prone_annotations-2.18.0.jar;C:\Users\ZAIN UL ABDIN\AppData\Local\Coursier\cache\v1\https\repo1.maven.org\maven2\com\google\j2objc\j2objc-annotations\2.8\j2objc-annotations-2.8.jar;C:\Users\ZAIN UL ABDIN\AppData\Local\Coursier\cache\v1\https\repo1.maven.org\maven2\com\geirsson\metaconfig-pprint_3\0.11.1\metaconfig-pprint_3-0.11.1.jar;C:\Users\ZAIN UL ABDIN\AppData\Local\Coursier\cache\v1\https\repo1.maven.org\maven2\org\typelevel\paiges-core_3\0.4.2\paiges-core_3-0.4.2.jar;C:\Users\ZAIN UL ABDIN\AppData\Local\Coursier\cache\v1\https\repo1.maven.org\maven2\org\scala-lang\scala-reflect\2.13.8\scala-reflect-2.13.8.jar;C:\Users\ZAIN UL ABDIN\AppData\Local\Coursier\cache\v1\https\repo1.maven.org\maven2\com\google\cloud\tools\jib-build-plan\0.4.0\jib-build-plan-0.4.0.jar;C:\Users\ZAIN UL ABDIN\AppData\Local\Coursier\cache\v1\https\repo1.maven.org\maven2\com\google\http-client\google-http-client\1.34.0\google-http-client-1.34.0.jar;C:\Users\ZAIN UL ABDIN\AppData\Local\Coursier\cache\v1\https\repo1.maven.org\maven2\com\google\http-client\google-http-client-apache-v2\1.34.0\google-http-client-apache-v2-1.34.0.jar;C:\Users\ZAIN UL ABDIN\AppData\Local\Coursier\cache\v1\https\repo1.maven.org\maven2\com\google\auth\google-auth-library-oauth2-http\0.18.0\google-auth-library-oauth2-http-0.18.0.jar;C:\Users\ZAIN UL ABDIN\AppData\Local\Coursier\cache\v1\https\repo1.maven.org\maven2\org\apache\commons\commons-compress\1.23.0\commons-compress-1.23.0.jar;C:\Users\ZAIN UL ABDIN\AppData\Local\Coursier\cache\v1\https\repo1.maven.org\maven2\com\fasterxml\jackson\core\jackson-databind\2.13.3\jackson-databind-2.13.3.jar;C:\Users\ZAIN UL ABDIN\AppData\Local\Coursier\cache\v1\https\repo1.maven.org\maven2\com\fasterxml\jackson\datatype\jackson-datatype-jsr310\2.13.3\jackson-datatype-jsr310-2.13.3.jar;C:\Users\ZAIN UL ABDIN\AppData\Local\Coursier\cache\v1\https\repo1.maven.org\maven2\com\lihaoyi\geny_2.13\0.7.1\geny_2.13-0.7.1.jar;C:\Users\ZAIN UL ABDIN\AppData\Local\Coursier\cache\v1\https\repo1.maven.org\maven2\org\bouncycastle\bcprov-jdk18on\1.73\bcprov-jdk18on-1.73.jar;C:\Users\ZAIN UL ABDIN\AppData\Local\Coursier\cache\v1\https\repo1.maven.org\maven2\org\scala-lang\scala3-compiler_3\3.1.2\scala3-compiler_3-3.1.2.jar;C:\Users\ZAIN UL ABDIN\AppData\Local\Coursier\cache\v1\https\repo1.maven.org\maven2\org\scalameta\common_2.13\4.8.7\common_2.13-4.8.7.jar;C:\Users\ZAIN UL ABDIN\AppData\Local\Coursier\cache\v1\https\repo1.maven.org\maven2\org\scala-native\tools_3\0.4.14\tools_3-0.4.14.jar;C:\Users\ZAIN UL ABDIN\AppData\Local\Coursier\cache\v1\https\repo1.maven.org\maven2\org\scala-sbt\test-interface\1.0\test-interface-1.0.jar;C:\Users\ZAIN UL ABDIN\AppData\Local\Coursier\cache\v1\https\repo1.maven.org\maven2\com\novocode\junit-interface\0.11\junit-interface-0.11.jar;C:\Users\ZAIN UL ABDIN\AppData\Local\Coursier\cache\v1\https\repo1.maven.org\maven2\junit\junit\4.13.2\junit-4.13.2.jar;C:\Users\ZAIN UL ABDIN\AppData\Local\Coursier\cache\v1\https\repo1.maven.org\maven2\com\lihaoyi\geny_3\1.0.0\geny_3-1.0.0.jar;C:\Users\ZAIN UL ABDIN\AppData\Local\Coursier\cache\v1\https\repo1.maven.org\maven2\com\lihaoyi\fansi_3\0.4.0\fansi_3-0.4.0.jar;C:\Users\ZAIN UL ABDIN\AppData\Local\Coursier\cache\v1\https\repo1.maven.org\maven2\org\scala-js\scalajs-js-envs_2.13\1.4.0\scalajs-js-envs_2.13-1.4.0.jar;C:\Users\ZAIN UL ABDIN\AppData\Local\Coursier\cache\v1\https\repo1.maven.org\maven2\ch\epfl\scala\bloop-config_2.13\1.5.5\bloop-config_2.13-1.5.5.jar;C:\Users\ZAIN UL ABDIN\AppData\Local\Coursier\cache\v1\https\repo1.maven.org\maven2\org\virtuslab\scala-cli\core_3\1.0.4\core_3-1.0.4.jar;C:\Users\ZAIN UL ABDIN\AppData\Local\Coursier\cache\v1\https\repo1.maven.org\maven2\org\virtuslab\using_directives\1.1.0\using_directives-1.1.0.jar;C:\Users\ZAIN UL ABDIN\AppData\Local\Coursier\cache\v1\https\repo1.maven.org\maven2\org\virtuslab\scala-cli\build-macros_3\1.0.4\build-macros_3-1.0.4.jar;C:\Users\ZAIN UL ABDIN\AppData\Local\Coursier\cache\v1\https\repo1.maven.org\maven2\ch\epfl\scala\bsp4j\2.1.0-M5\bsp4j-2.1.0-M5.jar;C:\Users\ZAIN UL ABDIN\AppData\Local\Coursier\cache\v1\https\repo1.maven.org\maven2\javax\inject\javax.inject\1\javax.inject-1.jar;C:\Users\ZAIN UL ABDIN\AppData\Local\Coursier\cache\v1\https\repo1.maven.org\maven2\org\codehaus\plexus\plexus-utils\3.5.1\plexus-utils-3.5.1.jar;C:\Users\ZAIN UL ABDIN\AppData\Local\Coursier\cache\v1\https\repo1.maven.org\maven2\org\codehaus\plexus\plexus-io\3.4.1\plexus-io-3.4.1.jar;C:\Users\ZAIN UL ABDIN\AppData\Local\Coursier\cache\v1\https\repo1.maven.org\maven2\org\iq80\snappy\snappy\0.4\snappy-0.4.jar;C:\Users\ZAIN UL ABDIN\AppData\Local\Coursier\cache\v1\https\repo1.maven.org\maven2\org\tukaani\xz\1.9\xz-1.9.jar;C:\Users\ZAIN UL ABDIN\AppData\Local\Coursier\cache\v1\https\repo1.maven.org\maven2\com\github\luben\zstd-jni\1.5.5-2\zstd-jni-1.5.5-2.jar;C:\Users\ZAIN UL ABDIN\AppData\Local\Coursier\cache\v1\https\repo1.maven.org\maven2\org\codehaus\plexus\plexus-classworlds\2.6.0\plexus-classworlds-2.6.0.jar;C:\Users\ZAIN UL ABDIN\AppData\Local\Coursier\cache\v1\https\repo1.maven.org\maven2\org\apache\xbean\xbean-reflect\3.7\xbean-reflect-3.7.jar;C:\Users\ZAIN UL ABDIN\AppData\Local\Coursier\cache\v1\https\repo1.maven.org\maven2\org\fusesource\jansi\jansi\1.18\jansi-1.18.jar;C:\Users\ZAIN UL ABDIN\AppData\Local\Coursier\cache\v1\https\repo1.maven.org\maven2\org\apache\httpcomponents\httpclient\4.5.10\httpclient-4.5.10.jar;C:\Users\ZAIN UL ABDIN\AppData\Local\Coursier\cache\v1\https\repo1.maven.org\maven2\org\apache\httpcomponents\httpcore\4.4.12\httpcore-4.4.12.jar;C:\Users\ZAIN UL ABDIN\AppData\Local\Coursier\cache\v1\https\repo1.maven.org\maven2\io\opencensus\opencensus-api\0.24.0\opencensus-api-0.24.0.jar;C:\Users\ZAIN UL ABDIN\AppData\Local\Coursier\cache\v1\https\repo1.maven.org\maven2\io\opencensus\opencensus-contrib-http-util\0.24.0\opencensus-contrib-http-util-0.24.0.jar;C:\Users\ZAIN UL ABDIN\AppData\Local\Coursier\cache\v1\https\repo1.maven.org\maven2\com\google\auto\value\auto-value-annotations\1.6.6\auto-value-annotations-1.6.6.jar;C:\Users\ZAIN UL ABDIN\AppData\Local\Coursier\cache\v1\https\repo1.maven.org\maven2\com\google\auth\google-auth-library-credentials\0.18.0\google-auth-library-credentials-0.18.0.jar;C:\Users\ZAIN UL ABDIN\AppData\Local\Coursier\cache\v1\https\repo1.maven.org\maven2\com\google\http-client\google-http-client-jackson2\1.32.1\google-http-client-jackson2-1.32.1.jar;C:\Users\ZAIN UL ABDIN\AppData\Local\Coursier\cache\v1\https\repo1.maven.org\maven2\com\fasterxml\jackson\core\jackson-annotations\2.13.3\jackson-annotations-2.13.3.jar;C:\Users\ZAIN UL ABDIN\AppData\Local\Coursier\cache\v1\https\repo1.maven.org\maven2\com\fasterxml\jackson\core\jackson-core\2.13.3\jackson-core-2.13.3.jar;C:\Users\ZAIN UL ABDIN\AppData\Local\Coursier\cache\v1\https\repo1.maven.org\maven2\org\scala-lang\scala3-interfaces\3.1.2\scala3-interfaces-3.1.2.jar;C:\Users\ZAIN UL ABDIN\AppData\Local\Coursier\cache\v1\https\repo1.maven.org\maven2\org\scala-lang\tasty-core_3\3.1.2\tasty-core_3-3.1.2.jar;C:\Users\ZAIN UL ABDIN\AppData\Local\Coursier\cache\v1\https\repo1.maven.org\maven2\org\scala-lang\modules\scala-asm\9.1.0-scala-1\scala-asm-9.1.0-scala-1.jar;C:\Users\ZAIN UL ABDIN\AppData\Local\Coursier\cache\v1\https\repo1.maven.org\maven2\org\scala-sbt\compiler-interface\1.3.5\compiler-interface-1.3.5.jar;C:\Users\ZAIN UL ABDIN\AppData\Local\Coursier\cache\v1\https\repo1.maven.org\maven2\org\jline\jline-reader\3.19.0\jline-reader-3.19.0.jar;C:\Users\ZAIN UL ABDIN\AppData\Local\Coursier\cache\v1\https\repo1.maven.org\maven2\org\jline\jline-terminal\3.19.0\jline-terminal-3.19.0.jar;C:\Users\ZAIN UL ABDIN\AppData\Local\Coursier\cache\v1\https\repo1.maven.org\maven2\org\jline\jline-terminal-jna\3.19.0\jline-terminal-jna-3.19.0.jar;C:\Users\ZAIN UL ABDIN\AppData\Local\Coursier\cache\v1\https\repo1.maven.org\maven2\com\lihaoyi\sourcecode_2.13\0.3.0\sourcecode_2.13-0.3.0.jar;C:\Users\ZAIN UL ABDIN\AppData\Local\Coursier\cache\v1\https\repo1.maven.org\maven2\com\thesamet\scalapb\scalapb-runtime_2.13\0.11.13\scalapb-runtime_2.13-0.11.13.jar;C:\Users\ZAIN UL ABDIN\AppData\Local\Coursier\cache\v1\https\repo1.maven.org\maven2\org\scala-native\nir_3\0.4.14\nir_3-0.4.14.jar;C:\Users\ZAIN UL ABDIN\AppData\Local\Coursier\cache\v1\https\repo1.maven.org\maven2\org\scala-native\util_3\0.4.14\util_3-0.4.14.jar;C:\Users\ZAIN UL ABDIN\AppData\Local\Coursier\cache\v1\https\repo1.maven.org\maven2\org\scala-lang\modules\scala-parallel-collections_3\1.0.3\scala-parallel-collections_3-1.0.3.jar;C:\Users\ZAIN UL ABDIN\AppData\Local\Coursier\cache\v1\https\repo1.maven.org\maven2\org\hamcrest\hamcrest-core\1.3\hamcrest-core-1.3.jar;C:\Users\ZAIN UL ABDIN\AppData\Local\Coursier\cache\v1\https\repo1.maven.org\maven2\org\scala-js\scalajs-logging_2.13\1.1.1\scalajs-logging_2.13-1.1.1.jar;C:\Users\ZAIN UL ABDIN\AppData\Local\Coursier\cache\v1\https\repo1.maven.org\maven2\io\github\alexarchambault\bleep\bloop-rifle_2.13\1.5.9-sc-1\bloop-rifle_2.13-1.5.9-sc-1.jar;C:\Users\ZAIN UL ABDIN\AppData\Local\Coursier\cache\v1\https\repo1.maven.org\maven2\io\get-coursier\coursier-jvm_2.13\2.1.5\coursier-jvm_2.13-2.1.5.jar;C:\Users\ZAIN UL ABDIN\AppData\Local\Coursier\cache\v1\https\repo1.maven.org\maven2\io\get-coursier\dependency_3\0.2.3\dependency_3-0.2.3.jar;C:\Users\ZAIN UL ABDIN\AppData\Local\Coursier\cache\v1\https\repo1.maven.org\maven2\org\eclipse\jgit\org.eclipse.jgit\6.6.0.202305301015-r\org.eclipse.jgit-6.6.0.202305301015-r.jar;C:\Users\ZAIN UL ABDIN\AppData\Local\Coursier\cache\v1\https\repo1.maven.org\maven2\org\scala-js\scalajs-env-jsdom-nodejs_2.13\1.1.0\scalajs-env-jsdom-nodejs_2.13-1.1.0.jar;C:\Users\ZAIN UL ABDIN\AppData\Local\Coursier\cache\v1\https\repo1.maven.org\maven2\org\eclipse\lsp4j\org.eclipse.lsp4j.generator\0.20.1\org.eclipse.lsp4j.generator-0.20.1.jar;C:\Users\ZAIN UL ABDIN\AppData\Local\Coursier\cache\v1\https\repo1.maven.org\maven2\org\eclipse\lsp4j\org.eclipse.lsp4j.jsonrpc\0.20.1\org.eclipse.lsp4j.jsonrpc-0.20.1.jar;C:\Users\ZAIN UL ABDIN\AppData\Local\Coursier\cache\v1\https\repo1.maven.org\maven2\commons-logging\commons-logging\1.2\commons-logging-1.2.jar;C:\Users\ZAIN UL ABDIN\AppData\Local\Coursier\cache\v1\https\repo1.maven.org\maven2\commons-codec\commons-codec\1.11\commons-codec-1.11.jar;C:\Users\ZAIN UL ABDIN\AppData\Local\Coursier\cache\v1\https\repo1.maven.org\maven2\io\grpc\grpc-context\1.22.1\grpc-context-1.22.1.jar;C:\Users\ZAIN UL ABDIN\AppData\Local\Coursier\cache\v1\https\repo1.maven.org\maven2\com\google\protobuf\protobuf-java\3.19.6\protobuf-java-3.19.6.jar;C:\Users\ZAIN UL ABDIN\AppData\Local\Coursier\cache\v1\https\repo1.maven.org\maven2\org\scala-sbt\util-interface\1.3.0\util-interface-1.3.0.jar;C:\Users\ZAIN UL ABDIN\AppData\Local\Coursier\cache\v1\https\repo1.maven.org\maven2\com\thesamet\scalapb\lenses_2.13\0.11.13\lenses_2.13-0.11.13.jar;C:\Users\ZAIN UL ABDIN\AppData\Local\Coursier\cache\v1\https\repo1.maven.org\maven2\io\github\alexarchambault\libdaemon\libdaemon_2.13\0.0.11\libdaemon_2.13-0.0.11.jar;C:\Users\ZAIN UL ABDIN\AppData\Local\Coursier\cache\v1\https\repo1.maven.org\maven2\io\github\alexarchambault\scala-cli\snailgun\snailgun-core_2.13\0.4.1-sc2\snailgun-core_2.13-0.4.1-sc2.jar;C:\Users\ZAIN UL ABDIN\AppData\Local\Coursier\cache\v1\https\repo1.maven.org\maven2\com\github\alexarchambault\argonaut-shapeless_6.3_2.13\1.3.1\argonaut-shapeless_6.3_2.13-1.3.1.jar;C:\Users\ZAIN UL ABDIN\AppData\Local\Coursier\cache\v1\https\repo1.maven.org\maven2\io\get-coursier\coursier_2.13\2.1.5\coursier_2.13-2.1.5.jar;C:\Users\ZAIN UL ABDIN\AppData\Local\Coursier\cache\v1\https\repo1.maven.org\maven2\io\get-coursier\coursier-env_2.13\2.1.5\coursier-env_2.13-2.1.5.jar;C:\Users\ZAIN UL ABDIN\AppData\Local\Coursier\cache\v1\https\repo1.maven.org\maven2\com\googlecode\javaewah\JavaEWAH\1.2.3\JavaEWAH-1.2.3.jar;C:\Users\ZAIN UL ABDIN\AppData\Local\Coursier\cache\v1\https\repo1.maven.org\maven2\org\eclipse\xtend\org.eclipse.xtend.lib\2.28.0\org.eclipse.xtend.lib-2.28.0.jar;C:\Users\ZAIN UL ABDIN\AppData\Local\Coursier\cache\v1\https\repo1.maven.org\maven2\com\google\code\gson\gson\2.10.1\gson-2.10.1.jar;C:\Users\ZAIN UL ABDIN\AppData\Local\Coursier\cache\v1\https\repo1.maven.org\maven2\io\argonaut\argonaut_2.13\6.3.8\argonaut_2.13-6.3.8.jar;C:\Users\ZAIN UL ABDIN\AppData\Local\Coursier\cache\v1\https\repo1.maven.org\maven2\com\chuusai\shapeless_2.13\2.3.9\shapeless_2.13-2.3.9.jar;C:\Users\ZAIN UL ABDIN\AppData\Local\Coursier\cache\v1\https\repo1.maven.org\maven2\org\eclipse\xtext\org.eclipse.xtext.xbase.lib\2.28.0\org.eclipse.xtext.xbase.lib-2.28.0.jar;C:\Users\ZAIN UL ABDIN\AppData\Local\Coursier\cache\v1\https\repo1.maven.org\maven2\org\eclipse\xtend\org.eclipse.xtend.lib.macro\2.28.0\org.eclipse.xtend.lib.macro-2.28.0.jar, scala.cli.ScalaCli, bsp, C:\Users\ZAIN UL ABDIN\Documents\scala_learnings\first_class)
2023.09.28 20:37:43 INFO  tracing is disabled for protocol BSP, to enable tracing of incoming and outgoing JSON messages create an empty file at C:\Users\ZAIN UL ABDIN\Documents\scala_learnings\first_class\.metals\bsp.trace.json or C:\Users\ZAIN UL ABDIN\AppData\Local\scalameta\metals\cache\bsp.trace.json
2023.09.28 20:37:43 WARN  No build session currently active to reload.
2023.09.28 20:38:03 ERROR Timeout waiting for 'build/initialize' response
2023.09.28 20:38:03 WARN  Retrying connection to the build server scala-cli
2023.09.28 20:38:03 INFO  Running BSP server List(C:\Users\ZAIN UL ABDIN\AppData\Local\Programs\Eclipse Adoptium\jdk-17.0.8.7-hotspot\bin\java.exe, -cp, C:\Users\ZAIN UL ABDIN\AppData\Local\Coursier\cache\v1\https\repo1.maven.org\maven2\org\virtuslab\scala-cli\cli_3\1.0.4\cli_3-1.0.4.jar;C:\Users\ZAIN UL ABDIN\AppData\Local\Coursier\cache\v1\https\repo1.maven.org\maven2\com\github\alexarchambault\case-app_3\2.1.0-M25\case-app_3-2.1.0-M25.jar;C:\Users\ZAIN UL ABDIN\AppData\Local\Coursier\cache\v1\https\repo1.maven.org\maven2\io\get-coursier\coursier-launcher_2.13\2.1.5\coursier-launcher_2.13-2.1.5.jar;C:\Users\ZAIN UL ABDIN\AppData\Local\Coursier\cache\v1\https\repo1.maven.org\maven2\io\get-coursier\coursier-proxy-setup\2.1.5\coursier-proxy-setup-2.1.5.jar;C:\Users\ZAIN UL ABDIN\AppData\Local\Coursier\cache\v1\https\repo1.maven.org\maven2\io\get-coursier\publish\publish_2.13\0.1.4\publish_2.13-0.1.4.jar;C:\Users\ZAIN UL ABDIN\AppData\Local\Coursier\cache\v1\https\repo1.maven.org\maven2\com\google\jimfs\jimfs\1.3.0\jimfs-1.3.0.jar;C:\Users\ZAIN UL ABDIN\AppData\Local\Coursier\cache\v1\https\repo1.maven.org\maven2\io\get-coursier\jniutils\windows-jni-utils\0.3.3\windows-jni-utils-0.3.3.jar;C:\Users\ZAIN UL ABDIN\AppData\Local\Coursier\cache\v1\https\repo1.maven.org\maven2\com\github\plokhotnyuk\jsoniter-scala\jsoniter-scala-core_3\2.13.5.2\jsoniter-scala-core_3-2.13.5.2.jar;C:\Users\ZAIN UL ABDIN\AppData\Local\Coursier\cache\v1\https\repo1.maven.org\maven2\org\virtuslab\scala-cli\libsodiumjni\0.0.3\libsodiumjni-0.0.3.jar;C:\Users\ZAIN UL ABDIN\AppData\Local\Coursier\cache\v1\https\repo1.maven.org\maven2\com\geirsson\metaconfig-typesafe-config_3\0.11.1\metaconfig-typesafe-config_3-0.11.1.jar;C:\Users\ZAIN UL ABDIN\AppData\Local\Coursier\cache\v1\https\repo1.maven.org\maven2\ai\kien\python-native-libs_3\0.2.4\python-native-libs_3-0.2.4.jar;C:\Users\ZAIN UL ABDIN\AppData\Local\Coursier\cache\v1\https\repo1.maven.org\maven2\org\virtuslab\scala-packager_2.13\0.1.29\scala-packager_2.13-0.1.29.jar;C:\Users\ZAIN UL ABDIN\AppData\Local\Coursier\cache\v1\https\repo1.maven.org\maven2\org\virtuslab\scala-cli-signing\cli_3\0.2.2\cli_3-0.2.2.jar;C:\Users\ZAIN UL ABDIN\AppData\Local\Coursier\cache\v1\https\repo1.maven.org\maven2\org\slf4j\slf4j-nop\2.0.7\slf4j-nop-2.0.7.jar;C:\Users\ZAIN UL ABDIN\AppData\Local\Coursier\cache\v1\https\repo1.maven.org\maven2\com\softwaremill\sttp\client3\core_2.13\3.8.16\core_2.13-3.8.16.jar;C:\Users\ZAIN UL ABDIN\AppData\Local\Coursier\cache\v1\https\repo1.maven.org\maven2\org\scala-lang\scala3-library_3\3.3.0\scala3-library_3-3.3.0.jar;C:\Users\ZAIN UL ABDIN\AppData\Local\Coursier\cache\v1\https\repo1.maven.org\maven2\org\virtuslab\scala-cli\build-module_3\1.0.4\build-module_3-1.0.4.jar;C:\Users\ZAIN UL ABDIN\AppData\Local\Coursier\cache\v1\https\repo1.maven.org\maven2\org\virtuslab\scala-cli\config_3\1.0.4\config_3-1.0.4.jar;C:\Users\ZAIN UL ABDIN\AppData\Local\Coursier\cache\v1\https\repo1.maven.org\maven2\org\virtuslab\scala-cli\scala3-graal_3\1.0.4\scala3-graal_3-1.0.4.jar;C:\Users\ZAIN UL ABDIN\AppData\Local\Coursier\cache\v1\https\repo1.maven.org\maven2\org\virtuslab\scala-cli\specification-level_3\1.0.4\specification-level_3-1.0.4.jar;C:\Users\ZAIN UL ABDIN\AppData\Local\Coursier\cache\v1\https\repo1.maven.org\maven2\com\github\alexarchambault\case-app-annotations_3\2.1.0-M25\case-app-annotations_3-2.1.0-M25.jar;C:\Users\ZAIN UL ABDIN\AppData\Local\Coursier\cache\v1\https\repo1.maven.org\maven2\com\github\alexarchambault\case-app-util_3\2.1.0-M25\case-app-util_3-2.1.0-M25.jar;C:\Users\ZAIN UL ABDIN\AppData\Local\Coursier\cache\v1\https\repo1.maven.org\maven2\com\lihaoyi\sourcecode_3\0.3.0\sourcecode_3-0.3.0.jar;C:\Users\ZAIN UL ABDIN\AppData\Local\Coursier\cache\v1\https\repo1.maven.org\maven2\org\scala-lang\modules\scala-collection-compat_2.13\2.11.0\scala-collection-compat_2.13-2.11.0.jar;C:\Users\ZAIN UL ABDIN\AppData\Local\Coursier\cache\v1\https\repo1.maven.org\maven2\io\github\alexarchambault\scala-cli\tmp\zip-input-stream\0.1.1\zip-input-stream-0.1.1.jar;C:\Users\ZAIN UL ABDIN\AppData\Local\Coursier\cache\v1\https\repo1.maven.org\maven2\ai\kien\python-native-libs_2.13\0.2.4\python-native-libs_2.13-0.2.4.jar;C:\Users\ZAIN UL ABDIN\AppData\Local\Coursier\cache\v1\https\repo1.maven.org\maven2\org\scala-lang\scala-library\2.13.11\scala-library-2.13.11.jar;C:\Users\ZAIN UL ABDIN\AppData\Local\Coursier\cache\v1\https\repo1.maven.org\maven2\io\get-coursier\coursier-cache_2.13\2.1.5\coursier-cache_2.13-2.1.5.jar;C:\Users\ZAIN UL ABDIN\AppData\Local\Coursier\cache\v1\https\repo1.maven.org\maven2\io\get-coursier\coursier-core_2.13\2.1.5\coursier-core_2.13-2.1.5.jar;C:\Users\ZAIN UL ABDIN\AppData\Local\Coursier\cache\v1\https\repo1.maven.org\maven2\com\github\plokhotnyuk\jsoniter-scala\jsoniter-scala-core_2.13\2.13.15\jsoniter-scala-core_2.13-2.13.15.jar;C:\Users\ZAIN UL ABDIN\AppData\Local\Coursier\cache\v1\https\repo1.maven.org\maven2\com\google\guava\guava\32.1.2-jre\guava-32.1.2-jre.jar;C:\Users\ZAIN UL ABDIN\AppData\Local\Coursier\cache\v1\https\repo1.maven.org\maven2\net\java\dev\jna\jna\5.12.1\jna-5.12.1.jar;C:\Users\ZAIN UL ABDIN\AppData\Local\Coursier\cache\v1\https\repo1.maven.org\maven2\net\java\dev\jna\jna-platform\5.12.1\jna-platform-5.12.1.jar;C:\Users\ZAIN UL ABDIN\AppData\Local\Coursier\cache\v1\https\repo1.maven.org\maven2\com\geirsson\metaconfig-core_3\0.11.1\metaconfig-core_3-0.11.1.jar;C:\Users\ZAIN UL ABDIN\AppData\Local\Coursier\cache\v1\https\repo1.maven.org\maven2\com\typesafe\config\1.4.1\config-1.4.1.jar;C:\Users\ZAIN UL ABDIN\AppData\Local\Coursier\cache\v1\https\repo1.maven.org\maven2\org\scala-lang\modules\scala-collection-compat_3\2.11.0\scala-collection-compat_3-2.11.0.jar;C:\Users\ZAIN UL ABDIN\AppData\Local\Coursier\cache\v1\https\repo1.maven.org\maven2\commons-io\commons-io\2.11.0\commons-io-2.11.0.jar;C:\Users\ZAIN UL ABDIN\AppData\Local\Coursier\cache\v1\https\repo1.maven.org\maven2\com\google\cloud\tools\jib-core\0.22.0\jib-core-0.22.0.jar;C:\Users\ZAIN UL ABDIN\AppData\Local\Coursier\cache\v1\https\repo1.maven.org\maven2\com\lihaoyi\os-lib_2.13\0.8.1\os-lib_2.13-0.8.1.jar;C:\Users\ZAIN UL ABDIN\AppData\Local\Coursier\cache\v1\https\repo1.maven.org\maven2\org\bouncycastle\bcpg-jdk18on\1.73\bcpg-jdk18on-1.73.jar;C:\Users\ZAIN UL ABDIN\AppData\Local\Coursier\cache\v1\https\repo1.maven.org\maven2\org\virtuslab\scala-cli-signing\shared_3\0.2.2\shared_3-0.2.2.jar;C:\Users\ZAIN UL ABDIN\AppData\Local\Coursier\cache\v1\https\repo1.maven.org\maven2\org\slf4j\slf4j-api\2.0.7\slf4j-api-2.0.7.jar;C:\Users\ZAIN UL ABDIN\AppData\Local\Coursier\cache\v1\https\repo1.maven.org\maven2\com\softwaremill\sttp\model\core_2.13\1.5.5\core_2.13-1.5.5.jar;C:\Users\ZAIN UL ABDIN\AppData\Local\Coursier\cache\v1\https\repo1.maven.org\maven2\com\softwaremill\sttp\shared\core_2.13\1.3.13\core_2.13-1.3.13.jar;C:\Users\ZAIN UL ABDIN\AppData\Local\Coursier\cache\v1\https\repo1.maven.org\maven2\com\softwaremill\sttp\shared\ws_2.13\1.3.13\ws_2.13-1.3.13.jar;C:\Users\ZAIN UL ABDIN\AppData\Local\Coursier\cache\v1\https\repo1.maven.org\maven2\org\ow2\asm\asm\9.5\asm-9.5.jar;C:\Users\ZAIN UL ABDIN\AppData\Local\Coursier\cache\v1\https\repo1.maven.org\maven2\io\github\alexarchambault\scala-cli\java-class-name_3\0.1.0\java-class-name_3-0.1.0.jar;C:\Users\ZAIN UL ABDIN\AppData\Local\Coursier\cache\v1\https\repo1.maven.org\maven2\org\scalameta\trees_2.13\4.8.7\trees_2.13-4.8.7.jar;C:\Users\ZAIN UL ABDIN\AppData\Local\Coursier\cache\v1\https\repo1.maven.org\maven2\org\scala-native\test-runner_3\0.4.14\test-runner_3-0.4.14.jar;C:\Users\ZAIN UL ABDIN\AppData\Local\Coursier\cache\v1\https\repo1.maven.org\maven2\com\lihaoyi\os-lib_3\0.9.1\os-lib_3-0.9.1.jar;C:\Users\ZAIN UL ABDIN\AppData\Local\Coursier\cache\v1\https\repo1.maven.org\maven2\com\lihaoyi\pprint_3\0.8.1\pprint_3-0.8.1.jar;C:\Users\ZAIN UL ABDIN\AppData\Local\Coursier\cache\v1\https\repo1.maven.org\maven2\org\scala-js\scalajs-env-nodejs_2.13\1.4.0\scalajs-env-nodejs_2.13-1.4.0.jar;C:\Users\ZAIN UL ABDIN\AppData\Local\Coursier\cache\v1\https\repo1.maven.org\maven2\org\scala-js\scalajs-sbt-test-adapter_2.13\1.13.2\scalajs-sbt-test-adapter_2.13-1.13.2.jar;C:\Users\ZAIN UL ABDIN\AppData\Local\Coursier\cache\v1\https\repo1.maven.org\maven2\com\swoval\file-tree-views\2.1.10\file-tree-views-2.1.10.jar;C:\Users\ZAIN UL ABDIN\AppData\Local\Coursier\cache\v1\https\repo1.maven.org\maven2\org\virtuslab\scala-cli\options_3\1.0.4\options_3-1.0.4.jar;C:\Users\ZAIN UL ABDIN\AppData\Local\Coursier\cache\v1\https\repo1.maven.org\maven2\org\virtuslab\scala-cli\directives_3\1.0.4\directives_3-1.0.4.jar;C:\Users\ZAIN UL ABDIN\AppData\Local\Coursier\cache\v1\https\repo1.maven.org\maven2\org\virtuslab\scala-cli\scala-cli-bsp\1.0.4\scala-cli-bsp-1.0.4.jar;C:\Users\ZAIN UL ABDIN\AppData\Local\Coursier\cache\v1\https\repo1.maven.org\maven2\org\virtuslab\scala-cli\test-runner_2.13\1.0.4\test-runner_2.13-1.0.4.jar;C:\Users\ZAIN UL ABDIN\AppData\Local\Coursier\cache\v1\https\repo1.maven.org\maven2\org\virtuslab\scala-cli\tasty-lib_3\1.0.4\tasty-lib_3-1.0.4.jar;C:\Users\ZAIN UL ABDIN\AppData\Local\Coursier\cache\v1\https\repo1.maven.org\maven2\org\codehaus\plexus\plexus-archiver\4.7.1\plexus-archiver-4.7.1.jar;C:\Users\ZAIN UL ABDIN\AppData\Local\Coursier\cache\v1\https\repo1.maven.org\maven2\org\codehaus\plexus\plexus-container-default\2.1.1\plexus-container-default-2.1.1.jar;C:\Users\ZAIN UL ABDIN\AppData\Local\Coursier\cache\v1\https\repo1.maven.org\maven2\io\github\alexarchambault\windows-ansi\windows-ansi\0.0.5\windows-ansi-0.0.5.jar;C:\Users\ZAIN UL ABDIN\AppData\Local\Coursier\cache\v1\https\repo1.maven.org\maven2\io\get-coursier\coursier-util_2.13\2.1.5\coursier-util_2.13-2.1.5.jar;C:\Users\ZAIN UL ABDIN\AppData\Local\Coursier\cache\v1\https\repo1.maven.org\maven2\io\github\alexarchambault\concurrent-reference-hash-map\1.1.0\concurrent-reference-hash-map-1.1.0.jar;C:\Users\ZAIN UL ABDIN\AppData\Local\Coursier\cache\v1\https\repo1.maven.org\maven2\org\scala-lang\modules\scala-xml_2.13\2.1.0\scala-xml_2.13-2.1.0.jar;C:\Users\ZAIN UL ABDIN\AppData\Local\Coursier\cache\v1\https\repo1.maven.org\maven2\com\google\guava\failureaccess\1.0.1\failureaccess-1.0.1.jar;C:\Users\ZAIN UL ABDIN\AppData\Local\Coursier\cache\v1\https\repo1.maven.org\maven2\com\google\guava\listenablefuture\9999.0-empty-to-avoid-conflict-with-guava\listenablefuture-9999.0-empty-to-avoid-conflict-with-guava.jar;C:\Users\ZAIN UL ABDIN\AppData\Local\Coursier\cache\v1\https\repo1.maven.org\maven2\com\google\code\findbugs\jsr305\3.0.2\jsr305-3.0.2.jar;C:\Users\ZAIN UL ABDIN\AppData\Local\Coursier\cache\v1\https\repo1.maven.org\maven2\org\checkerframework\checker-qual\3.33.0\checker-qual-3.33.0.jar;C:\Users\ZAIN UL ABDIN\AppData\Local\Coursier\cache\v1\https\repo1.maven.org\maven2\com\google\errorprone\error_prone_annotations\2.18.0\error_prone_annotations-2.18.0.jar;C:\Users\ZAIN UL ABDIN\AppData\Local\Coursier\cache\v1\https\repo1.maven.org\maven2\com\google\j2objc\j2objc-annotations\2.8\j2objc-annotations-2.8.jar;C:\Users\ZAIN UL ABDIN\AppData\Local\Coursier\cache\v1\https\repo1.maven.org\maven2\com\geirsson\metaconfig-pprint_3\0.11.1\metaconfig-pprint_3-0.11.1.jar;C:\Users\ZAIN UL ABDIN\AppData\Local\Coursier\cache\v1\https\repo1.maven.org\maven2\org\typelevel\paiges-core_3\0.4.2\paiges-core_3-0.4.2.jar;C:\Users\ZAIN UL ABDIN\AppData\Local\Coursier\cache\v1\https\repo1.maven.org\maven2\org\scala-lang\scala-reflect\2.13.8\scala-reflect-2.13.8.jar;C:\Users\ZAIN UL ABDIN\AppData\Local\Coursier\cache\v1\https\repo1.maven.org\maven2\com\google\cloud\tools\jib-build-plan\0.4.0\jib-build-plan-0.4.0.jar;C:\Users\ZAIN UL ABDIN\AppData\Local\Coursier\cache\v1\https\repo1.maven.org\maven2\com\google\http-client\google-http-client\1.34.0\google-http-client-1.34.0.jar;C:\Users\ZAIN UL ABDIN\AppData\Local\Coursier\cache\v1\https\repo1.maven.org\maven2\com\google\http-client\google-http-client-apache-v2\1.34.0\google-http-client-apache-v2-1.34.0.jar;C:\Users\ZAIN UL ABDIN\AppData\Local\Coursier\cache\v1\https\repo1.maven.org\maven2\com\google\auth\google-auth-library-oauth2-http\0.18.0\google-auth-library-oauth2-http-0.18.0.jar;C:\Users\ZAIN UL ABDIN\AppData\Local\Coursier\cache\v1\https\repo1.maven.org\maven2\org\apache\commons\commons-compress\1.23.0\commons-compress-1.23.0.jar;C:\Users\ZAIN UL ABDIN\AppData\Local\Coursier\cache\v1\https\repo1.maven.org\maven2\com\fasterxml\jackson\core\jackson-databind\2.13.3\jackson-databind-2.13.3.jar;C:\Users\ZAIN UL ABDIN\AppData\Local\Coursier\cache\v1\https\repo1.maven.org\maven2\com\fasterxml\jackson\datatype\jackson-datatype-jsr310\2.13.3\jackson-datatype-jsr310-2.13.3.jar;C:\Users\ZAIN UL ABDIN\AppData\Local\Coursier\cache\v1\https\repo1.maven.org\maven2\com\lihaoyi\geny_2.13\0.7.1\geny_2.13-0.7.1.jar;C:\Users\ZAIN UL ABDIN\AppData\Local\Coursier\cache\v1\https\repo1.maven.org\maven2\org\bouncycastle\bcprov-jdk18on\1.73\bcprov-jdk18on-1.73.jar;C:\Users\ZAIN UL ABDIN\AppData\Local\Coursier\cache\v1\https\repo1.maven.org\maven2\org\scala-lang\scala3-compiler_3\3.1.2\scala3-compiler_3-3.1.2.jar;C:\Users\ZAIN UL ABDIN\AppData\Local\Coursier\cache\v1\https\repo1.maven.org\maven2\org\scalameta\common_2.13\4.8.7\common_2.13-4.8.7.jar;C:\Users\ZAIN UL ABDIN\AppData\Local\Coursier\cache\v1\https\repo1.maven.org\maven2\org\scala-native\tools_3\0.4.14\tools_3-0.4.14.jar;C:\Users\ZAIN UL ABDIN\AppData\Local\Coursier\cache\v1\https\repo1.maven.org\maven2\org\scala-sbt\test-interface\1.0\test-interface-1.0.jar;C:\Users\ZAIN UL ABDIN\AppData\Local\Coursier\cache\v1\https\repo1.maven.org\maven2\com\novocode\junit-interface\0.11\junit-interface-0.11.jar;C:\Users\ZAIN UL ABDIN\AppData\Local\Coursier\cache\v1\https\repo1.maven.org\maven2\junit\junit\4.13.2\junit-4.13.2.jar;C:\Users\ZAIN UL ABDIN\AppData\Local\Coursier\cache\v1\https\repo1.maven.org\maven2\com\lihaoyi\geny_3\1.0.0\geny_3-1.0.0.jar;C:\Users\ZAIN UL ABDIN\AppData\Local\Coursier\cache\v1\https\repo1.maven.org\maven2\com\lihaoyi\fansi_3\0.4.0\fansi_3-0.4.0.jar;C:\Users\ZAIN UL ABDIN\AppData\Local\Coursier\cache\v1\https\repo1.maven.org\maven2\org\scala-js\scalajs-js-envs_2.13\1.4.0\scalajs-js-envs_2.13-1.4.0.jar;C:\Users\ZAIN UL ABDIN\AppData\Local\Coursier\cache\v1\https\repo1.maven.org\maven2\ch\epfl\scala\bloop-config_2.13\1.5.5\bloop-config_2.13-1.5.5.jar;C:\Users\ZAIN UL ABDIN\AppData\Local\Coursier\cache\v1\https\repo1.maven.org\maven2\org\virtuslab\scala-cli\core_3\1.0.4\core_3-1.0.4.jar;C:\Users\ZAIN UL ABDIN\AppData\Local\Coursier\cache\v1\https\repo1.maven.org\maven2\org\virtuslab\using_directives\1.1.0\using_directives-1.1.0.jar;C:\Users\ZAIN UL ABDIN\AppData\Local\Coursier\cache\v1\https\repo1.maven.org\maven2\org\virtuslab\scala-cli\build-macros_3\1.0.4\build-macros_3-1.0.4.jar;C:\Users\ZAIN UL ABDIN\AppData\Local\Coursier\cache\v1\https\repo1.maven.org\maven2\ch\epfl\scala\bsp4j\2.1.0-M5\bsp4j-2.1.0-M5.jar;C:\Users\ZAIN UL ABDIN\AppData\Local\Coursier\cache\v1\https\repo1.maven.org\maven2\javax\inject\javax.inject\1\javax.inject-1.jar;C:\Users\ZAIN UL ABDIN\AppData\Local\Coursier\cache\v1\https\repo1.maven.org\maven2\org\codehaus\plexus\plexus-utils\3.5.1\plexus-utils-3.5.1.jar;C:\Users\ZAIN UL ABDIN\AppData\Local\Coursier\cache\v1\https\repo1.maven.org\maven2\org\codehaus\plexus\plexus-io\3.4.1\plexus-io-3.4.1.jar;C:\Users\ZAIN UL ABDIN\AppData\Local\Coursier\cache\v1\https\repo1.maven.org\maven2\org\iq80\snappy\snappy\0.4\snappy-0.4.jar;C:\Users\ZAIN UL ABDIN\AppData\Local\Coursier\cache\v1\https\repo1.maven.org\maven2\org\tukaani\xz\1.9\xz-1.9.jar;C:\Users\ZAIN UL ABDIN\AppData\Local\Coursier\cache\v1\https\repo1.maven.org\maven2\com\github\luben\zstd-jni\1.5.5-2\zstd-jni-1.5.5-2.jar;C:\Users\ZAIN UL ABDIN\AppData\Local\Coursier\cache\v1\https\repo1.maven.org\maven2\org\codehaus\plexus\plexus-classworlds\2.6.0\plexus-classworlds-2.6.0.jar;C:\Users\ZAIN UL ABDIN\AppData\Local\Coursier\cache\v1\https\repo1.maven.org\maven2\org\apache\xbean\xbean-reflect\3.7\xbean-reflect-3.7.jar;C:\Users\ZAIN UL ABDIN\AppData\Local\Coursier\cache\v1\https\repo1.maven.org\maven2\org\fusesource\jansi\jansi\1.18\jansi-1.18.jar;C:\Users\ZAIN UL ABDIN\AppData\Local\Coursier\cache\v1\https\repo1.maven.org\maven2\org\apache\httpcomponents\httpclient\4.5.10\httpclient-4.5.10.jar;C:\Users\ZAIN UL ABDIN\AppData\Local\Coursier\cache\v1\https\repo1.maven.org\maven2\org\apache\httpcomponents\httpcore\4.4.12\httpcore-4.4.12.jar;C:\Users\ZAIN UL ABDIN\AppData\Local\Coursier\cache\v1\https\repo1.maven.org\maven2\io\opencensus\opencensus-api\0.24.0\opencensus-api-0.24.0.jar;C:\Users\ZAIN UL ABDIN\AppData\Local\Coursier\cache\v1\https\repo1.maven.org\maven2\io\opencensus\opencensus-contrib-http-util\0.24.0\opencensus-contrib-http-util-0.24.0.jar;C:\Users\ZAIN UL ABDIN\AppData\Local\Coursier\cache\v1\https\repo1.maven.org\maven2\com\google\auto\value\auto-value-annotations\1.6.6\auto-value-annotations-1.6.6.jar;C:\Users\ZAIN UL ABDIN\AppData\Local\Coursier\cache\v1\https\repo1.maven.org\maven2\com\google\auth\google-auth-library-credentials\0.18.0\google-auth-library-credentials-0.18.0.jar;C:\Users\ZAIN UL ABDIN\AppData\Local\Coursier\cache\v1\https\repo1.maven.org\maven2\com\google\http-client\google-http-client-jackson2\1.32.1\google-http-client-jackson2-1.32.1.jar;C:\Users\ZAIN UL ABDIN\AppData\Local\Coursier\cache\v1\https\repo1.maven.org\maven2\com\fasterxml\jackson\core\jackson-annotations\2.13.3\jackson-annotations-2.13.3.jar;C:\Users\ZAIN UL ABDIN\AppData\Local\Coursier\cache\v1\https\repo1.maven.org\maven2\com\fasterxml\jackson\core\jackson-core\2.13.3\jackson-core-2.13.3.jar;C:\Users\ZAIN UL ABDIN\AppData\Local\Coursier\cache\v1\https\repo1.maven.org\maven2\org\scala-lang\scala3-interfaces\3.1.2\scala3-interfaces-3.1.2.jar;C:\Users\ZAIN UL ABDIN\AppData\Local\Coursier\cache\v1\https\repo1.maven.org\maven2\org\scala-lang\tasty-core_3\3.1.2\tasty-core_3-3.1.2.jar;C:\Users\ZAIN UL ABDIN\AppData\Local\Coursier\cache\v1\https\repo1.maven.org\maven2\org\scala-lang\modules\scala-asm\9.1.0-scala-1\scala-asm-9.1.0-scala-1.jar;C:\Users\ZAIN UL ABDIN\AppData\Local\Coursier\cache\v1\https\repo1.maven.org\maven2\org\scala-sbt\compiler-interface\1.3.5\compiler-interface-1.3.5.jar;C:\Users\ZAIN UL ABDIN\AppData\Local\Coursier\cache\v1\https\repo1.maven.org\maven2\org\jline\jline-reader\3.19.0\jline-reader-3.19.0.jar;C:\Users\ZAIN UL ABDIN\AppData\Local\Coursier\cache\v1\https\repo1.maven.org\maven2\org\jline\jline-terminal\3.19.0\jline-terminal-3.19.0.jar;C:\Users\ZAIN UL ABDIN\AppData\Local\Coursier\cache\v1\https\repo1.maven.org\maven2\org\jline\jline-terminal-jna\3.19.0\jline-terminal-jna-3.19.0.jar;C:\Users\ZAIN UL ABDIN\AppData\Local\Coursier\cache\v1\https\repo1.maven.org\maven2\com\lihaoyi\sourcecode_2.13\0.3.0\sourcecode_2.13-0.3.0.jar;C:\Users\ZAIN UL ABDIN\AppData\Local\Coursier\cache\v1\https\repo1.maven.org\maven2\com\thesamet\scalapb\scalapb-runtime_2.13\0.11.13\scalapb-runtime_2.13-0.11.13.jar;C:\Users\ZAIN UL ABDIN\AppData\Local\Coursier\cache\v1\https\repo1.maven.org\maven2\org\scala-native\nir_3\0.4.14\nir_3-0.4.14.jar;C:\Users\ZAIN UL ABDIN\AppData\Local\Coursier\cache\v1\https\repo1.maven.org\maven2\org\scala-native\util_3\0.4.14\util_3-0.4.14.jar;C:\Users\ZAIN UL ABDIN\AppData\Local\Coursier\cache\v1\https\repo1.maven.org\maven2\org\scala-lang\modules\scala-parallel-collections_3\1.0.3\scala-parallel-collections_3-1.0.3.jar;C:\Users\ZAIN UL ABDIN\AppData\Local\Coursier\cache\v1\https\repo1.maven.org\maven2\org\hamcrest\hamcrest-core\1.3\hamcrest-core-1.3.jar;C:\Users\ZAIN UL ABDIN\AppData\Local\Coursier\cache\v1\https\repo1.maven.org\maven2\org\scala-js\scalajs-logging_2.13\1.1.1\scalajs-logging_2.13-1.1.1.jar;C:\Users\ZAIN UL ABDIN\AppData\Local\Coursier\cache\v1\https\repo1.maven.org\maven2\io\github\alexarchambault\bleep\bloop-rifle_2.13\1.5.9-sc-1\bloop-rifle_2.13-1.5.9-sc-1.jar;C:\Users\ZAIN UL ABDIN\AppData\Local\Coursier\cache\v1\https\repo1.maven.org\maven2\io\get-coursier\coursier-jvm_2.13\2.1.5\coursier-jvm_2.13-2.1.5.jar;C:\Users\ZAIN UL ABDIN\AppData\Local\Coursier\cache\v1\https\repo1.maven.org\maven2\io\get-coursier\dependency_3\0.2.3\dependency_3-0.2.3.jar;C:\Users\ZAIN UL ABDIN\AppData\Local\Coursier\cache\v1\https\repo1.maven.org\maven2\org\eclipse\jgit\org.eclipse.jgit\6.6.0.202305301015-r\org.eclipse.jgit-6.6.0.202305301015-r.jar;C:\Users\ZAIN UL ABDIN\AppData\Local\Coursier\cache\v1\https\repo1.maven.org\maven2\org\scala-js\scalajs-env-jsdom-nodejs_2.13\1.1.0\scalajs-env-jsdom-nodejs_2.13-1.1.0.jar;C:\Users\ZAIN UL ABDIN\AppData\Local\Coursier\cache\v1\https\repo1.maven.org\maven2\org\eclipse\lsp4j\org.eclipse.lsp4j.generator\0.20.1\org.eclipse.lsp4j.generator-0.20.1.jar;C:\Users\ZAIN UL ABDIN\AppData\Local\Coursier\cache\v1\https\repo1.maven.org\maven2\org\eclipse\lsp4j\org.eclipse.lsp4j.jsonrpc\0.20.1\org.eclipse.lsp4j.jsonrpc-0.20.1.jar;C:\Users\ZAIN UL ABDIN\AppData\Local\Coursier\cache\v1\https\repo1.maven.org\maven2\commons-logging\commons-logging\1.2\commons-logging-1.2.jar;C:\Users\ZAIN UL ABDIN\AppData\Local\Coursier\cache\v1\https\repo1.maven.org\maven2\commons-codec\commons-codec\1.11\commons-codec-1.11.jar;C:\Users\ZAIN UL ABDIN\AppData\Local\Coursier\cache\v1\https\repo1.maven.org\maven2\io\grpc\grpc-context\1.22.1\grpc-context-1.22.1.jar;C:\Users\ZAIN UL ABDIN\AppData\Local\Coursier\cache\v1\https\repo1.maven.org\maven2\com\google\protobuf\protobuf-java\3.19.6\protobuf-java-3.19.6.jar;C:\Users\ZAIN UL ABDIN\AppData\Local\Coursier\cache\v1\https\repo1.maven.org\maven2\org\scala-sbt\util-interface\1.3.0\util-interface-1.3.0.jar;C:\Users\ZAIN UL ABDIN\AppData\Local\Coursier\cache\v1\https\repo1.maven.org\maven2\com\thesamet\scalapb\lenses_2.13\0.11.13\lenses_2.13-0.11.13.jar;C:\Users\ZAIN UL ABDIN\AppData\Local\Coursier\cache\v1\https\repo1.maven.org\maven2\io\github\alexarchambault\libdaemon\libdaemon_2.13\0.0.11\libdaemon_2.13-0.0.11.jar;C:\Users\ZAIN UL ABDIN\AppData\Local\Coursier\cache\v1\https\repo1.maven.org\maven2\io\github\alexarchambault\scala-cli\snailgun\snailgun-core_2.13\0.4.1-sc2\snailgun-core_2.13-0.4.1-sc2.jar;C:\Users\ZAIN UL ABDIN\AppData\Local\Coursier\cache\v1\https\repo1.maven.org\maven2\com\github\alexarchambault\argonaut-shapeless_6.3_2.13\1.3.1\argonaut-shapeless_6.3_2.13-1.3.1.jar;C:\Users\ZAIN UL ABDIN\AppData\Local\Coursier\cache\v1\https\repo1.maven.org\maven2\io\get-coursier\coursier_2.13\2.1.5\coursier_2.13-2.1.5.jar;C:\Users\ZAIN UL ABDIN\AppData\Local\Coursier\cache\v1\https\repo1.maven.org\maven2\io\get-coursier\coursier-env_2.13\2.1.5\coursier-env_2.13-2.1.5.jar;C:\Users\ZAIN UL ABDIN\AppData\Local\Coursier\cache\v1\https\repo1.maven.org\maven2\com\googlecode\javaewah\JavaEWAH\1.2.3\JavaEWAH-1.2.3.jar;C:\Users\ZAIN UL ABDIN\AppData\Local\Coursier\cache\v1\https\repo1.maven.org\maven2\org\eclipse\xtend\org.eclipse.xtend.lib\2.28.0\org.eclipse.xtend.lib-2.28.0.jar;C:\Users\ZAIN UL ABDIN\AppData\Local\Coursier\cache\v1\https\repo1.maven.org\maven2\com\google\code\gson\gson\2.10.1\gson-2.10.1.jar;C:\Users\ZAIN UL ABDIN\AppData\Local\Coursier\cache\v1\https\repo1.maven.org\maven2\io\argonaut\argonaut_2.13\6.3.8\argonaut_2.13-6.3.8.jar;C:\Users\ZAIN UL ABDIN\AppData\Local\Coursier\cache\v1\https\repo1.maven.org\maven2\com\chuusai\shapeless_2.13\2.3.9\shapeless_2.13-2.3.9.jar;C:\Users\ZAIN UL ABDIN\AppData\Local\Coursier\cache\v1\https\repo1.maven.org\maven2\org\eclipse\xtext\org.eclipse.xtext.xbase.lib\2.28.0\org.eclipse.xtext.xbase.lib-2.28.0.jar;C:\Users\ZAIN UL ABDIN\AppData\Local\Coursier\cache\v1\https\repo1.maven.org\maven2\org\eclipse\xtend\org.eclipse.xtend.lib.macro\2.28.0\org.eclipse.xtend.lib.macro-2.28.0.jar, scala.cli.ScalaCli, bsp, C:\Users\ZAIN UL ABDIN\Documents\scala_learnings\first_class)
2023.09.28 20:38:03 INFO  tracing is disabled for protocol BSP, to enable tracing of incoming and outgoing JSON messages create an empty file at C:\Users\ZAIN UL ABDIN\Documents\scala_learnings\first_class\.metals\bsp.trace.json or C:\Users\ZAIN UL ABDIN\AppData\Local\scalameta\metals\cache\bsp.trace.json
2023.09.28 20:38:24 ERROR Timeout waiting for 'build/initialize' response
2023.09.28 20:38:24 WARN  Retrying connection to the build server scala-cli
2023.09.28 20:38:24 INFO  Running BSP server List(C:\Users\ZAIN UL ABDIN\AppData\Local\Programs\Eclipse Adoptium\jdk-17.0.8.7-hotspot\bin\java.exe, -cp, C:\Users\ZAIN UL ABDIN\AppData\Local\Coursier\cache\v1\https\repo1.maven.org\maven2\org\virtuslab\scala-cli\cli_3\1.0.4\cli_3-1.0.4.jar;C:\Users\ZAIN UL ABDIN\AppData\Local\Coursier\cache\v1\https\repo1.maven.org\maven2\com\github\alexarchambault\case-app_3\2.1.0-M25\case-app_3-2.1.0-M25.jar;C:\Users\ZAIN UL ABDIN\AppData\Local\Coursier\cache\v1\https\repo1.maven.org\maven2\io\get-coursier\coursier-launcher_2.13\2.1.5\coursier-launcher_2.13-2.1.5.jar;C:\Users\ZAIN UL ABDIN\AppData\Local\Coursier\cache\v1\https\repo1.maven.org\maven2\io\get-coursier\coursier-proxy-setup\2.1.5\coursier-proxy-setup-2.1.5.jar;C:\Users\ZAIN UL ABDIN\AppData\Local\Coursier\cache\v1\https\repo1.maven.org\maven2\io\get-coursier\publish\publish_2.13\0.1.4\publish_2.13-0.1.4.jar;C:\Users\ZAIN UL ABDIN\AppData\Local\Coursier\cache\v1\https\repo1.maven.org\maven2\com\google\jimfs\jimfs\1.3.0\jimfs-1.3.0.jar;C:\Users\ZAIN UL ABDIN\AppData\Local\Coursier\cache\v1\https\repo1.maven.org\maven2\io\get-coursier\jniutils\windows-jni-utils\0.3.3\windows-jni-utils-0.3.3.jar;C:\Users\ZAIN UL ABDIN\AppData\Local\Coursier\cache\v1\https\repo1.maven.org\maven2\com\github\plokhotnyuk\jsoniter-scala\jsoniter-scala-core_3\2.13.5.2\jsoniter-scala-core_3-2.13.5.2.jar;C:\Users\ZAIN UL ABDIN\AppData\Local\Coursier\cache\v1\https\repo1.maven.org\maven2\org\virtuslab\scala-cli\libsodiumjni\0.0.3\libsodiumjni-0.0.3.jar;C:\Users\ZAIN UL ABDIN\AppData\Local\Coursier\cache\v1\https\repo1.maven.org\maven2\com\geirsson\metaconfig-typesafe-config_3\0.11.1\metaconfig-typesafe-config_3-0.11.1.jar;C:\Users\ZAIN UL ABDIN\AppData\Local\Coursier\cache\v1\https\repo1.maven.org\maven2\ai\kien\python-native-libs_3\0.2.4\python-native-libs_3-0.2.4.jar;C:\Users\ZAIN UL ABDIN\AppData\Local\Coursier\cache\v1\https\repo1.maven.org\maven2\org\virtuslab\scala-packager_2.13\0.1.29\scala-packager_2.13-0.1.29.jar;C:\Users\ZAIN UL ABDIN\AppData\Local\Coursier\cache\v1\https\repo1.maven.org\maven2\org\virtuslab\scala-cli-signing\cli_3\0.2.2\cli_3-0.2.2.jar;C:\Users\ZAIN UL ABDIN\AppData\Local\Coursier\cache\v1\https\repo1.maven.org\maven2\org\slf4j\slf4j-nop\2.0.7\slf4j-nop-2.0.7.jar;C:\Users\ZAIN UL ABDIN\AppData\Local\Coursier\cache\v1\https\repo1.maven.org\maven2\com\softwaremill\sttp\client3\core_2.13\3.8.16\core_2.13-3.8.16.jar;C:\Users\ZAIN UL ABDIN\AppData\Local\Coursier\cache\v1\https\repo1.maven.org\maven2\org\scala-lang\scala3-library_3\3.3.0\scala3-library_3-3.3.0.jar;C:\Users\ZAIN UL ABDIN\AppData\Local\Coursier\cache\v1\https\repo1.maven.org\maven2\org\virtuslab\scala-cli\build-module_3\1.0.4\build-module_3-1.0.4.jar;C:\Users\ZAIN UL ABDIN\AppData\Local\Coursier\cache\v1\https\repo1.maven.org\maven2\org\virtuslab\scala-cli\config_3\1.0.4\config_3-1.0.4.jar;C:\Users\ZAIN UL ABDIN\AppData\Local\Coursier\cache\v1\https\repo1.maven.org\maven2\org\virtuslab\scala-cli\scala3-graal_3\1.0.4\scala3-graal_3-1.0.4.jar;C:\Users\ZAIN UL ABDIN\AppData\Local\Coursier\cache\v1\https\repo1.maven.org\maven2\org\virtuslab\scala-cli\specification-level_3\1.0.4\specification-level_3-1.0.4.jar;C:\Users\ZAIN UL ABDIN\AppData\Local\Coursier\cache\v1\https\repo1.maven.org\maven2\com\github\alexarchambault\case-app-annotations_3\2.1.0-M25\case-app-annotations_3-2.1.0-M25.jar;C:\Users\ZAIN UL ABDIN\AppData\Local\Coursier\cache\v1\https\repo1.maven.org\maven2\com\github\alexarchambault\case-app-util_3\2.1.0-M25\case-app-util_3-2.1.0-M25.jar;C:\Users\ZAIN UL ABDIN\AppData\Local\Coursier\cache\v1\https\repo1.maven.org\maven2\com\lihaoyi\sourcecode_3\0.3.0\sourcecode_3-0.3.0.jar;C:\Users\ZAIN UL ABDIN\AppData\Local\Coursier\cache\v1\https\repo1.maven.org\maven2\org\scala-lang\modules\scala-collection-compat_2.13\2.11.0\scala-collection-compat_2.13-2.11.0.jar;C:\Users\ZAIN UL ABDIN\AppData\Local\Coursier\cache\v1\https\repo1.maven.org\maven2\io\github\alexarchambault\scala-cli\tmp\zip-input-stream\0.1.1\zip-input-stream-0.1.1.jar;C:\Users\ZAIN UL ABDIN\AppData\Local\Coursier\cache\v1\https\repo1.maven.org\maven2\ai\kien\python-native-libs_2.13\0.2.4\python-native-libs_2.13-0.2.4.jar;C:\Users\ZAIN UL ABDIN\AppData\Local\Coursier\cache\v1\https\repo1.maven.org\maven2\org\scala-lang\scala-library\2.13.11\scala-library-2.13.11.jar;C:\Users\ZAIN UL ABDIN\AppData\Local\Coursier\cache\v1\https\repo1.maven.org\maven2\io\get-coursier\coursier-cache_2.13\2.1.5\coursier-cache_2.13-2.1.5.jar;C:\Users\ZAIN UL ABDIN\AppData\Local\Coursier\cache\v1\https\repo1.maven.org\maven2\io\get-coursier\coursier-core_2.13\2.1.5\coursier-core_2.13-2.1.5.jar;C:\Users\ZAIN UL ABDIN\AppData\Local\Coursier\cache\v1\https\repo1.maven.org\maven2\com\github\plokhotnyuk\jsoniter-scala\jsoniter-scala-core_2.13\2.13.15\jsoniter-scala-core_2.13-2.13.15.jar;C:\Users\ZAIN UL ABDIN\AppData\Local\Coursier\cache\v1\https\repo1.maven.org\maven2\com\google\guava\guava\32.1.2-jre\guava-32.1.2-jre.jar;C:\Users\ZAIN UL ABDIN\AppData\Local\Coursier\cache\v1\https\repo1.maven.org\maven2\net\java\dev\jna\jna\5.12.1\jna-5.12.1.jar;C:\Users\ZAIN UL ABDIN\AppData\Local\Coursier\cache\v1\https\repo1.maven.org\maven2\net\java\dev\jna\jna-platform\5.12.1\jna-platform-5.12.1.jar;C:\Users\ZAIN UL ABDIN\AppData\Local\Coursier\cache\v1\https\repo1.maven.org\maven2\com\geirsson\metaconfig-core_3\0.11.1\metaconfig-core_3-0.11.1.jar;C:\Users\ZAIN UL ABDIN\AppData\Local\Coursier\cache\v1\https\repo1.maven.org\maven2\com\typesafe\config\1.4.1\config-1.4.1.jar;C:\Users\ZAIN UL ABDIN\AppData\Local\Coursier\cache\v1\https\repo1.maven.org\maven2\org\scala-lang\modules\scala-collection-compat_3\2.11.0\scala-collection-compat_3-2.11.0.jar;C:\Users\ZAIN UL ABDIN\AppData\Local\Coursier\cache\v1\https\repo1.maven.org\maven2\commons-io\commons-io\2.11.0\commons-io-2.11.0.jar;C:\Users\ZAIN UL ABDIN\AppData\Local\Coursier\cache\v1\https\repo1.maven.org\maven2\com\google\cloud\tools\jib-core\0.22.0\jib-core-0.22.0.jar;C:\Users\ZAIN UL ABDIN\AppData\Local\Coursier\cache\v1\https\repo1.maven.org\maven2\com\lihaoyi\os-lib_2.13\0.8.1\os-lib_2.13-0.8.1.jar;C:\Users\ZAIN UL ABDIN\AppData\Local\Coursier\cache\v1\https\repo1.maven.org\maven2\org\bouncycastle\bcpg-jdk18on\1.73\bcpg-jdk18on-1.73.jar;C:\Users\ZAIN UL ABDIN\AppData\Local\Coursier\cache\v1\https\repo1.maven.org\maven2\org\virtuslab\scala-cli-signing\shared_3\0.2.2\shared_3-0.2.2.jar;C:\Users\ZAIN UL ABDIN\AppData\Local\Coursier\cache\v1\https\repo1.maven.org\maven2\org\slf4j\slf4j-api\2.0.7\slf4j-api-2.0.7.jar;C:\Users\ZAIN UL ABDIN\AppData\Local\Coursier\cache\v1\https\repo1.maven.org\maven2\com\softwaremill\sttp\model\core_2.13\1.5.5\core_2.13-1.5.5.jar;C:\Users\ZAIN UL ABDIN\AppData\Local\Coursier\cache\v1\https\repo1.maven.org\maven2\com\softwaremill\sttp\shared\core_2.13\1.3.13\core_2.13-1.3.13.jar;C:\Users\ZAIN UL ABDIN\AppData\Local\Coursier\cache\v1\https\repo1.maven.org\maven2\com\softwaremill\sttp\shared\ws_2.13\1.3.13\ws_2.13-1.3.13.jar;C:\Users\ZAIN UL ABDIN\AppData\Local\Coursier\cache\v1\https\repo1.maven.org\maven2\org\ow2\asm\asm\9.5\asm-9.5.jar;C:\Users\ZAIN UL ABDIN\AppData\Local\Coursier\cache\v1\https\repo1.maven.org\maven2\io\github\alexarchambault\scala-cli\java-class-name_3\0.1.0\java-class-name_3-0.1.0.jar;C:\Users\ZAIN UL ABDIN\AppData\Local\Coursier\cache\v1\https\repo1.maven.org\maven2\org\scalameta\trees_2.13\4.8.7\trees_2.13-4.8.7.jar;C:\Users\ZAIN UL ABDIN\AppData\Local\Coursier\cache\v1\https\repo1.maven.org\maven2\org\scala-native\test-runner_3\0.4.14\test-runner_3-0.4.14.jar;C:\Users\ZAIN UL ABDIN\AppData\Local\Coursier\cache\v1\https\repo1.maven.org\maven2\com\lihaoyi\os-lib_3\0.9.1\os-lib_3-0.9.1.jar;C:\Users\ZAIN UL ABDIN\AppData\Local\Coursier\cache\v1\https\repo1.maven.org\maven2\com\lihaoyi\pprint_3\0.8.1\pprint_3-0.8.1.jar;C:\Users\ZAIN UL ABDIN\AppData\Local\Coursier\cache\v1\https\repo1.maven.org\maven2\org\scala-js\scalajs-env-nodejs_2.13\1.4.0\scalajs-env-nodejs_2.13-1.4.0.jar;C:\Users\ZAIN UL ABDIN\AppData\Local\Coursier\cache\v1\https\repo1.maven.org\maven2\org\scala-js\scalajs-sbt-test-adapter_2.13\1.13.2\scalajs-sbt-test-adapter_2.13-1.13.2.jar;C:\Users\ZAIN UL ABDIN\AppData\Local\Coursier\cache\v1\https\repo1.maven.org\maven2\com\swoval\file-tree-views\2.1.10\file-tree-views-2.1.10.jar;C:\Users\ZAIN UL ABDIN\AppData\Local\Coursier\cache\v1\https\repo1.maven.org\maven2\org\virtuslab\scala-cli\options_3\1.0.4\options_3-1.0.4.jar;C:\Users\ZAIN UL ABDIN\AppData\Local\Coursier\cache\v1\https\repo1.maven.org\maven2\org\virtuslab\scala-cli\directives_3\1.0.4\directives_3-1.0.4.jar;C:\Users\ZAIN UL ABDIN\AppData\Local\Coursier\cache\v1\https\repo1.maven.org\maven2\org\virtuslab\scala-cli\scala-cli-bsp\1.0.4\scala-cli-bsp-1.0.4.jar;C:\Users\ZAIN UL ABDIN\AppData\Local\Coursier\cache\v1\https\repo1.maven.org\maven2\org\virtuslab\scala-cli\test-runner_2.13\1.0.4\test-runner_2.13-1.0.4.jar;C:\Users\ZAIN UL ABDIN\AppData\Local\Coursier\cache\v1\https\repo1.maven.org\maven2\org\virtuslab\scala-cli\tasty-lib_3\1.0.4\tasty-lib_3-1.0.4.jar;C:\Users\ZAIN UL ABDIN\AppData\Local\Coursier\cache\v1\https\repo1.maven.org\maven2\org\codehaus\plexus\plexus-archiver\4.7.1\plexus-archiver-4.7.1.jar;C:\Users\ZAIN UL ABDIN\AppData\Local\Coursier\cache\v1\https\repo1.maven.org\maven2\org\codehaus\plexus\plexus-container-default\2.1.1\plexus-container-default-2.1.1.jar;C:\Users\ZAIN UL ABDIN\AppData\Local\Coursier\cache\v1\https\repo1.maven.org\maven2\io\github\alexarchambault\windows-ansi\windows-ansi\0.0.5\windows-ansi-0.0.5.jar;C:\Users\ZAIN UL ABDIN\AppData\Local\Coursier\cache\v1\https\repo1.maven.org\maven2\io\get-coursier\coursier-util_2.13\2.1.5\coursier-util_2.13-2.1.5.jar;C:\Users\ZAIN UL ABDIN\AppData\Local\Coursier\cache\v1\https\repo1.maven.org\maven2\io\github\alexarchambault\concurrent-reference-hash-map\1.1.0\concurrent-reference-hash-map-1.1.0.jar;C:\Users\ZAIN UL ABDIN\AppData\Local\Coursier\cache\v1\https\repo1.maven.org\maven2\org\scala-lang\modules\scala-xml_2.13\2.1.0\scala-xml_2.13-2.1.0.jar;C:\Users\ZAIN UL ABDIN\AppData\Local\Coursier\cache\v1\https\repo1.maven.org\maven2\com\google\guava\failureaccess\1.0.1\failureaccess-1.0.1.jar;C:\Users\ZAIN UL ABDIN\AppData\Local\Coursier\cache\v1\https\repo1.maven.org\maven2\com\google\guava\listenablefuture\9999.0-empty-to-avoid-conflict-with-guava\listenablefuture-9999.0-empty-to-avoid-conflict-with-guava.jar;C:\Users\ZAIN UL ABDIN\AppData\Local\Coursier\cache\v1\https\repo1.maven.org\maven2\com\google\code\findbugs\jsr305\3.0.2\jsr305-3.0.2.jar;C:\Users\ZAIN UL ABDIN\AppData\Local\Coursier\cache\v1\https\repo1.maven.org\maven2\org\checkerframework\checker-qual\3.33.0\checker-qual-3.33.0.jar;C:\Users\ZAIN UL ABDIN\AppData\Local\Coursier\cache\v1\https\repo1.maven.org\maven2\com\google\errorprone\error_prone_annotations\2.18.0\error_prone_annotations-2.18.0.jar;C:\Users\ZAIN UL ABDIN\AppData\Local\Coursier\cache\v1\https\repo1.maven.org\maven2\com\google\j2objc\j2objc-annotations\2.8\j2objc-annotations-2.8.jar;C:\Users\ZAIN UL ABDIN\AppData\Local\Coursier\cache\v1\https\repo1.maven.org\maven2\com\geirsson\metaconfig-pprint_3\0.11.1\metaconfig-pprint_3-0.11.1.jar;C:\Users\ZAIN UL ABDIN\AppData\Local\Coursier\cache\v1\https\repo1.maven.org\maven2\org\typelevel\paiges-core_3\0.4.2\paiges-core_3-0.4.2.jar;C:\Users\ZAIN UL ABDIN\AppData\Local\Coursier\cache\v1\https\repo1.maven.org\maven2\org\scala-lang\scala-reflect\2.13.8\scala-reflect-2.13.8.jar;C:\Users\ZAIN UL ABDIN\AppData\Local\Coursier\cache\v1\https\repo1.maven.org\maven2\com\google\cloud\tools\jib-build-plan\0.4.0\jib-build-plan-0.4.0.jar;C:\Users\ZAIN UL ABDIN\AppData\Local\Coursier\cache\v1\https\repo1.maven.org\maven2\com\google\http-client\google-http-client\1.34.0\google-http-client-1.34.0.jar;C:\Users\ZAIN UL ABDIN\AppData\Local\Coursier\cache\v1\https\repo1.maven.org\maven2\com\google\http-client\google-http-client-apache-v2\1.34.0\google-http-client-apache-v2-1.34.0.jar;C:\Users\ZAIN UL ABDIN\AppData\Local\Coursier\cache\v1\https\repo1.maven.org\maven2\com\google\auth\google-auth-library-oauth2-http\0.18.0\google-auth-library-oauth2-http-0.18.0.jar;C:\Users\ZAIN UL ABDIN\AppData\Local\Coursier\cache\v1\https\repo1.maven.org\maven2\org\apache\commons\commons-compress\1.23.0\commons-compress-1.23.0.jar;C:\Users\ZAIN UL ABDIN\AppData\Local\Coursier\cache\v1\https\repo1.maven.org\maven2\com\fasterxml\jackson\core\jackson-databind\2.13.3\jackson-databind-2.13.3.jar;C:\Users\ZAIN UL ABDIN\AppData\Local\Coursier\cache\v1\https\repo1.maven.org\maven2\com\fasterxml\jackson\datatype\jackson-datatype-jsr310\2.13.3\jackson-datatype-jsr310-2.13.3.jar;C:\Users\ZAIN UL ABDIN\AppData\Local\Coursier\cache\v1\https\repo1.maven.org\maven2\com\lihaoyi\geny_2.13\0.7.1\geny_2.13-0.7.1.jar;C:\Users\ZAIN UL ABDIN\AppData\Local\Coursier\cache\v1\https\repo1.maven.org\maven2\org\bouncycastle\bcprov-jdk18on\1.73\bcprov-jdk18on-1.73.jar;C:\Users\ZAIN UL ABDIN\AppData\Local\Coursier\cache\v1\https\repo1.maven.org\maven2\org\scala-lang\scala3-compiler_3\3.1.2\scala3-compiler_3-3.1.2.jar;C:\Users\ZAIN UL ABDIN\AppData\Local\Coursier\cache\v1\https\repo1.maven.org\maven2\org\scalameta\common_2.13\4.8.7\common_2.13-4.8.7.jar;C:\Users\ZAIN UL ABDIN\AppData\Local\Coursier\cache\v1\https\repo1.maven.org\maven2\org\scala-native\tools_3\0.4.14\tools_3-0.4.14.jar;C:\Users\ZAIN UL ABDIN\AppData\Local\Coursier\cache\v1\https\repo1.maven.org\maven2\org\scala-sbt\test-interface\1.0\test-interface-1.0.jar;C:\Users\ZAIN UL ABDIN\AppData\Local\Coursier\cache\v1\https\repo1.maven.org\maven2\com\novocode\junit-interface\0.11\junit-interface-0.11.jar;C:\Users\ZAIN UL ABDIN\AppData\Local\Coursier\cache\v1\https\repo1.maven.org\maven2\junit\junit\4.13.2\junit-4.13.2.jar;C:\Users\ZAIN UL ABDIN\AppData\Local\Coursier\cache\v1\https\repo1.maven.org\maven2\com\lihaoyi\geny_3\1.0.0\geny_3-1.0.0.jar;C:\Users\ZAIN UL ABDIN\AppData\Local\Coursier\cache\v1\https\repo1.maven.org\maven2\com\lihaoyi\fansi_3\0.4.0\fansi_3-0.4.0.jar;C:\Users\ZAIN UL ABDIN\AppData\Local\Coursier\cache\v1\https\repo1.maven.org\maven2\org\scala-js\scalajs-js-envs_2.13\1.4.0\scalajs-js-envs_2.13-1.4.0.jar;C:\Users\ZAIN UL ABDIN\AppData\Local\Coursier\cache\v1\https\repo1.maven.org\maven2\ch\epfl\scala\bloop-config_2.13\1.5.5\bloop-config_2.13-1.5.5.jar;C:\Users\ZAIN UL ABDIN\AppData\Local\Coursier\cache\v1\https\repo1.maven.org\maven2\org\virtuslab\scala-cli\core_3\1.0.4\core_3-1.0.4.jar;C:\Users\ZAIN UL ABDIN\AppData\Local\Coursier\cache\v1\https\repo1.maven.org\maven2\org\virtuslab\using_directives\1.1.0\using_directives-1.1.0.jar;C:\Users\ZAIN UL ABDIN\AppData\Local\Coursier\cache\v1\https\repo1.maven.org\maven2\org\virtuslab\scala-cli\build-macros_3\1.0.4\build-macros_3-1.0.4.jar;C:\Users\ZAIN UL ABDIN\AppData\Local\Coursier\cache\v1\https\repo1.maven.org\maven2\ch\epfl\scala\bsp4j\2.1.0-M5\bsp4j-2.1.0-M5.jar;C:\Users\ZAIN UL ABDIN\AppData\Local\Coursier\cache\v1\https\repo1.maven.org\maven2\javax\inject\javax.inject\1\javax.inject-1.jar;C:\Users\ZAIN UL ABDIN\AppData\Local\Coursier\cache\v1\https\repo1.maven.org\maven2\org\codehaus\plexus\plexus-utils\3.5.1\plexus-utils-3.5.1.jar;C:\Users\ZAIN UL ABDIN\AppData\Local\Coursier\cache\v1\https\repo1.maven.org\maven2\org\codehaus\plexus\plexus-io\3.4.1\plexus-io-3.4.1.jar;C:\Users\ZAIN UL ABDIN\AppData\Local\Coursier\cache\v1\https\repo1.maven.org\maven2\org\iq80\snappy\snappy\0.4\snappy-0.4.jar;C:\Users\ZAIN UL ABDIN\AppData\Local\Coursier\cache\v1\https\repo1.maven.org\maven2\org\tukaani\xz\1.9\xz-1.9.jar;C:\Users\ZAIN UL ABDIN\AppData\Local\Coursier\cache\v1\https\repo1.maven.org\maven2\com\github\luben\zstd-jni\1.5.5-2\zstd-jni-1.5.5-2.jar;C:\Users\ZAIN UL ABDIN\AppData\Local\Coursier\cache\v1\https\repo1.maven.org\maven2\org\codehaus\plexus\plexus-classworlds\2.6.0\plexus-classworlds-2.6.0.jar;C:\Users\ZAIN UL ABDIN\AppData\Local\Coursier\cache\v1\https\repo1.maven.org\maven2\org\apache\xbean\xbean-reflect\3.7\xbean-reflect-3.7.jar;C:\Users\ZAIN UL ABDIN\AppData\Local\Coursier\cache\v1\https\repo1.maven.org\maven2\org\fusesource\jansi\jansi\1.18\jansi-1.18.jar;C:\Users\ZAIN UL ABDIN\AppData\Local\Coursier\cache\v1\https\repo1.maven.org\maven2\org\apache\httpcomponents\httpclient\4.5.10\httpclient-4.5.10.jar;C:\Users\ZAIN UL ABDIN\AppData\Local\Coursier\cache\v1\https\repo1.maven.org\maven2\org\apache\httpcomponents\httpcore\4.4.12\httpcore-4.4.12.jar;C:\Users\ZAIN UL ABDIN\AppData\Local\Coursier\cache\v1\https\repo1.maven.org\maven2\io\opencensus\opencensus-api\0.24.0\opencensus-api-0.24.0.jar;C:\Users\ZAIN UL ABDIN\AppData\Local\Coursier\cache\v1\https\repo1.maven.org\maven2\io\opencensus\opencensus-contrib-http-util\0.24.0\opencensus-contrib-http-util-0.24.0.jar;C:\Users\ZAIN UL ABDIN\AppData\Local\Coursier\cache\v1\https\repo1.maven.org\maven2\com\google\auto\value\auto-value-annotations\1.6.6\auto-value-annotations-1.6.6.jar;C:\Users\ZAIN UL ABDIN\AppData\Local\Coursier\cache\v1\https\repo1.maven.org\maven2\com\google\auth\google-auth-library-credentials\0.18.0\google-auth-library-credentials-0.18.0.jar;C:\Users\ZAIN UL ABDIN\AppData\Local\Coursier\cache\v1\https\repo1.maven.org\maven2\com\google\http-client\google-http-client-jackson2\1.32.1\google-http-client-jackson2-1.32.1.jar;C:\Users\ZAIN UL ABDIN\AppData\Local\Coursier\cache\v1\https\repo1.maven.org\maven2\com\fasterxml\jackson\core\jackson-annotations\2.13.3\jackson-annotations-2.13.3.jar;C:\Users\ZAIN UL ABDIN\AppData\Local\Coursier\cache\v1\https\repo1.maven.org\maven2\com\fasterxml\jackson\core\jackson-core\2.13.3\jackson-core-2.13.3.jar;C:\Users\ZAIN UL ABDIN\AppData\Local\Coursier\cache\v1\https\repo1.maven.org\maven2\org\scala-lang\scala3-interfaces\3.1.2\scala3-interfaces-3.1.2.jar;C:\Users\ZAIN UL ABDIN\AppData\Local\Coursier\cache\v1\https\repo1.maven.org\maven2\org\scala-lang\tasty-core_3\3.1.2\tasty-core_3-3.1.2.jar;C:\Users\ZAIN UL ABDIN\AppData\Local\Coursier\cache\v1\https\repo1.maven.org\maven2\org\scala-lang\modules\scala-asm\9.1.0-scala-1\scala-asm-9.1.0-scala-1.jar;C:\Users\ZAIN UL ABDIN\AppData\Local\Coursier\cache\v1\https\repo1.maven.org\maven2\org\scala-sbt\compiler-interface\1.3.5\compiler-interface-1.3.5.jar;C:\Users\ZAIN UL ABDIN\AppData\Local\Coursier\cache\v1\https\repo1.maven.org\maven2\org\jline\jline-reader\3.19.0\jline-reader-3.19.0.jar;C:\Users\ZAIN UL ABDIN\AppData\Local\Coursier\cache\v1\https\repo1.maven.org\maven2\org\jline\jline-terminal\3.19.0\jline-terminal-3.19.0.jar;C:\Users\ZAIN UL ABDIN\AppData\Local\Coursier\cache\v1\https\repo1.maven.org\maven2\org\jline\jline-terminal-jna\3.19.0\jline-terminal-jna-3.19.0.jar;C:\Users\ZAIN UL ABDIN\AppData\Local\Coursier\cache\v1\https\repo1.maven.org\maven2\com\lihaoyi\sourcecode_2.13\0.3.0\sourcecode_2.13-0.3.0.jar;C:\Users\ZAIN UL ABDIN\AppData\Local\Coursier\cache\v1\https\repo1.maven.org\maven2\com\thesamet\scalapb\scalapb-runtime_2.13\0.11.13\scalapb-runtime_2.13-0.11.13.jar;C:\Users\ZAIN UL ABDIN\AppData\Local\Coursier\cache\v1\https\repo1.maven.org\maven2\org\scala-native\nir_3\0.4.14\nir_3-0.4.14.jar;C:\Users\ZAIN UL ABDIN\AppData\Local\Coursier\cache\v1\https\repo1.maven.org\maven2\org\scala-native\util_3\0.4.14\util_3-0.4.14.jar;C:\Users\ZAIN UL ABDIN\AppData\Local\Coursier\cache\v1\https\repo1.maven.org\maven2\org\scala-lang\modules\scala-parallel-collections_3\1.0.3\scala-parallel-collections_3-1.0.3.jar;C:\Users\ZAIN UL ABDIN\AppData\Local\Coursier\cache\v1\https\repo1.maven.org\maven2\org\hamcrest\hamcrest-core\1.3\hamcrest-core-1.3.jar;C:\Users\ZAIN UL ABDIN\AppData\Local\Coursier\cache\v1\https\repo1.maven.org\maven2\org\scala-js\scalajs-logging_2.13\1.1.1\scalajs-logging_2.13-1.1.1.jar;C:\Users\ZAIN UL ABDIN\AppData\Local\Coursier\cache\v1\https\repo1.maven.org\maven2\io\github\alexarchambault\bleep\bloop-rifle_2.13\1.5.9-sc-1\bloop-rifle_2.13-1.5.9-sc-1.jar;C:\Users\ZAIN UL ABDIN\AppData\Local\Coursier\cache\v1\https\repo1.maven.org\maven2\io\get-coursier\coursier-jvm_2.13\2.1.5\coursier-jvm_2.13-2.1.5.jar;C:\Users\ZAIN UL ABDIN\AppData\Local\Coursier\cache\v1\https\repo1.maven.org\maven2\io\get-coursier\dependency_3\0.2.3\dependency_3-0.2.3.jar;C:\Users\ZAIN UL ABDIN\AppData\Local\Coursier\cache\v1\https\repo1.maven.org\maven2\org\eclipse\jgit\org.eclipse.jgit\6.6.0.202305301015-r\org.eclipse.jgit-6.6.0.202305301015-r.jar;C:\Users\ZAIN UL ABDIN\AppData\Local\Coursier\cache\v1\https\repo1.maven.org\maven2\org\scala-js\scalajs-env-jsdom-nodejs_2.13\1.1.0\scalajs-env-jsdom-nodejs_2.13-1.1.0.jar;C:\Users\ZAIN UL ABDIN\AppData\Local\Coursier\cache\v1\https\repo1.maven.org\maven2\org\eclipse\lsp4j\org.eclipse.lsp4j.generator\0.20.1\org.eclipse.lsp4j.generator-0.20.1.jar;C:\Users\ZAIN UL ABDIN\AppData\Local\Coursier\cache\v1\https\repo1.maven.org\maven2\org\eclipse\lsp4j\org.eclipse.lsp4j.jsonrpc\0.20.1\org.eclipse.lsp4j.jsonrpc-0.20.1.jar;C:\Users\ZAIN UL ABDIN\AppData\Local\Coursier\cache\v1\https\repo1.maven.org\maven2\commons-logging\commons-logging\1.2\commons-logging-1.2.jar;C:\Users\ZAIN UL ABDIN\AppData\Local\Coursier\cache\v1\https\repo1.maven.org\maven2\commons-codec\commons-codec\1.11\commons-codec-1.11.jar;C:\Users\ZAIN UL ABDIN\AppData\Local\Coursier\cache\v1\https\repo1.maven.org\maven2\io\grpc\grpc-context\1.22.1\grpc-context-1.22.1.jar;C:\Users\ZAIN UL ABDIN\AppData\Local\Coursier\cache\v1\https\repo1.maven.org\maven2\com\google\protobuf\protobuf-java\3.19.6\protobuf-java-3.19.6.jar;C:\Users\ZAIN UL ABDIN\AppData\Local\Coursier\cache\v1\https\repo1.maven.org\maven2\org\scala-sbt\util-interface\1.3.0\util-interface-1.3.0.jar;C:\Users\ZAIN UL ABDIN\AppData\Local\Coursier\cache\v1\https\repo1.maven.org\maven2\com\thesamet\scalapb\lenses_2.13\0.11.13\lenses_2.13-0.11.13.jar;C:\Users\ZAIN UL ABDIN\AppData\Local\Coursier\cache\v1\https\repo1.maven.org\maven2\io\github\alexarchambault\libdaemon\libdaemon_2.13\0.0.11\libdaemon_2.13-0.0.11.jar;C:\Users\ZAIN UL ABDIN\AppData\Local\Coursier\cache\v1\https\repo1.maven.org\maven2\io\github\alexarchambault\scala-cli\snailgun\snailgun-core_2.13\0.4.1-sc2\snailgun-core_2.13-0.4.1-sc2.jar;C:\Users\ZAIN UL ABDIN\AppData\Local\Coursier\cache\v1\https\repo1.maven.org\maven2\com\github\alexarchambault\argonaut-shapeless_6.3_2.13\1.3.1\argonaut-shapeless_6.3_2.13-1.3.1.jar;C:\Users\ZAIN UL ABDIN\AppData\Local\Coursier\cache\v1\https\repo1.maven.org\maven2\io\get-coursier\coursier_2.13\2.1.5\coursier_2.13-2.1.5.jar;C:\Users\ZAIN UL ABDIN\AppData\Local\Coursier\cache\v1\https\repo1.maven.org\maven2\io\get-coursier\coursier-env_2.13\2.1.5\coursier-env_2.13-2.1.5.jar;C:\Users\ZAIN UL ABDIN\AppData\Local\Coursier\cache\v1\https\repo1.maven.org\maven2\com\googlecode\javaewah\JavaEWAH\1.2.3\JavaEWAH-1.2.3.jar;C:\Users\ZAIN UL ABDIN\AppData\Local\Coursier\cache\v1\https\repo1.maven.org\maven2\org\eclipse\xtend\org.eclipse.xtend.lib\2.28.0\org.eclipse.xtend.lib-2.28.0.jar;C:\Users\ZAIN UL ABDIN\AppData\Local\Coursier\cache\v1\https\repo1.maven.org\maven2\com\google\code\gson\gson\2.10.1\gson-2.10.1.jar;C:\Users\ZAIN UL ABDIN\AppData\Local\Coursier\cache\v1\https\repo1.maven.org\maven2\io\argonaut\argonaut_2.13\6.3.8\argonaut_2.13-6.3.8.jar;C:\Users\ZAIN UL ABDIN\AppData\Local\Coursier\cache\v1\https\repo1.maven.org\maven2\com\chuusai\shapeless_2.13\2.3.9\shapeless_2.13-2.3.9.jar;C:\Users\ZAIN UL ABDIN\AppData\Local\Coursier\cache\v1\https\repo1.maven.org\maven2\org\eclipse\xtext\org.eclipse.xtext.xbase.lib\2.28.0\org.eclipse.xtext.xbase.lib-2.28.0.jar;C:\Users\ZAIN UL ABDIN\AppData\Local\Coursier\cache\v1\https\repo1.maven.org\maven2\org\eclipse\xtend\org.eclipse.xtend.lib.macro\2.28.0\org.eclipse.xtend.lib.macro-2.28.0.jar, scala.cli.ScalaCli, bsp, C:\Users\ZAIN UL ABDIN\Documents\scala_learnings\first_class)
2023.09.28 20:38:24 INFO  tracing is disabled for protocol BSP, to enable tracing of incoming and outgoing JSON messages create an empty file at C:\Users\ZAIN UL ABDIN\Documents\scala_learnings\first_class\.metals\bsp.trace.json or C:\Users\ZAIN UL ABDIN\AppData\Local\scalameta\metals\cache\bsp.trace.json
2023.09.28 20:38:44 ERROR Timeout waiting for 'build/initialize' response
2023.09.28 20:38:44 WARN  Retrying connection to the build server scala-cli
2023.09.28 20:38:44 INFO  Running BSP server List(C:\Users\ZAIN UL ABDIN\AppData\Local\Programs\Eclipse Adoptium\jdk-17.0.8.7-hotspot\bin\java.exe, -cp, C:\Users\ZAIN UL ABDIN\AppData\Local\Coursier\cache\v1\https\repo1.maven.org\maven2\org\virtuslab\scala-cli\cli_3\1.0.4\cli_3-1.0.4.jar;C:\Users\ZAIN UL ABDIN\AppData\Local\Coursier\cache\v1\https\repo1.maven.org\maven2\com\github\alexarchambault\case-app_3\2.1.0-M25\case-app_3-2.1.0-M25.jar;C:\Users\ZAIN UL ABDIN\AppData\Local\Coursier\cache\v1\https\repo1.maven.org\maven2\io\get-coursier\coursier-launcher_2.13\2.1.5\coursier-launcher_2.13-2.1.5.jar;C:\Users\ZAIN UL ABDIN\AppData\Local\Coursier\cache\v1\https\repo1.maven.org\maven2\io\get-coursier\coursier-proxy-setup\2.1.5\coursier-proxy-setup-2.1.5.jar;C:\Users\ZAIN UL ABDIN\AppData\Local\Coursier\cache\v1\https\repo1.maven.org\maven2\io\get-coursier\publish\publish_2.13\0.1.4\publish_2.13-0.1.4.jar;C:\Users\ZAIN UL ABDIN\AppData\Local\Coursier\cache\v1\https\repo1.maven.org\maven2\com\google\jimfs\jimfs\1.3.0\jimfs-1.3.0.jar;C:\Users\ZAIN UL ABDIN\AppData\Local\Coursier\cache\v1\https\repo1.maven.org\maven2\io\get-coursier\jniutils\windows-jni-utils\0.3.3\windows-jni-utils-0.3.3.jar;C:\Users\ZAIN UL ABDIN\AppData\Local\Coursier\cache\v1\https\repo1.maven.org\maven2\com\github\plokhotnyuk\jsoniter-scala\jsoniter-scala-core_3\2.13.5.2\jsoniter-scala-core_3-2.13.5.2.jar;C:\Users\ZAIN UL ABDIN\AppData\Local\Coursier\cache\v1\https\repo1.maven.org\maven2\org\virtuslab\scala-cli\libsodiumjni\0.0.3\libsodiumjni-0.0.3.jar;C:\Users\ZAIN UL ABDIN\AppData\Local\Coursier\cache\v1\https\repo1.maven.org\maven2\com\geirsson\metaconfig-typesafe-config_3\0.11.1\metaconfig-typesafe-config_3-0.11.1.jar;C:\Users\ZAIN UL ABDIN\AppData\Local\Coursier\cache\v1\https\repo1.maven.org\maven2\ai\kien\python-native-libs_3\0.2.4\python-native-libs_3-0.2.4.jar;C:\Users\ZAIN UL ABDIN\AppData\Local\Coursier\cache\v1\https\repo1.maven.org\maven2\org\virtuslab\scala-packager_2.13\0.1.29\scala-packager_2.13-0.1.29.jar;C:\Users\ZAIN UL ABDIN\AppData\Local\Coursier\cache\v1\https\repo1.maven.org\maven2\org\virtuslab\scala-cli-signing\cli_3\0.2.2\cli_3-0.2.2.jar;C:\Users\ZAIN UL ABDIN\AppData\Local\Coursier\cache\v1\https\repo1.maven.org\maven2\org\slf4j\slf4j-nop\2.0.7\slf4j-nop-2.0.7.jar;C:\Users\ZAIN UL ABDIN\AppData\Local\Coursier\cache\v1\https\repo1.maven.org\maven2\com\softwaremill\sttp\client3\core_2.13\3.8.16\core_2.13-3.8.16.jar;C:\Users\ZAIN UL ABDIN\AppData\Local\Coursier\cache\v1\https\repo1.maven.org\maven2\org\scala-lang\scala3-library_3\3.3.0\scala3-library_3-3.3.0.jar;C:\Users\ZAIN UL ABDIN\AppData\Local\Coursier\cache\v1\https\repo1.maven.org\maven2\org\virtuslab\scala-cli\build-module_3\1.0.4\build-module_3-1.0.4.jar;C:\Users\ZAIN UL ABDIN\AppData\Local\Coursier\cache\v1\https\repo1.maven.org\maven2\org\virtuslab\scala-cli\config_3\1.0.4\config_3-1.0.4.jar;C:\Users\ZAIN UL ABDIN\AppData\Local\Coursier\cache\v1\https\repo1.maven.org\maven2\org\virtuslab\scala-cli\scala3-graal_3\1.0.4\scala3-graal_3-1.0.4.jar;C:\Users\ZAIN UL ABDIN\AppData\Local\Coursier\cache\v1\https\repo1.maven.org\maven2\org\virtuslab\scala-cli\specification-level_3\1.0.4\specification-level_3-1.0.4.jar;C:\Users\ZAIN UL ABDIN\AppData\Local\Coursier\cache\v1\https\repo1.maven.org\maven2\com\github\alexarchambault\case-app-annotations_3\2.1.0-M25\case-app-annotations_3-2.1.0-M25.jar;C:\Users\ZAIN UL ABDIN\AppData\Local\Coursier\cache\v1\https\repo1.maven.org\maven2\com\github\alexarchambault\case-app-util_3\2.1.0-M25\case-app-util_3-2.1.0-M25.jar;C:\Users\ZAIN UL ABDIN\AppData\Local\Coursier\cache\v1\https\repo1.maven.org\maven2\com\lihaoyi\sourcecode_3\0.3.0\sourcecode_3-0.3.0.jar;C:\Users\ZAIN UL ABDIN\AppData\Local\Coursier\cache\v1\https\repo1.maven.org\maven2\org\scala-lang\modules\scala-collection-compat_2.13\2.11.0\scala-collection-compat_2.13-2.11.0.jar;C:\Users\ZAIN UL ABDIN\AppData\Local\Coursier\cache\v1\https\repo1.maven.org\maven2\io\github\alexarchambault\scala-cli\tmp\zip-input-stream\0.1.1\zip-input-stream-0.1.1.jar;C:\Users\ZAIN UL ABDIN\AppData\Local\Coursier\cache\v1\https\repo1.maven.org\maven2\ai\kien\python-native-libs_2.13\0.2.4\python-native-libs_2.13-0.2.4.jar;C:\Users\ZAIN UL ABDIN\AppData\Local\Coursier\cache\v1\https\repo1.maven.org\maven2\org\scala-lang\scala-library\2.13.11\scala-library-2.13.11.jar;C:\Users\ZAIN UL ABDIN\AppData\Local\Coursier\cache\v1\https\repo1.maven.org\maven2\io\get-coursier\coursier-cache_2.13\2.1.5\coursier-cache_2.13-2.1.5.jar;C:\Users\ZAIN UL ABDIN\AppData\Local\Coursier\cache\v1\https\repo1.maven.org\maven2\io\get-coursier\coursier-core_2.13\2.1.5\coursier-core_2.13-2.1.5.jar;C:\Users\ZAIN UL ABDIN\AppData\Local\Coursier\cache\v1\https\repo1.maven.org\maven2\com\github\plokhotnyuk\jsoniter-scala\jsoniter-scala-core_2.13\2.13.15\jsoniter-scala-core_2.13-2.13.15.jar;C:\Users\ZAIN UL ABDIN\AppData\Local\Coursier\cache\v1\https\repo1.maven.org\maven2\com\google\guava\guava\32.1.2-jre\guava-32.1.2-jre.jar;C:\Users\ZAIN UL ABDIN\AppData\Local\Coursier\cache\v1\https\repo1.maven.org\maven2\net\java\dev\jna\jna\5.12.1\jna-5.12.1.jar;C:\Users\ZAIN UL ABDIN\AppData\Local\Coursier\cache\v1\https\repo1.maven.org\maven2\net\java\dev\jna\jna-platform\5.12.1\jna-platform-5.12.1.jar;C:\Users\ZAIN UL ABDIN\AppData\Local\Coursier\cache\v1\https\repo1.maven.org\maven2\com\geirsson\metaconfig-core_3\0.11.1\metaconfig-core_3-0.11.1.jar;C:\Users\ZAIN UL ABDIN\AppData\Local\Coursier\cache\v1\https\repo1.maven.org\maven2\com\typesafe\config\1.4.1\config-1.4.1.jar;C:\Users\ZAIN UL ABDIN\AppData\Local\Coursier\cache\v1\https\repo1.maven.org\maven2\org\scala-lang\modules\scala-collection-compat_3\2.11.0\scala-collection-compat_3-2.11.0.jar;C:\Users\ZAIN UL ABDIN\AppData\Local\Coursier\cache\v1\https\repo1.maven.org\maven2\commons-io\commons-io\2.11.0\commons-io-2.11.0.jar;C:\Users\ZAIN UL ABDIN\AppData\Local\Coursier\cache\v1\https\repo1.maven.org\maven2\com\google\cloud\tools\jib-core\0.22.0\jib-core-0.22.0.jar;C:\Users\ZAIN UL ABDIN\AppData\Local\Coursier\cache\v1\https\repo1.maven.org\maven2\com\lihaoyi\os-lib_2.13\0.8.1\os-lib_2.13-0.8.1.jar;C:\Users\ZAIN UL ABDIN\AppData\Local\Coursier\cache\v1\https\repo1.maven.org\maven2\org\bouncycastle\bcpg-jdk18on\1.73\bcpg-jdk18on-1.73.jar;C:\Users\ZAIN UL ABDIN\AppData\Local\Coursier\cache\v1\https\repo1.maven.org\maven2\org\virtuslab\scala-cli-signing\shared_3\0.2.2\shared_3-0.2.2.jar;C:\Users\ZAIN UL ABDIN\AppData\Local\Coursier\cache\v1\https\repo1.maven.org\maven2\org\slf4j\slf4j-api\2.0.7\slf4j-api-2.0.7.jar;C:\Users\ZAIN UL ABDIN\AppData\Local\Coursier\cache\v1\https\repo1.maven.org\maven2\com\softwaremill\sttp\model\core_2.13\1.5.5\core_2.13-1.5.5.jar;C:\Users\ZAIN UL ABDIN\AppData\Local\Coursier\cache\v1\https\repo1.maven.org\maven2\com\softwaremill\sttp\shared\core_2.13\1.3.13\core_2.13-1.3.13.jar;C:\Users\ZAIN UL ABDIN\AppData\Local\Coursier\cache\v1\https\repo1.maven.org\maven2\com\softwaremill\sttp\shared\ws_2.13\1.3.13\ws_2.13-1.3.13.jar;C:\Users\ZAIN UL ABDIN\AppData\Local\Coursier\cache\v1\https\repo1.maven.org\maven2\org\ow2\asm\asm\9.5\asm-9.5.jar;C:\Users\ZAIN UL ABDIN\AppData\Local\Coursier\cache\v1\https\repo1.maven.org\maven2\io\github\alexarchambault\scala-cli\java-class-name_3\0.1.0\java-class-name_3-0.1.0.jar;C:\Users\ZAIN UL ABDIN\AppData\Local\Coursier\cache\v1\https\repo1.maven.org\maven2\org\scalameta\trees_2.13\4.8.7\trees_2.13-4.8.7.jar;C:\Users\ZAIN UL ABDIN\AppData\Local\Coursier\cache\v1\https\repo1.maven.org\maven2\org\scala-native\test-runner_3\0.4.14\test-runner_3-0.4.14.jar;C:\Users\ZAIN UL ABDIN\AppData\Local\Coursier\cache\v1\https\repo1.maven.org\maven2\com\lihaoyi\os-lib_3\0.9.1\os-lib_3-0.9.1.jar;C:\Users\ZAIN UL ABDIN\AppData\Local\Coursier\cache\v1\https\repo1.maven.org\maven2\com\lihaoyi\pprint_3\0.8.1\pprint_3-0.8.1.jar;C:\Users\ZAIN UL ABDIN\AppData\Local\Coursier\cache\v1\https\repo1.maven.org\maven2\org\scala-js\scalajs-env-nodejs_2.13\1.4.0\scalajs-env-nodejs_2.13-1.4.0.jar;C:\Users\ZAIN UL ABDIN\AppData\Local\Coursier\cache\v1\https\repo1.maven.org\maven2\org\scala-js\scalajs-sbt-test-adapter_2.13\1.13.2\scalajs-sbt-test-adapter_2.13-1.13.2.jar;C:\Users\ZAIN UL ABDIN\AppData\Local\Coursier\cache\v1\https\repo1.maven.org\maven2\com\swoval\file-tree-views\2.1.10\file-tree-views-2.1.10.jar;C:\Users\ZAIN UL ABDIN\AppData\Local\Coursier\cache\v1\https\repo1.maven.org\maven2\org\virtuslab\scala-cli\options_3\1.0.4\options_3-1.0.4.jar;C:\Users\ZAIN UL ABDIN\AppData\Local\Coursier\cache\v1\https\repo1.maven.org\maven2\org\virtuslab\scala-cli\directives_3\1.0.4\directives_3-1.0.4.jar;C:\Users\ZAIN UL ABDIN\AppData\Local\Coursier\cache\v1\https\repo1.maven.org\maven2\org\virtuslab\scala-cli\scala-cli-bsp\1.0.4\scala-cli-bsp-1.0.4.jar;C:\Users\ZAIN UL ABDIN\AppData\Local\Coursier\cache\v1\https\repo1.maven.org\maven2\org\virtuslab\scala-cli\test-runner_2.13\1.0.4\test-runner_2.13-1.0.4.jar;C:\Users\ZAIN UL ABDIN\AppData\Local\Coursier\cache\v1\https\repo1.maven.org\maven2\org\virtuslab\scala-cli\tasty-lib_3\1.0.4\tasty-lib_3-1.0.4.jar;C:\Users\ZAIN UL ABDIN\AppData\Local\Coursier\cache\v1\https\repo1.maven.org\maven2\org\codehaus\plexus\plexus-archiver\4.7.1\plexus-archiver-4.7.1.jar;C:\Users\ZAIN UL ABDIN\AppData\Local\Coursier\cache\v1\https\repo1.maven.org\maven2\org\codehaus\plexus\plexus-container-default\2.1.1\plexus-container-default-2.1.1.jar;C:\Users\ZAIN UL ABDIN\AppData\Local\Coursier\cache\v1\https\repo1.maven.org\maven2\io\github\alexarchambault\windows-ansi\windows-ansi\0.0.5\windows-ansi-0.0.5.jar;C:\Users\ZAIN UL ABDIN\AppData\Local\Coursier\cache\v1\https\repo1.maven.org\maven2\io\get-coursier\coursier-util_2.13\2.1.5\coursier-util_2.13-2.1.5.jar;C:\Users\ZAIN UL ABDIN\AppData\Local\Coursier\cache\v1\https\repo1.maven.org\maven2\io\github\alexarchambault\concurrent-reference-hash-map\1.1.0\concurrent-reference-hash-map-1.1.0.jar;C:\Users\ZAIN UL ABDIN\AppData\Local\Coursier\cache\v1\https\repo1.maven.org\maven2\org\scala-lang\modules\scala-xml_2.13\2.1.0\scala-xml_2.13-2.1.0.jar;C:\Users\ZAIN UL ABDIN\AppData\Local\Coursier\cache\v1\https\repo1.maven.org\maven2\com\google\guava\failureaccess\1.0.1\failureaccess-1.0.1.jar;C:\Users\ZAIN UL ABDIN\AppData\Local\Coursier\cache\v1\https\repo1.maven.org\maven2\com\google\guava\listenablefuture\9999.0-empty-to-avoid-conflict-with-guava\listenablefuture-9999.0-empty-to-avoid-conflict-with-guava.jar;C:\Users\ZAIN UL ABDIN\AppData\Local\Coursier\cache\v1\https\repo1.maven.org\maven2\com\google\code\findbugs\jsr305\3.0.2\jsr305-3.0.2.jar;C:\Users\ZAIN UL ABDIN\AppData\Local\Coursier\cache\v1\https\repo1.maven.org\maven2\org\checkerframework\checker-qual\3.33.0\checker-qual-3.33.0.jar;C:\Users\ZAIN UL ABDIN\AppData\Local\Coursier\cache\v1\https\repo1.maven.org\maven2\com\google\errorprone\error_prone_annotations\2.18.0\error_prone_annotations-2.18.0.jar;C:\Users\ZAIN UL ABDIN\AppData\Local\Coursier\cache\v1\https\repo1.maven.org\maven2\com\google\j2objc\j2objc-annotations\2.8\j2objc-annotations-2.8.jar;C:\Users\ZAIN UL ABDIN\AppData\Local\Coursier\cache\v1\https\repo1.maven.org\maven2\com\geirsson\metaconfig-pprint_3\0.11.1\metaconfig-pprint_3-0.11.1.jar;C:\Users\ZAIN UL ABDIN\AppData\Local\Coursier\cache\v1\https\repo1.maven.org\maven2\org\typelevel\paiges-core_3\0.4.2\paiges-core_3-0.4.2.jar;C:\Users\ZAIN UL ABDIN\AppData\Local\Coursier\cache\v1\https\repo1.maven.org\maven2\org\scala-lang\scala-reflect\2.13.8\scala-reflect-2.13.8.jar;C:\Users\ZAIN UL ABDIN\AppData\Local\Coursier\cache\v1\https\repo1.maven.org\maven2\com\google\cloud\tools\jib-build-plan\0.4.0\jib-build-plan-0.4.0.jar;C:\Users\ZAIN UL ABDIN\AppData\Local\Coursier\cache\v1\https\repo1.maven.org\maven2\com\google\http-client\google-http-client\1.34.0\google-http-client-1.34.0.jar;C:\Users\ZAIN UL ABDIN\AppData\Local\Coursier\cache\v1\https\repo1.maven.org\maven2\com\google\http-client\google-http-client-apache-v2\1.34.0\google-http-client-apache-v2-1.34.0.jar;C:\Users\ZAIN UL ABDIN\AppData\Local\Coursier\cache\v1\https\repo1.maven.org\maven2\com\google\auth\google-auth-library-oauth2-http\0.18.0\google-auth-library-oauth2-http-0.18.0.jar;C:\Users\ZAIN UL ABDIN\AppData\Local\Coursier\cache\v1\https\repo1.maven.org\maven2\org\apache\commons\commons-compress\1.23.0\commons-compress-1.23.0.jar;C:\Users\ZAIN UL ABDIN\AppData\Local\Coursier\cache\v1\https\repo1.maven.org\maven2\com\fasterxml\jackson\core\jackson-databind\2.13.3\jackson-databind-2.13.3.jar;C:\Users\ZAIN UL ABDIN\AppData\Local\Coursier\cache\v1\https\repo1.maven.org\maven2\com\fasterxml\jackson\datatype\jackson-datatype-jsr310\2.13.3\jackson-datatype-jsr310-2.13.3.jar;C:\Users\ZAIN UL ABDIN\AppData\Local\Coursier\cache\v1\https\repo1.maven.org\maven2\com\lihaoyi\geny_2.13\0.7.1\geny_2.13-0.7.1.jar;C:\Users\ZAIN UL ABDIN\AppData\Local\Coursier\cache\v1\https\repo1.maven.org\maven2\org\bouncycastle\bcprov-jdk18on\1.73\bcprov-jdk18on-1.73.jar;C:\Users\ZAIN UL ABDIN\AppData\Local\Coursier\cache\v1\https\repo1.maven.org\maven2\org\scala-lang\scala3-compiler_3\3.1.2\scala3-compiler_3-3.1.2.jar;C:\Users\ZAIN UL ABDIN\AppData\Local\Coursier\cache\v1\https\repo1.maven.org\maven2\org\scalameta\common_2.13\4.8.7\common_2.13-4.8.7.jar;C:\Users\ZAIN UL ABDIN\AppData\Local\Coursier\cache\v1\https\repo1.maven.org\maven2\org\scala-native\tools_3\0.4.14\tools_3-0.4.14.jar;C:\Users\ZAIN UL ABDIN\AppData\Local\Coursier\cache\v1\https\repo1.maven.org\maven2\org\scala-sbt\test-interface\1.0\test-interface-1.0.jar;C:\Users\ZAIN UL ABDIN\AppData\Local\Coursier\cache\v1\https\repo1.maven.org\maven2\com\novocode\junit-interface\0.11\junit-interface-0.11.jar;C:\Users\ZAIN UL ABDIN\AppData\Local\Coursier\cache\v1\https\repo1.maven.org\maven2\junit\junit\4.13.2\junit-4.13.2.jar;C:\Users\ZAIN UL ABDIN\AppData\Local\Coursier\cache\v1\https\repo1.maven.org\maven2\com\lihaoyi\geny_3\1.0.0\geny_3-1.0.0.jar;C:\Users\ZAIN UL ABDIN\AppData\Local\Coursier\cache\v1\https\repo1.maven.org\maven2\com\lihaoyi\fansi_3\0.4.0\fansi_3-0.4.0.jar;C:\Users\ZAIN UL ABDIN\AppData\Local\Coursier\cache\v1\https\repo1.maven.org\maven2\org\scala-js\scalajs-js-envs_2.13\1.4.0\scalajs-js-envs_2.13-1.4.0.jar;C:\Users\ZAIN UL ABDIN\AppData\Local\Coursier\cache\v1\https\repo1.maven.org\maven2\ch\epfl\scala\bloop-config_2.13\1.5.5\bloop-config_2.13-1.5.5.jar;C:\Users\ZAIN UL ABDIN\AppData\Local\Coursier\cache\v1\https\repo1.maven.org\maven2\org\virtuslab\scala-cli\core_3\1.0.4\core_3-1.0.4.jar;C:\Users\ZAIN UL ABDIN\AppData\Local\Coursier\cache\v1\https\repo1.maven.org\maven2\org\virtuslab\using_directives\1.1.0\using_directives-1.1.0.jar;C:\Users\ZAIN UL ABDIN\AppData\Local\Coursier\cache\v1\https\repo1.maven.org\maven2\org\virtuslab\scala-cli\build-macros_3\1.0.4\build-macros_3-1.0.4.jar;C:\Users\ZAIN UL ABDIN\AppData\Local\Coursier\cache\v1\https\repo1.maven.org\maven2\ch\epfl\scala\bsp4j\2.1.0-M5\bsp4j-2.1.0-M5.jar;C:\Users\ZAIN UL ABDIN\AppData\Local\Coursier\cache\v1\https\repo1.maven.org\maven2\javax\inject\javax.inject\1\javax.inject-1.jar;C:\Users\ZAIN UL ABDIN\AppData\Local\Coursier\cache\v1\https\repo1.maven.org\maven2\org\codehaus\plexus\plexus-utils\3.5.1\plexus-utils-3.5.1.jar;C:\Users\ZAIN UL ABDIN\AppData\Local\Coursier\cache\v1\https\repo1.maven.org\maven2\org\codehaus\plexus\plexus-io\3.4.1\plexus-io-3.4.1.jar;C:\Users\ZAIN UL ABDIN\AppData\Local\Coursier\cache\v1\https\repo1.maven.org\maven2\org\iq80\snappy\snappy\0.4\snappy-0.4.jar;C:\Users\ZAIN UL ABDIN\AppData\Local\Coursier\cache\v1\https\repo1.maven.org\maven2\org\tukaani\xz\1.9\xz-1.9.jar;C:\Users\ZAIN UL ABDIN\AppData\Local\Coursier\cache\v1\https\repo1.maven.org\maven2\com\github\luben\zstd-jni\1.5.5-2\zstd-jni-1.5.5-2.jar;C:\Users\ZAIN UL ABDIN\AppData\Local\Coursier\cache\v1\https\repo1.maven.org\maven2\org\codehaus\plexus\plexus-classworlds\2.6.0\plexus-classworlds-2.6.0.jar;C:\Users\ZAIN UL ABDIN\AppData\Local\Coursier\cache\v1\https\repo1.maven.org\maven2\org\apache\xbean\xbean-reflect\3.7\xbean-reflect-3.7.jar;C:\Users\ZAIN UL ABDIN\AppData\Local\Coursier\cache\v1\https\repo1.maven.org\maven2\org\fusesource\jansi\jansi\1.18\jansi-1.18.jar;C:\Users\ZAIN UL ABDIN\AppData\Local\Coursier\cache\v1\https\repo1.maven.org\maven2\org\apache\httpcomponents\httpclient\4.5.10\httpclient-4.5.10.jar;C:\Users\ZAIN UL ABDIN\AppData\Local\Coursier\cache\v1\https\repo1.maven.org\maven2\org\apache\httpcomponents\httpcore\4.4.12\httpcore-4.4.12.jar;C:\Users\ZAIN UL ABDIN\AppData\Local\Coursier\cache\v1\https\repo1.maven.org\maven2\io\opencensus\opencensus-api\0.24.0\opencensus-api-0.24.0.jar;C:\Users\ZAIN UL ABDIN\AppData\Local\Coursier\cache\v1\https\repo1.maven.org\maven2\io\opencensus\opencensus-contrib-http-util\0.24.0\opencensus-contrib-http-util-0.24.0.jar;C:\Users\ZAIN UL ABDIN\AppData\Local\Coursier\cache\v1\https\repo1.maven.org\maven2\com\google\auto\value\auto-value-annotations\1.6.6\auto-value-annotations-1.6.6.jar;C:\Users\ZAIN UL ABDIN\AppData\Local\Coursier\cache\v1\https\repo1.maven.org\maven2\com\google\auth\google-auth-library-credentials\0.18.0\google-auth-library-credentials-0.18.0.jar;C:\Users\ZAIN UL ABDIN\AppData\Local\Coursier\cache\v1\https\repo1.maven.org\maven2\com\google\http-client\google-http-client-jackson2\1.32.1\google-http-client-jackson2-1.32.1.jar;C:\Users\ZAIN UL ABDIN\AppData\Local\Coursier\cache\v1\https\repo1.maven.org\maven2\com\fasterxml\jackson\core\jackson-annotations\2.13.3\jackson-annotations-2.13.3.jar;C:\Users\ZAIN UL ABDIN\AppData\Local\Coursier\cache\v1\https\repo1.maven.org\maven2\com\fasterxml\jackson\core\jackson-core\2.13.3\jackson-core-2.13.3.jar;C:\Users\ZAIN UL ABDIN\AppData\Local\Coursier\cache\v1\https\repo1.maven.org\maven2\org\scala-lang\scala3-interfaces\3.1.2\scala3-interfaces-3.1.2.jar;C:\Users\ZAIN UL ABDIN\AppData\Local\Coursier\cache\v1\https\repo1.maven.org\maven2\org\scala-lang\tasty-core_3\3.1.2\tasty-core_3-3.1.2.jar;C:\Users\ZAIN UL ABDIN\AppData\Local\Coursier\cache\v1\https\repo1.maven.org\maven2\org\scala-lang\modules\scala-asm\9.1.0-scala-1\scala-asm-9.1.0-scala-1.jar;C:\Users\ZAIN UL ABDIN\AppData\Local\Coursier\cache\v1\https\repo1.maven.org\maven2\org\scala-sbt\compiler-interface\1.3.5\compiler-interface-1.3.5.jar;C:\Users\ZAIN UL ABDIN\AppData\Local\Coursier\cache\v1\https\repo1.maven.org\maven2\org\jline\jline-reader\3.19.0\jline-reader-3.19.0.jar;C:\Users\ZAIN UL ABDIN\AppData\Local\Coursier\cache\v1\https\repo1.maven.org\maven2\org\jline\jline-terminal\3.19.0\jline-terminal-3.19.0.jar;C:\Users\ZAIN UL ABDIN\AppData\Local\Coursier\cache\v1\https\repo1.maven.org\maven2\org\jline\jline-terminal-jna\3.19.0\jline-terminal-jna-3.19.0.jar;C:\Users\ZAIN UL ABDIN\AppData\Local\Coursier\cache\v1\https\repo1.maven.org\maven2\com\lihaoyi\sourcecode_2.13\0.3.0\sourcecode_2.13-0.3.0.jar;C:\Users\ZAIN UL ABDIN\AppData\Local\Coursier\cache\v1\https\repo1.maven.org\maven2\com\thesamet\scalapb\scalapb-runtime_2.13\0.11.13\scalapb-runtime_2.13-0.11.13.jar;C:\Users\ZAIN UL ABDIN\AppData\Local\Coursier\cache\v1\https\repo1.maven.org\maven2\org\scala-native\nir_3\0.4.14\nir_3-0.4.14.jar;C:\Users\ZAIN UL ABDIN\AppData\Local\Coursier\cache\v1\https\repo1.maven.org\maven2\org\scala-native\util_3\0.4.14\util_3-0.4.14.jar;C:\Users\ZAIN UL ABDIN\AppData\Local\Coursier\cache\v1\https\repo1.maven.org\maven2\org\scala-lang\modules\scala-parallel-collections_3\1.0.3\scala-parallel-collections_3-1.0.3.jar;C:\Users\ZAIN UL ABDIN\AppData\Local\Coursier\cache\v1\https\repo1.maven.org\maven2\org\hamcrest\hamcrest-core\1.3\hamcrest-core-1.3.jar;C:\Users\ZAIN UL ABDIN\AppData\Local\Coursier\cache\v1\https\repo1.maven.org\maven2\org\scala-js\scalajs-logging_2.13\1.1.1\scalajs-logging_2.13-1.1.1.jar;C:\Users\ZAIN UL ABDIN\AppData\Local\Coursier\cache\v1\https\repo1.maven.org\maven2\io\github\alexarchambault\bleep\bloop-rifle_2.13\1.5.9-sc-1\bloop-rifle_2.13-1.5.9-sc-1.jar;C:\Users\ZAIN UL ABDIN\AppData\Local\Coursier\cache\v1\https\repo1.maven.org\maven2\io\get-coursier\coursier-jvm_2.13\2.1.5\coursier-jvm_2.13-2.1.5.jar;C:\Users\ZAIN UL ABDIN\AppData\Local\Coursier\cache\v1\https\repo1.maven.org\maven2\io\get-coursier\dependency_3\0.2.3\dependency_3-0.2.3.jar;C:\Users\ZAIN UL ABDIN\AppData\Local\Coursier\cache\v1\https\repo1.maven.org\maven2\org\eclipse\jgit\org.eclipse.jgit\6.6.0.202305301015-r\org.eclipse.jgit-6.6.0.202305301015-r.jar;C:\Users\ZAIN UL ABDIN\AppData\Local\Coursier\cache\v1\https\repo1.maven.org\maven2\org\scala-js\scalajs-env-jsdom-nodejs_2.13\1.1.0\scalajs-env-jsdom-nodejs_2.13-1.1.0.jar;C:\Users\ZAIN UL ABDIN\AppData\Local\Coursier\cache\v1\https\repo1.maven.org\maven2\org\eclipse\lsp4j\org.eclipse.lsp4j.generator\0.20.1\org.eclipse.lsp4j.generator-0.20.1.jar;C:\Users\ZAIN UL ABDIN\AppData\Local\Coursier\cache\v1\https\repo1.maven.org\maven2\org\eclipse\lsp4j\org.eclipse.lsp4j.jsonrpc\0.20.1\org.eclipse.lsp4j.jsonrpc-0.20.1.jar;C:\Users\ZAIN UL ABDIN\AppData\Local\Coursier\cache\v1\https\repo1.maven.org\maven2\commons-logging\commons-logging\1.2\commons-logging-1.2.jar;C:\Users\ZAIN UL ABDIN\AppData\Local\Coursier\cache\v1\https\repo1.maven.org\maven2\commons-codec\commons-codec\1.11\commons-codec-1.11.jar;C:\Users\ZAIN UL ABDIN\AppData\Local\Coursier\cache\v1\https\repo1.maven.org\maven2\io\grpc\grpc-context\1.22.1\grpc-context-1.22.1.jar;C:\Users\ZAIN UL ABDIN\AppData\Local\Coursier\cache\v1\https\repo1.maven.org\maven2\com\google\protobuf\protobuf-java\3.19.6\protobuf-java-3.19.6.jar;C:\Users\ZAIN UL ABDIN\AppData\Local\Coursier\cache\v1\https\repo1.maven.org\maven2\org\scala-sbt\util-interface\1.3.0\util-interface-1.3.0.jar;C:\Users\ZAIN UL ABDIN\AppData\Local\Coursier\cache\v1\https\repo1.maven.org\maven2\com\thesamet\scalapb\lenses_2.13\0.11.13\lenses_2.13-0.11.13.jar;C:\Users\ZAIN UL ABDIN\AppData\Local\Coursier\cache\v1\https\repo1.maven.org\maven2\io\github\alexarchambault\libdaemon\libdaemon_2.13\0.0.11\libdaemon_2.13-0.0.11.jar;C:\Users\ZAIN UL ABDIN\AppData\Local\Coursier\cache\v1\https\repo1.maven.org\maven2\io\github\alexarchambault\scala-cli\snailgun\snailgun-core_2.13\0.4.1-sc2\snailgun-core_2.13-0.4.1-sc2.jar;C:\Users\ZAIN UL ABDIN\AppData\Local\Coursier\cache\v1\https\repo1.maven.org\maven2\com\github\alexarchambault\argonaut-shapeless_6.3_2.13\1.3.1\argonaut-shapeless_6.3_2.13-1.3.1.jar;C:\Users\ZAIN UL ABDIN\AppData\Local\Coursier\cache\v1\https\repo1.maven.org\maven2\io\get-coursier\coursier_2.13\2.1.5\coursier_2.13-2.1.5.jar;C:\Users\ZAIN UL ABDIN\AppData\Local\Coursier\cache\v1\https\repo1.maven.org\maven2\io\get-coursier\coursier-env_2.13\2.1.5\coursier-env_2.13-2.1.5.jar;C:\Users\ZAIN UL ABDIN\AppData\Local\Coursier\cache\v1\https\repo1.maven.org\maven2\com\googlecode\javaewah\JavaEWAH\1.2.3\JavaEWAH-1.2.3.jar;C:\Users\ZAIN UL ABDIN\AppData\Local\Coursier\cache\v1\https\repo1.maven.org\maven2\org\eclipse\xtend\org.eclipse.xtend.lib\2.28.0\org.eclipse.xtend.lib-2.28.0.jar;C:\Users\ZAIN UL ABDIN\AppData\Local\Coursier\cache\v1\https\repo1.maven.org\maven2\com\google\code\gson\gson\2.10.1\gson-2.10.1.jar;C:\Users\ZAIN UL ABDIN\AppData\Local\Coursier\cache\v1\https\repo1.maven.org\maven2\io\argonaut\argonaut_2.13\6.3.8\argonaut_2.13-6.3.8.jar;C:\Users\ZAIN UL ABDIN\AppData\Local\Coursier\cache\v1\https\repo1.maven.org\maven2\com\chuusai\shapeless_2.13\2.3.9\shapeless_2.13-2.3.9.jar;C:\Users\ZAIN UL ABDIN\AppData\Local\Coursier\cache\v1\https\repo1.maven.org\maven2\org\eclipse\xtext\org.eclipse.xtext.xbase.lib\2.28.0\org.eclipse.xtext.xbase.lib-2.28.0.jar;C:\Users\ZAIN UL ABDIN\AppData\Local\Coursier\cache\v1\https\repo1.maven.org\maven2\org\eclipse\xtend\org.eclipse.xtend.lib.macro\2.28.0\org.eclipse.xtend.lib.macro-2.28.0.jar, scala.cli.ScalaCli, bsp, C:\Users\ZAIN UL ABDIN\Documents\scala_learnings\first_class)
2023.09.28 20:38:44 INFO  tracing is disabled for protocol BSP, to enable tracing of incoming and outgoing JSON messages create an empty file at C:\Users\ZAIN UL ABDIN\Documents\scala_learnings\first_class\.metals\bsp.trace.json or C:\Users\ZAIN UL ABDIN\AppData\Local\scalameta\metals\cache\bsp.trace.json
2023.09.28 20:39:04 ERROR Timeout waiting for 'build/initialize' response
2023.09.28 20:39:04 WARN  Retrying connection to the build server scala-cli
2023.09.28 20:39:04 INFO  Running BSP server List(C:\Users\ZAIN UL ABDIN\AppData\Local\Programs\Eclipse Adoptium\jdk-17.0.8.7-hotspot\bin\java.exe, -cp, C:\Users\ZAIN UL ABDIN\AppData\Local\Coursier\cache\v1\https\repo1.maven.org\maven2\org\virtuslab\scala-cli\cli_3\1.0.4\cli_3-1.0.4.jar;C:\Users\ZAIN UL ABDIN\AppData\Local\Coursier\cache\v1\https\repo1.maven.org\maven2\com\github\alexarchambault\case-app_3\2.1.0-M25\case-app_3-2.1.0-M25.jar;C:\Users\ZAIN UL ABDIN\AppData\Local\Coursier\cache\v1\https\repo1.maven.org\maven2\io\get-coursier\coursier-launcher_2.13\2.1.5\coursier-launcher_2.13-2.1.5.jar;C:\Users\ZAIN UL ABDIN\AppData\Local\Coursier\cache\v1\https\repo1.maven.org\maven2\io\get-coursier\coursier-proxy-setup\2.1.5\coursier-proxy-setup-2.1.5.jar;C:\Users\ZAIN UL ABDIN\AppData\Local\Coursier\cache\v1\https\repo1.maven.org\maven2\io\get-coursier\publish\publish_2.13\0.1.4\publish_2.13-0.1.4.jar;C:\Users\ZAIN UL ABDIN\AppData\Local\Coursier\cache\v1\https\repo1.maven.org\maven2\com\google\jimfs\jimfs\1.3.0\jimfs-1.3.0.jar;C:\Users\ZAIN UL ABDIN\AppData\Local\Coursier\cache\v1\https\repo1.maven.org\maven2\io\get-coursier\jniutils\windows-jni-utils\0.3.3\windows-jni-utils-0.3.3.jar;C:\Users\ZAIN UL ABDIN\AppData\Local\Coursier\cache\v1\https\repo1.maven.org\maven2\com\github\plokhotnyuk\jsoniter-scala\jsoniter-scala-core_3\2.13.5.2\jsoniter-scala-core_3-2.13.5.2.jar;C:\Users\ZAIN UL ABDIN\AppData\Local\Coursier\cache\v1\https\repo1.maven.org\maven2\org\virtuslab\scala-cli\libsodiumjni\0.0.3\libsodiumjni-0.0.3.jar;C:\Users\ZAIN UL ABDIN\AppData\Local\Coursier\cache\v1\https\repo1.maven.org\maven2\com\geirsson\metaconfig-typesafe-config_3\0.11.1\metaconfig-typesafe-config_3-0.11.1.jar;C:\Users\ZAIN UL ABDIN\AppData\Local\Coursier\cache\v1\https\repo1.maven.org\maven2\ai\kien\python-native-libs_3\0.2.4\python-native-libs_3-0.2.4.jar;C:\Users\ZAIN UL ABDIN\AppData\Local\Coursier\cache\v1\https\repo1.maven.org\maven2\org\virtuslab\scala-packager_2.13\0.1.29\scala-packager_2.13-0.1.29.jar;C:\Users\ZAIN UL ABDIN\AppData\Local\Coursier\cache\v1\https\repo1.maven.org\maven2\org\virtuslab\scala-cli-signing\cli_3\0.2.2\cli_3-0.2.2.jar;C:\Users\ZAIN UL ABDIN\AppData\Local\Coursier\cache\v1\https\repo1.maven.org\maven2\org\slf4j\slf4j-nop\2.0.7\slf4j-nop-2.0.7.jar;C:\Users\ZAIN UL ABDIN\AppData\Local\Coursier\cache\v1\https\repo1.maven.org\maven2\com\softwaremill\sttp\client3\core_2.13\3.8.16\core_2.13-3.8.16.jar;C:\Users\ZAIN UL ABDIN\AppData\Local\Coursier\cache\v1\https\repo1.maven.org\maven2\org\scala-lang\scala3-library_3\3.3.0\scala3-library_3-3.3.0.jar;C:\Users\ZAIN UL ABDIN\AppData\Local\Coursier\cache\v1\https\repo1.maven.org\maven2\org\virtuslab\scala-cli\build-module_3\1.0.4\build-module_3-1.0.4.jar;C:\Users\ZAIN UL ABDIN\AppData\Local\Coursier\cache\v1\https\repo1.maven.org\maven2\org\virtuslab\scala-cli\config_3\1.0.4\config_3-1.0.4.jar;C:\Users\ZAIN UL ABDIN\AppData\Local\Coursier\cache\v1\https\repo1.maven.org\maven2\org\virtuslab\scala-cli\scala3-graal_3\1.0.4\scala3-graal_3-1.0.4.jar;C:\Users\ZAIN UL ABDIN\AppData\Local\Coursier\cache\v1\https\repo1.maven.org\maven2\org\virtuslab\scala-cli\specification-level_3\1.0.4\specification-level_3-1.0.4.jar;C:\Users\ZAIN UL ABDIN\AppData\Local\Coursier\cache\v1\https\repo1.maven.org\maven2\com\github\alexarchambault\case-app-annotations_3\2.1.0-M25\case-app-annotations_3-2.1.0-M25.jar;C:\Users\ZAIN UL ABDIN\AppData\Local\Coursier\cache\v1\https\repo1.maven.org\maven2\com\github\alexarchambault\case-app-util_3\2.1.0-M25\case-app-util_3-2.1.0-M25.jar;C:\Users\ZAIN UL ABDIN\AppData\Local\Coursier\cache\v1\https\repo1.maven.org\maven2\com\lihaoyi\sourcecode_3\0.3.0\sourcecode_3-0.3.0.jar;C:\Users\ZAIN UL ABDIN\AppData\Local\Coursier\cache\v1\https\repo1.maven.org\maven2\org\scala-lang\modules\scala-collection-compat_2.13\2.11.0\scala-collection-compat_2.13-2.11.0.jar;C:\Users\ZAIN UL ABDIN\AppData\Local\Coursier\cache\v1\https\repo1.maven.org\maven2\io\github\alexarchambault\scala-cli\tmp\zip-input-stream\0.1.1\zip-input-stream-0.1.1.jar;C:\Users\ZAIN UL ABDIN\AppData\Local\Coursier\cache\v1\https\repo1.maven.org\maven2\ai\kien\python-native-libs_2.13\0.2.4\python-native-libs_2.13-0.2.4.jar;C:\Users\ZAIN UL ABDIN\AppData\Local\Coursier\cache\v1\https\repo1.maven.org\maven2\org\scala-lang\scala-library\2.13.11\scala-library-2.13.11.jar;C:\Users\ZAIN UL ABDIN\AppData\Local\Coursier\cache\v1\https\repo1.maven.org\maven2\io\get-coursier\coursier-cache_2.13\2.1.5\coursier-cache_2.13-2.1.5.jar;C:\Users\ZAIN UL ABDIN\AppData\Local\Coursier\cache\v1\https\repo1.maven.org\maven2\io\get-coursier\coursier-core_2.13\2.1.5\coursier-core_2.13-2.1.5.jar;C:\Users\ZAIN UL ABDIN\AppData\Local\Coursier\cache\v1\https\repo1.maven.org\maven2\com\github\plokhotnyuk\jsoniter-scala\jsoniter-scala-core_2.13\2.13.15\jsoniter-scala-core_2.13-2.13.15.jar;C:\Users\ZAIN UL ABDIN\AppData\Local\Coursier\cache\v1\https\repo1.maven.org\maven2\com\google\guava\guava\32.1.2-jre\guava-32.1.2-jre.jar;C:\Users\ZAIN UL ABDIN\AppData\Local\Coursier\cache\v1\https\repo1.maven.org\maven2\net\java\dev\jna\jna\5.12.1\jna-5.12.1.jar;C:\Users\ZAIN UL ABDIN\AppData\Local\Coursier\cache\v1\https\repo1.maven.org\maven2\net\java\dev\jna\jna-platform\5.12.1\jna-platform-5.12.1.jar;C:\Users\ZAIN UL ABDIN\AppData\Local\Coursier\cache\v1\https\repo1.maven.org\maven2\com\geirsson\metaconfig-core_3\0.11.1\metaconfig-core_3-0.11.1.jar;C:\Users\ZAIN UL ABDIN\AppData\Local\Coursier\cache\v1\https\repo1.maven.org\maven2\com\typesafe\config\1.4.1\config-1.4.1.jar;C:\Users\ZAIN UL ABDIN\AppData\Local\Coursier\cache\v1\https\repo1.maven.org\maven2\org\scala-lang\modules\scala-collection-compat_3\2.11.0\scala-collection-compat_3-2.11.0.jar;C:\Users\ZAIN UL ABDIN\AppData\Local\Coursier\cache\v1\https\repo1.maven.org\maven2\commons-io\commons-io\2.11.0\commons-io-2.11.0.jar;C:\Users\ZAIN UL ABDIN\AppData\Local\Coursier\cache\v1\https\repo1.maven.org\maven2\com\google\cloud\tools\jib-core\0.22.0\jib-core-0.22.0.jar;C:\Users\ZAIN UL ABDIN\AppData\Local\Coursier\cache\v1\https\repo1.maven.org\maven2\com\lihaoyi\os-lib_2.13\0.8.1\os-lib_2.13-0.8.1.jar;C:\Users\ZAIN UL ABDIN\AppData\Local\Coursier\cache\v1\https\repo1.maven.org\maven2\org\bouncycastle\bcpg-jdk18on\1.73\bcpg-jdk18on-1.73.jar;C:\Users\ZAIN UL ABDIN\AppData\Local\Coursier\cache\v1\https\repo1.maven.org\maven2\org\virtuslab\scala-cli-signing\shared_3\0.2.2\shared_3-0.2.2.jar;C:\Users\ZAIN UL ABDIN\AppData\Local\Coursier\cache\v1\https\repo1.maven.org\maven2\org\slf4j\slf4j-api\2.0.7\slf4j-api-2.0.7.jar;C:\Users\ZAIN UL ABDIN\AppData\Local\Coursier\cache\v1\https\repo1.maven.org\maven2\com\softwaremill\sttp\model\core_2.13\1.5.5\core_2.13-1.5.5.jar;C:\Users\ZAIN UL ABDIN\AppData\Local\Coursier\cache\v1\https\repo1.maven.org\maven2\com\softwaremill\sttp\shared\core_2.13\1.3.13\core_2.13-1.3.13.jar;C:\Users\ZAIN UL ABDIN\AppData\Local\Coursier\cache\v1\https\repo1.maven.org\maven2\com\softwaremill\sttp\shared\ws_2.13\1.3.13\ws_2.13-1.3.13.jar;C:\Users\ZAIN UL ABDIN\AppData\Local\Coursier\cache\v1\https\repo1.maven.org\maven2\org\ow2\asm\asm\9.5\asm-9.5.jar;C:\Users\ZAIN UL ABDIN\AppData\Local\Coursier\cache\v1\https\repo1.maven.org\maven2\io\github\alexarchambault\scala-cli\java-class-name_3\0.1.0\java-class-name_3-0.1.0.jar;C:\Users\ZAIN UL ABDIN\AppData\Local\Coursier\cache\v1\https\repo1.maven.org\maven2\org\scalameta\trees_2.13\4.8.7\trees_2.13-4.8.7.jar;C:\Users\ZAIN UL ABDIN\AppData\Local\Coursier\cache\v1\https\repo1.maven.org\maven2\org\scala-native\test-runner_3\0.4.14\test-runner_3-0.4.14.jar;C:\Users\ZAIN UL ABDIN\AppData\Local\Coursier\cache\v1\https\repo1.maven.org\maven2\com\lihaoyi\os-lib_3\0.9.1\os-lib_3-0.9.1.jar;C:\Users\ZAIN UL ABDIN\AppData\Local\Coursier\cache\v1\https\repo1.maven.org\maven2\com\lihaoyi\pprint_3\0.8.1\pprint_3-0.8.1.jar;C:\Users\ZAIN UL ABDIN\AppData\Local\Coursier\cache\v1\https\repo1.maven.org\maven2\org\scala-js\scalajs-env-nodejs_2.13\1.4.0\scalajs-env-nodejs_2.13-1.4.0.jar;C:\Users\ZAIN UL ABDIN\AppData\Local\Coursier\cache\v1\https\repo1.maven.org\maven2\org\scala-js\scalajs-sbt-test-adapter_2.13\1.13.2\scalajs-sbt-test-adapter_2.13-1.13.2.jar;C:\Users\ZAIN UL ABDIN\AppData\Local\Coursier\cache\v1\https\repo1.maven.org\maven2\com\swoval\file-tree-views\2.1.10\file-tree-views-2.1.10.jar;C:\Users\ZAIN UL ABDIN\AppData\Local\Coursier\cache\v1\https\repo1.maven.org\maven2\org\virtuslab\scala-cli\options_3\1.0.4\options_3-1.0.4.jar;C:\Users\ZAIN UL ABDIN\AppData\Local\Coursier\cache\v1\https\repo1.maven.org\maven2\org\virtuslab\scala-cli\directives_3\1.0.4\directives_3-1.0.4.jar;C:\Users\ZAIN UL ABDIN\AppData\Local\Coursier\cache\v1\https\repo1.maven.org\maven2\org\virtuslab\scala-cli\scala-cli-bsp\1.0.4\scala-cli-bsp-1.0.4.jar;C:\Users\ZAIN UL ABDIN\AppData\Local\Coursier\cache\v1\https\repo1.maven.org\maven2\org\virtuslab\scala-cli\test-runner_2.13\1.0.4\test-runner_2.13-1.0.4.jar;C:\Users\ZAIN UL ABDIN\AppData\Local\Coursier\cache\v1\https\repo1.maven.org\maven2\org\virtuslab\scala-cli\tasty-lib_3\1.0.4\tasty-lib_3-1.0.4.jar;C:\Users\ZAIN UL ABDIN\AppData\Local\Coursier\cache\v1\https\repo1.maven.org\maven2\org\codehaus\plexus\plexus-archiver\4.7.1\plexus-archiver-4.7.1.jar;C:\Users\ZAIN UL ABDIN\AppData\Local\Coursier\cache\v1\https\repo1.maven.org\maven2\org\codehaus\plexus\plexus-container-default\2.1.1\plexus-container-default-2.1.1.jar;C:\Users\ZAIN UL ABDIN\AppData\Local\Coursier\cache\v1\https\repo1.maven.org\maven2\io\github\alexarchambault\windows-ansi\windows-ansi\0.0.5\windows-ansi-0.0.5.jar;C:\Users\ZAIN UL ABDIN\AppData\Local\Coursier\cache\v1\https\repo1.maven.org\maven2\io\get-coursier\coursier-util_2.13\2.1.5\coursier-util_2.13-2.1.5.jar;C:\Users\ZAIN UL ABDIN\AppData\Local\Coursier\cache\v1\https\repo1.maven.org\maven2\io\github\alexarchambault\concurrent-reference-hash-map\1.1.0\concurrent-reference-hash-map-1.1.0.jar;C:\Users\ZAIN UL ABDIN\AppData\Local\Coursier\cache\v1\https\repo1.maven.org\maven2\org\scala-lang\modules\scala-xml_2.13\2.1.0\scala-xml_2.13-2.1.0.jar;C:\Users\ZAIN UL ABDIN\AppData\Local\Coursier\cache\v1\https\repo1.maven.org\maven2\com\google\guava\failureaccess\1.0.1\failureaccess-1.0.1.jar;C:\Users\ZAIN UL ABDIN\AppData\Local\Coursier\cache\v1\https\repo1.maven.org\maven2\com\google\guava\listenablefuture\9999.0-empty-to-avoid-conflict-with-guava\listenablefuture-9999.0-empty-to-avoid-conflict-with-guava.jar;C:\Users\ZAIN UL ABDIN\AppData\Local\Coursier\cache\v1\https\repo1.maven.org\maven2\com\google\code\findbugs\jsr305\3.0.2\jsr305-3.0.2.jar;C:\Users\ZAIN UL ABDIN\AppData\Local\Coursier\cache\v1\https\repo1.maven.org\maven2\org\checkerframework\checker-qual\3.33.0\checker-qual-3.33.0.jar;C:\Users\ZAIN UL ABDIN\AppData\Local\Coursier\cache\v1\https\repo1.maven.org\maven2\com\google\errorprone\error_prone_annotations\2.18.0\error_prone_annotations-2.18.0.jar;C:\Users\ZAIN UL ABDIN\AppData\Local\Coursier\cache\v1\https\repo1.maven.org\maven2\com\google\j2objc\j2objc-annotations\2.8\j2objc-annotations-2.8.jar;C:\Users\ZAIN UL ABDIN\AppData\Local\Coursier\cache\v1\https\repo1.maven.org\maven2\com\geirsson\metaconfig-pprint_3\0.11.1\metaconfig-pprint_3-0.11.1.jar;C:\Users\ZAIN UL ABDIN\AppData\Local\Coursier\cache\v1\https\repo1.maven.org\maven2\org\typelevel\paiges-core_3\0.4.2\paiges-core_3-0.4.2.jar;C:\Users\ZAIN UL ABDIN\AppData\Local\Coursier\cache\v1\https\repo1.maven.org\maven2\org\scala-lang\scala-reflect\2.13.8\scala-reflect-2.13.8.jar;C:\Users\ZAIN UL ABDIN\AppData\Local\Coursier\cache\v1\https\repo1.maven.org\maven2\com\google\cloud\tools\jib-build-plan\0.4.0\jib-build-plan-0.4.0.jar;C:\Users\ZAIN UL ABDIN\AppData\Local\Coursier\cache\v1\https\repo1.maven.org\maven2\com\google\http-client\google-http-client\1.34.0\google-http-client-1.34.0.jar;C:\Users\ZAIN UL ABDIN\AppData\Local\Coursier\cache\v1\https\repo1.maven.org\maven2\com\google\http-client\google-http-client-apache-v2\1.34.0\google-http-client-apache-v2-1.34.0.jar;C:\Users\ZAIN UL ABDIN\AppData\Local\Coursier\cache\v1\https\repo1.maven.org\maven2\com\google\auth\google-auth-library-oauth2-http\0.18.0\google-auth-library-oauth2-http-0.18.0.jar;C:\Users\ZAIN UL ABDIN\AppData\Local\Coursier\cache\v1\https\repo1.maven.org\maven2\org\apache\commons\commons-compress\1.23.0\commons-compress-1.23.0.jar;C:\Users\ZAIN UL ABDIN\AppData\Local\Coursier\cache\v1\https\repo1.maven.org\maven2\com\fasterxml\jackson\core\jackson-databind\2.13.3\jackson-databind-2.13.3.jar;C:\Users\ZAIN UL ABDIN\AppData\Local\Coursier\cache\v1\https\repo1.maven.org\maven2\com\fasterxml\jackson\datatype\jackson-datatype-jsr310\2.13.3\jackson-datatype-jsr310-2.13.3.jar;C:\Users\ZAIN UL ABDIN\AppData\Local\Coursier\cache\v1\https\repo1.maven.org\maven2\com\lihaoyi\geny_2.13\0.7.1\geny_2.13-0.7.1.jar;C:\Users\ZAIN UL ABDIN\AppData\Local\Coursier\cache\v1\https\repo1.maven.org\maven2\org\bouncycastle\bcprov-jdk18on\1.73\bcprov-jdk18on-1.73.jar;C:\Users\ZAIN UL ABDIN\AppData\Local\Coursier\cache\v1\https\repo1.maven.org\maven2\org\scala-lang\scala3-compiler_3\3.1.2\scala3-compiler_3-3.1.2.jar;C:\Users\ZAIN UL ABDIN\AppData\Local\Coursier\cache\v1\https\repo1.maven.org\maven2\org\scalameta\common_2.13\4.8.7\common_2.13-4.8.7.jar;C:\Users\ZAIN UL ABDIN\AppData\Local\Coursier\cache\v1\https\repo1.maven.org\maven2\org\scala-native\tools_3\0.4.14\tools_3-0.4.14.jar;C:\Users\ZAIN UL ABDIN\AppData\Local\Coursier\cache\v1\https\repo1.maven.org\maven2\org\scala-sbt\test-interface\1.0\test-interface-1.0.jar;C:\Users\ZAIN UL ABDIN\AppData\Local\Coursier\cache\v1\https\repo1.maven.org\maven2\com\novocode\junit-interface\0.11\junit-interface-0.11.jar;C:\Users\ZAIN UL ABDIN\AppData\Local\Coursier\cache\v1\https\repo1.maven.org\maven2\junit\junit\4.13.2\junit-4.13.2.jar;C:\Users\ZAIN UL ABDIN\AppData\Local\Coursier\cache\v1\https\repo1.maven.org\maven2\com\lihaoyi\geny_3\1.0.0\geny_3-1.0.0.jar;C:\Users\ZAIN UL ABDIN\AppData\Local\Coursier\cache\v1\https\repo1.maven.org\maven2\com\lihaoyi\fansi_3\0.4.0\fansi_3-0.4.0.jar;C:\Users\ZAIN UL ABDIN\AppData\Local\Coursier\cache\v1\https\repo1.maven.org\maven2\org\scala-js\scalajs-js-envs_2.13\1.4.0\scalajs-js-envs_2.13-1.4.0.jar;C:\Users\ZAIN UL ABDIN\AppData\Local\Coursier\cache\v1\https\repo1.maven.org\maven2\ch\epfl\scala\bloop-config_2.13\1.5.5\bloop-config_2.13-1.5.5.jar;C:\Users\ZAIN UL ABDIN\AppData\Local\Coursier\cache\v1\https\repo1.maven.org\maven2\org\virtuslab\scala-cli\core_3\1.0.4\core_3-1.0.4.jar;C:\Users\ZAIN UL ABDIN\AppData\Local\Coursier\cache\v1\https\repo1.maven.org\maven2\org\virtuslab\using_directives\1.1.0\using_directives-1.1.0.jar;C:\Users\ZAIN UL ABDIN\AppData\Local\Coursier\cache\v1\https\repo1.maven.org\maven2\org\virtuslab\scala-cli\build-macros_3\1.0.4\build-macros_3-1.0.4.jar;C:\Users\ZAIN UL ABDIN\AppData\Local\Coursier\cache\v1\https\repo1.maven.org\maven2\ch\epfl\scala\bsp4j\2.1.0-M5\bsp4j-2.1.0-M5.jar;C:\Users\ZAIN UL ABDIN\AppData\Local\Coursier\cache\v1\https\repo1.maven.org\maven2\javax\inject\javax.inject\1\javax.inject-1.jar;C:\Users\ZAIN UL ABDIN\AppData\Local\Coursier\cache\v1\https\repo1.maven.org\maven2\org\codehaus\plexus\plexus-utils\3.5.1\plexus-utils-3.5.1.jar;C:\Users\ZAIN UL ABDIN\AppData\Local\Coursier\cache\v1\https\repo1.maven.org\maven2\org\codehaus\plexus\plexus-io\3.4.1\plexus-io-3.4.1.jar;C:\Users\ZAIN UL ABDIN\AppData\Local\Coursier\cache\v1\https\repo1.maven.org\maven2\org\iq80\snappy\snappy\0.4\snappy-0.4.jar;C:\Users\ZAIN UL ABDIN\AppData\Local\Coursier\cache\v1\https\repo1.maven.org\maven2\org\tukaani\xz\1.9\xz-1.9.jar;C:\Users\ZAIN UL ABDIN\AppData\Local\Coursier\cache\v1\https\repo1.maven.org\maven2\com\github\luben\zstd-jni\1.5.5-2\zstd-jni-1.5.5-2.jar;C:\Users\ZAIN UL ABDIN\AppData\Local\Coursier\cache\v1\https\repo1.maven.org\maven2\org\codehaus\plexus\plexus-classworlds\2.6.0\plexus-classworlds-2.6.0.jar;C:\Users\ZAIN UL ABDIN\AppData\Local\Coursier\cache\v1\https\repo1.maven.org\maven2\org\apache\xbean\xbean-reflect\3.7\xbean-reflect-3.7.jar;C:\Users\ZAIN UL ABDIN\AppData\Local\Coursier\cache\v1\https\repo1.maven.org\maven2\org\fusesource\jansi\jansi\1.18\jansi-1.18.jar;C:\Users\ZAIN UL ABDIN\AppData\Local\Coursier\cache\v1\https\repo1.maven.org\maven2\org\apache\httpcomponents\httpclient\4.5.10\httpclient-4.5.10.jar;C:\Users\ZAIN UL ABDIN\AppData\Local\Coursier\cache\v1\https\repo1.maven.org\maven2\org\apache\httpcomponents\httpcore\4.4.12\httpcore-4.4.12.jar;C:\Users\ZAIN UL ABDIN\AppData\Local\Coursier\cache\v1\https\repo1.maven.org\maven2\io\opencensus\opencensus-api\0.24.0\opencensus-api-0.24.0.jar;C:\Users\ZAIN UL ABDIN\AppData\Local\Coursier\cache\v1\https\repo1.maven.org\maven2\io\opencensus\opencensus-contrib-http-util\0.24.0\opencensus-contrib-http-util-0.24.0.jar;C:\Users\ZAIN UL ABDIN\AppData\Local\Coursier\cache\v1\https\repo1.maven.org\maven2\com\google\auto\value\auto-value-annotations\1.6.6\auto-value-annotations-1.6.6.jar;C:\Users\ZAIN UL ABDIN\AppData\Local\Coursier\cache\v1\https\repo1.maven.org\maven2\com\google\auth\google-auth-library-credentials\0.18.0\google-auth-library-credentials-0.18.0.jar;C:\Users\ZAIN UL ABDIN\AppData\Local\Coursier\cache\v1\https\repo1.maven.org\maven2\com\google\http-client\google-http-client-jackson2\1.32.1\google-http-client-jackson2-1.32.1.jar;C:\Users\ZAIN UL ABDIN\AppData\Local\Coursier\cache\v1\https\repo1.maven.org\maven2\com\fasterxml\jackson\core\jackson-annotations\2.13.3\jackson-annotations-2.13.3.jar;C:\Users\ZAIN UL ABDIN\AppData\Local\Coursier\cache\v1\https\repo1.maven.org\maven2\com\fasterxml\jackson\core\jackson-core\2.13.3\jackson-core-2.13.3.jar;C:\Users\ZAIN UL ABDIN\AppData\Local\Coursier\cache\v1\https\repo1.maven.org\maven2\org\scala-lang\scala3-interfaces\3.1.2\scala3-interfaces-3.1.2.jar;C:\Users\ZAIN UL ABDIN\AppData\Local\Coursier\cache\v1\https\repo1.maven.org\maven2\org\scala-lang\tasty-core_3\3.1.2\tasty-core_3-3.1.2.jar;C:\Users\ZAIN UL ABDIN\AppData\Local\Coursier\cache\v1\https\repo1.maven.org\maven2\org\scala-lang\modules\scala-asm\9.1.0-scala-1\scala-asm-9.1.0-scala-1.jar;C:\Users\ZAIN UL ABDIN\AppData\Local\Coursier\cache\v1\https\repo1.maven.org\maven2\org\scala-sbt\compiler-interface\1.3.5\compiler-interface-1.3.5.jar;C:\Users\ZAIN UL ABDIN\AppData\Local\Coursier\cache\v1\https\repo1.maven.org\maven2\org\jline\jline-reader\3.19.0\jline-reader-3.19.0.jar;C:\Users\ZAIN UL ABDIN\AppData\Local\Coursier\cache\v1\https\repo1.maven.org\maven2\org\jline\jline-terminal\3.19.0\jline-terminal-3.19.0.jar;C:\Users\ZAIN UL ABDIN\AppData\Local\Coursier\cache\v1\https\repo1.maven.org\maven2\org\jline\jline-terminal-jna\3.19.0\jline-terminal-jna-3.19.0.jar;C:\Users\ZAIN UL ABDIN\AppData\Local\Coursier\cache\v1\https\repo1.maven.org\maven2\com\lihaoyi\sourcecode_2.13\0.3.0\sourcecode_2.13-0.3.0.jar;C:\Users\ZAIN UL ABDIN\AppData\Local\Coursier\cache\v1\https\repo1.maven.org\maven2\com\thesamet\scalapb\scalapb-runtime_2.13\0.11.13\scalapb-runtime_2.13-0.11.13.jar;C:\Users\ZAIN UL ABDIN\AppData\Local\Coursier\cache\v1\https\repo1.maven.org\maven2\org\scala-native\nir_3\0.4.14\nir_3-0.4.14.jar;C:\Users\ZAIN UL ABDIN\AppData\Local\Coursier\cache\v1\https\repo1.maven.org\maven2\org\scala-native\util_3\0.4.14\util_3-0.4.14.jar;C:\Users\ZAIN UL ABDIN\AppData\Local\Coursier\cache\v1\https\repo1.maven.org\maven2\org\scala-lang\modules\scala-parallel-collections_3\1.0.3\scala-parallel-collections_3-1.0.3.jar;C:\Users\ZAIN UL ABDIN\AppData\Local\Coursier\cache\v1\https\repo1.maven.org\maven2\org\hamcrest\hamcrest-core\1.3\hamcrest-core-1.3.jar;C:\Users\ZAIN UL ABDIN\AppData\Local\Coursier\cache\v1\https\repo1.maven.org\maven2\org\scala-js\scalajs-logging_2.13\1.1.1\scalajs-logging_2.13-1.1.1.jar;C:\Users\ZAIN UL ABDIN\AppData\Local\Coursier\cache\v1\https\repo1.maven.org\maven2\io\github\alexarchambault\bleep\bloop-rifle_2.13\1.5.9-sc-1\bloop-rifle_2.13-1.5.9-sc-1.jar;C:\Users\ZAIN UL ABDIN\AppData\Local\Coursier\cache\v1\https\repo1.maven.org\maven2\io\get-coursier\coursier-jvm_2.13\2.1.5\coursier-jvm_2.13-2.1.5.jar;C:\Users\ZAIN UL ABDIN\AppData\Local\Coursier\cache\v1\https\repo1.maven.org\maven2\io\get-coursier\dependency_3\0.2.3\dependency_3-0.2.3.jar;C:\Users\ZAIN UL ABDIN\AppData\Local\Coursier\cache\v1\https\repo1.maven.org\maven2\org\eclipse\jgit\org.eclipse.jgit\6.6.0.202305301015-r\org.eclipse.jgit-6.6.0.202305301015-r.jar;C:\Users\ZAIN UL ABDIN\AppData\Local\Coursier\cache\v1\https\repo1.maven.org\maven2\org\scala-js\scalajs-env-jsdom-nodejs_2.13\1.1.0\scalajs-env-jsdom-nodejs_2.13-1.1.0.jar;C:\Users\ZAIN UL ABDIN\AppData\Local\Coursier\cache\v1\https\repo1.maven.org\maven2\org\eclipse\lsp4j\org.eclipse.lsp4j.generator\0.20.1\org.eclipse.lsp4j.generator-0.20.1.jar;C:\Users\ZAIN UL ABDIN\AppData\Local\Coursier\cache\v1\https\repo1.maven.org\maven2\org\eclipse\lsp4j\org.eclipse.lsp4j.jsonrpc\0.20.1\org.eclipse.lsp4j.jsonrpc-0.20.1.jar;C:\Users\ZAIN UL ABDIN\AppData\Local\Coursier\cache\v1\https\repo1.maven.org\maven2\commons-logging\commons-logging\1.2\commons-logging-1.2.jar;C:\Users\ZAIN UL ABDIN\AppData\Local\Coursier\cache\v1\https\repo1.maven.org\maven2\commons-codec\commons-codec\1.11\commons-codec-1.11.jar;C:\Users\ZAIN UL ABDIN\AppData\Local\Coursier\cache\v1\https\repo1.maven.org\maven2\io\grpc\grpc-context\1.22.1\grpc-context-1.22.1.jar;C:\Users\ZAIN UL ABDIN\AppData\Local\Coursier\cache\v1\https\repo1.maven.org\maven2\com\google\protobuf\protobuf-java\3.19.6\protobuf-java-3.19.6.jar;C:\Users\ZAIN UL ABDIN\AppData\Local\Coursier\cache\v1\https\repo1.maven.org\maven2\org\scala-sbt\util-interface\1.3.0\util-interface-1.3.0.jar;C:\Users\ZAIN UL ABDIN\AppData\Local\Coursier\cache\v1\https\repo1.maven.org\maven2\com\thesamet\scalapb\lenses_2.13\0.11.13\lenses_2.13-0.11.13.jar;C:\Users\ZAIN UL ABDIN\AppData\Local\Coursier\cache\v1\https\repo1.maven.org\maven2\io\github\alexarchambault\libdaemon\libdaemon_2.13\0.0.11\libdaemon_2.13-0.0.11.jar;C:\Users\ZAIN UL ABDIN\AppData\Local\Coursier\cache\v1\https\repo1.maven.org\maven2\io\github\alexarchambault\scala-cli\snailgun\snailgun-core_2.13\0.4.1-sc2\snailgun-core_2.13-0.4.1-sc2.jar;C:\Users\ZAIN UL ABDIN\AppData\Local\Coursier\cache\v1\https\repo1.maven.org\maven2\com\github\alexarchambault\argonaut-shapeless_6.3_2.13\1.3.1\argonaut-shapeless_6.3_2.13-1.3.1.jar;C:\Users\ZAIN UL ABDIN\AppData\Local\Coursier\cache\v1\https\repo1.maven.org\maven2\io\get-coursier\coursier_2.13\2.1.5\coursier_2.13-2.1.5.jar;C:\Users\ZAIN UL ABDIN\AppData\Local\Coursier\cache\v1\https\repo1.maven.org\maven2\io\get-coursier\coursier-env_2.13\2.1.5\coursier-env_2.13-2.1.5.jar;C:\Users\ZAIN UL ABDIN\AppData\Local\Coursier\cache\v1\https\repo1.maven.org\maven2\com\googlecode\javaewah\JavaEWAH\1.2.3\JavaEWAH-1.2.3.jar;C:\Users\ZAIN UL ABDIN\AppData\Local\Coursier\cache\v1\https\repo1.maven.org\maven2\org\eclipse\xtend\org.eclipse.xtend.lib\2.28.0\org.eclipse.xtend.lib-2.28.0.jar;C:\Users\ZAIN UL ABDIN\AppData\Local\Coursier\cache\v1\https\repo1.maven.org\maven2\com\google\code\gson\gson\2.10.1\gson-2.10.1.jar;C:\Users\ZAIN UL ABDIN\AppData\Local\Coursier\cache\v1\https\repo1.maven.org\maven2\io\argonaut\argonaut_2.13\6.3.8\argonaut_2.13-6.3.8.jar;C:\Users\ZAIN UL ABDIN\AppData\Local\Coursier\cache\v1\https\repo1.maven.org\maven2\com\chuusai\shapeless_2.13\2.3.9\shapeless_2.13-2.3.9.jar;C:\Users\ZAIN UL ABDIN\AppData\Local\Coursier\cache\v1\https\repo1.maven.org\maven2\org\eclipse\xtext\org.eclipse.xtext.xbase.lib\2.28.0\org.eclipse.xtext.xbase.lib-2.28.0.jar;C:\Users\ZAIN UL ABDIN\AppData\Local\Coursier\cache\v1\https\repo1.maven.org\maven2\org\eclipse\xtend\org.eclipse.xtend.lib.macro\2.28.0\org.eclipse.xtend.lib.macro-2.28.0.jar, scala.cli.ScalaCli, bsp, C:\Users\ZAIN UL ABDIN\Documents\scala_learnings\first_class)
2023.09.28 20:39:04 INFO  tracing is disabled for protocol BSP, to enable tracing of incoming and outgoing JSON messages create an empty file at C:\Users\ZAIN UL ABDIN\Documents\scala_learnings\first_class\.metals\bsp.trace.json or C:\Users\ZAIN UL ABDIN\AppData\Local\scalameta\metals\cache\bsp.trace.json
2023.09.28 20:39:24 ERROR Timeout waiting for 'build/initialize' response
2023.09.28 20:39:24 WARN  Retrying connection to the build server scala-cli
2023.09.28 20:39:24 INFO  Running BSP server List(C:\Users\ZAIN UL ABDIN\AppData\Local\Programs\Eclipse Adoptium\jdk-17.0.8.7-hotspot\bin\java.exe, -cp, C:\Users\ZAIN UL ABDIN\AppData\Local\Coursier\cache\v1\https\repo1.maven.org\maven2\org\virtuslab\scala-cli\cli_3\1.0.4\cli_3-1.0.4.jar;C:\Users\ZAIN UL ABDIN\AppData\Local\Coursier\cache\v1\https\repo1.maven.org\maven2\com\github\alexarchambault\case-app_3\2.1.0-M25\case-app_3-2.1.0-M25.jar;C:\Users\ZAIN UL ABDIN\AppData\Local\Coursier\cache\v1\https\repo1.maven.org\maven2\io\get-coursier\coursier-launcher_2.13\2.1.5\coursier-launcher_2.13-2.1.5.jar;C:\Users\ZAIN UL ABDIN\AppData\Local\Coursier\cache\v1\https\repo1.maven.org\maven2\io\get-coursier\coursier-proxy-setup\2.1.5\coursier-proxy-setup-2.1.5.jar;C:\Users\ZAIN UL ABDIN\AppData\Local\Coursier\cache\v1\https\repo1.maven.org\maven2\io\get-coursier\publish\publish_2.13\0.1.4\publish_2.13-0.1.4.jar;C:\Users\ZAIN UL ABDIN\AppData\Local\Coursier\cache\v1\https\repo1.maven.org\maven2\com\google\jimfs\jimfs\1.3.0\jimfs-1.3.0.jar;C:\Users\ZAIN UL ABDIN\AppData\Local\Coursier\cache\v1\https\repo1.maven.org\maven2\io\get-coursier\jniutils\windows-jni-utils\0.3.3\windows-jni-utils-0.3.3.jar;C:\Users\ZAIN UL ABDIN\AppData\Local\Coursier\cache\v1\https\repo1.maven.org\maven2\com\github\plokhotnyuk\jsoniter-scala\jsoniter-scala-core_3\2.13.5.2\jsoniter-scala-core_3-2.13.5.2.jar;C:\Users\ZAIN UL ABDIN\AppData\Local\Coursier\cache\v1\https\repo1.maven.org\maven2\org\virtuslab\scala-cli\libsodiumjni\0.0.3\libsodiumjni-0.0.3.jar;C:\Users\ZAIN UL ABDIN\AppData\Local\Coursier\cache\v1\https\repo1.maven.org\maven2\com\geirsson\metaconfig-typesafe-config_3\0.11.1\metaconfig-typesafe-config_3-0.11.1.jar;C:\Users\ZAIN UL ABDIN\AppData\Local\Coursier\cache\v1\https\repo1.maven.org\maven2\ai\kien\python-native-libs_3\0.2.4\python-native-libs_3-0.2.4.jar;C:\Users\ZAIN UL ABDIN\AppData\Local\Coursier\cache\v1\https\repo1.maven.org\maven2\org\virtuslab\scala-packager_2.13\0.1.29\scala-packager_2.13-0.1.29.jar;C:\Users\ZAIN UL ABDIN\AppData\Local\Coursier\cache\v1\https\repo1.maven.org\maven2\org\virtuslab\scala-cli-signing\cli_3\0.2.2\cli_3-0.2.2.jar;C:\Users\ZAIN UL ABDIN\AppData\Local\Coursier\cache\v1\https\repo1.maven.org\maven2\org\slf4j\slf4j-nop\2.0.7\slf4j-nop-2.0.7.jar;C:\Users\ZAIN UL ABDIN\AppData\Local\Coursier\cache\v1\https\repo1.maven.org\maven2\com\softwaremill\sttp\client3\core_2.13\3.8.16\core_2.13-3.8.16.jar;C:\Users\ZAIN UL ABDIN\AppData\Local\Coursier\cache\v1\https\repo1.maven.org\maven2\org\scala-lang\scala3-library_3\3.3.0\scala3-library_3-3.3.0.jar;C:\Users\ZAIN UL ABDIN\AppData\Local\Coursier\cache\v1\https\repo1.maven.org\maven2\org\virtuslab\scala-cli\build-module_3\1.0.4\build-module_3-1.0.4.jar;C:\Users\ZAIN UL ABDIN\AppData\Local\Coursier\cache\v1\https\repo1.maven.org\maven2\org\virtuslab\scala-cli\config_3\1.0.4\config_3-1.0.4.jar;C:\Users\ZAIN UL ABDIN\AppData\Local\Coursier\cache\v1\https\repo1.maven.org\maven2\org\virtuslab\scala-cli\scala3-graal_3\1.0.4\scala3-graal_3-1.0.4.jar;C:\Users\ZAIN UL ABDIN\AppData\Local\Coursier\cache\v1\https\repo1.maven.org\maven2\org\virtuslab\scala-cli\specification-level_3\1.0.4\specification-level_3-1.0.4.jar;C:\Users\ZAIN UL ABDIN\AppData\Local\Coursier\cache\v1\https\repo1.maven.org\maven2\com\github\alexarchambault\case-app-annotations_3\2.1.0-M25\case-app-annotations_3-2.1.0-M25.jar;C:\Users\ZAIN UL ABDIN\AppData\Local\Coursier\cache\v1\https\repo1.maven.org\maven2\com\github\alexarchambault\case-app-util_3\2.1.0-M25\case-app-util_3-2.1.0-M25.jar;C:\Users\ZAIN UL ABDIN\AppData\Local\Coursier\cache\v1\https\repo1.maven.org\maven2\com\lihaoyi\sourcecode_3\0.3.0\sourcecode_3-0.3.0.jar;C:\Users\ZAIN UL ABDIN\AppData\Local\Coursier\cache\v1\https\repo1.maven.org\maven2\org\scala-lang\modules\scala-collection-compat_2.13\2.11.0\scala-collection-compat_2.13-2.11.0.jar;C:\Users\ZAIN UL ABDIN\AppData\Local\Coursier\cache\v1\https\repo1.maven.org\maven2\io\github\alexarchambault\scala-cli\tmp\zip-input-stream\0.1.1\zip-input-stream-0.1.1.jar;C:\Users\ZAIN UL ABDIN\AppData\Local\Coursier\cache\v1\https\repo1.maven.org\maven2\ai\kien\python-native-libs_2.13\0.2.4\python-native-libs_2.13-0.2.4.jar;C:\Users\ZAIN UL ABDIN\AppData\Local\Coursier\cache\v1\https\repo1.maven.org\maven2\org\scala-lang\scala-library\2.13.11\scala-library-2.13.11.jar;C:\Users\ZAIN UL ABDIN\AppData\Local\Coursier\cache\v1\https\repo1.maven.org\maven2\io\get-coursier\coursier-cache_2.13\2.1.5\coursier-cache_2.13-2.1.5.jar;C:\Users\ZAIN UL ABDIN\AppData\Local\Coursier\cache\v1\https\repo1.maven.org\maven2\io\get-coursier\coursier-core_2.13\2.1.5\coursier-core_2.13-2.1.5.jar;C:\Users\ZAIN UL ABDIN\AppData\Local\Coursier\cache\v1\https\repo1.maven.org\maven2\com\github\plokhotnyuk\jsoniter-scala\jsoniter-scala-core_2.13\2.13.15\jsoniter-scala-core_2.13-2.13.15.jar;C:\Users\ZAIN UL ABDIN\AppData\Local\Coursier\cache\v1\https\repo1.maven.org\maven2\com\google\guava\guava\32.1.2-jre\guava-32.1.2-jre.jar;C:\Users\ZAIN UL ABDIN\AppData\Local\Coursier\cache\v1\https\repo1.maven.org\maven2\net\java\dev\jna\jna\5.12.1\jna-5.12.1.jar;C:\Users\ZAIN UL ABDIN\AppData\Local\Coursier\cache\v1\https\repo1.maven.org\maven2\net\java\dev\jna\jna-platform\5.12.1\jna-platform-5.12.1.jar;C:\Users\ZAIN UL ABDIN\AppData\Local\Coursier\cache\v1\https\repo1.maven.org\maven2\com\geirsson\metaconfig-core_3\0.11.1\metaconfig-core_3-0.11.1.jar;C:\Users\ZAIN UL ABDIN\AppData\Local\Coursier\cache\v1\https\repo1.maven.org\maven2\com\typesafe\config\1.4.1\config-1.4.1.jar;C:\Users\ZAIN UL ABDIN\AppData\Local\Coursier\cache\v1\https\repo1.maven.org\maven2\org\scala-lang\modules\scala-collection-compat_3\2.11.0\scala-collection-compat_3-2.11.0.jar;C:\Users\ZAIN UL ABDIN\AppData\Local\Coursier\cache\v1\https\repo1.maven.org\maven2\commons-io\commons-io\2.11.0\commons-io-2.11.0.jar;C:\Users\ZAIN UL ABDIN\AppData\Local\Coursier\cache\v1\https\repo1.maven.org\maven2\com\google\cloud\tools\jib-core\0.22.0\jib-core-0.22.0.jar;C:\Users\ZAIN UL ABDIN\AppData\Local\Coursier\cache\v1\https\repo1.maven.org\maven2\com\lihaoyi\os-lib_2.13\0.8.1\os-lib_2.13-0.8.1.jar;C:\Users\ZAIN UL ABDIN\AppData\Local\Coursier\cache\v1\https\repo1.maven.org\maven2\org\bouncycastle\bcpg-jdk18on\1.73\bcpg-jdk18on-1.73.jar;C:\Users\ZAIN UL ABDIN\AppData\Local\Coursier\cache\v1\https\repo1.maven.org\maven2\org\virtuslab\scala-cli-signing\shared_3\0.2.2\shared_3-0.2.2.jar;C:\Users\ZAIN UL ABDIN\AppData\Local\Coursier\cache\v1\https\repo1.maven.org\maven2\org\slf4j\slf4j-api\2.0.7\slf4j-api-2.0.7.jar;C:\Users\ZAIN UL ABDIN\AppData\Local\Coursier\cache\v1\https\repo1.maven.org\maven2\com\softwaremill\sttp\model\core_2.13\1.5.5\core_2.13-1.5.5.jar;C:\Users\ZAIN UL ABDIN\AppData\Local\Coursier\cache\v1\https\repo1.maven.org\maven2\com\softwaremill\sttp\shared\core_2.13\1.3.13\core_2.13-1.3.13.jar;C:\Users\ZAIN UL ABDIN\AppData\Local\Coursier\cache\v1\https\repo1.maven.org\maven2\com\softwaremill\sttp\shared\ws_2.13\1.3.13\ws_2.13-1.3.13.jar;C:\Users\ZAIN UL ABDIN\AppData\Local\Coursier\cache\v1\https\repo1.maven.org\maven2\org\ow2\asm\asm\9.5\asm-9.5.jar;C:\Users\ZAIN UL ABDIN\AppData\Local\Coursier\cache\v1\https\repo1.maven.org\maven2\io\github\alexarchambault\scala-cli\java-class-name_3\0.1.0\java-class-name_3-0.1.0.jar;C:\Users\ZAIN UL ABDIN\AppData\Local\Coursier\cache\v1\https\repo1.maven.org\maven2\org\scalameta\trees_2.13\4.8.7\trees_2.13-4.8.7.jar;C:\Users\ZAIN UL ABDIN\AppData\Local\Coursier\cache\v1\https\repo1.maven.org\maven2\org\scala-native\test-runner_3\0.4.14\test-runner_3-0.4.14.jar;C:\Users\ZAIN UL ABDIN\AppData\Local\Coursier\cache\v1\https\repo1.maven.org\maven2\com\lihaoyi\os-lib_3\0.9.1\os-lib_3-0.9.1.jar;C:\Users\ZAIN UL ABDIN\AppData\Local\Coursier\cache\v1\https\repo1.maven.org\maven2\com\lihaoyi\pprint_3\0.8.1\pprint_3-0.8.1.jar;C:\Users\ZAIN UL ABDIN\AppData\Local\Coursier\cache\v1\https\repo1.maven.org\maven2\org\scala-js\scalajs-env-nodejs_2.13\1.4.0\scalajs-env-nodejs_2.13-1.4.0.jar;C:\Users\ZAIN UL ABDIN\AppData\Local\Coursier\cache\v1\https\repo1.maven.org\maven2\org\scala-js\scalajs-sbt-test-adapter_2.13\1.13.2\scalajs-sbt-test-adapter_2.13-1.13.2.jar;C:\Users\ZAIN UL ABDIN\AppData\Local\Coursier\cache\v1\https\repo1.maven.org\maven2\com\swoval\file-tree-views\2.1.10\file-tree-views-2.1.10.jar;C:\Users\ZAIN UL ABDIN\AppData\Local\Coursier\cache\v1\https\repo1.maven.org\maven2\org\virtuslab\scala-cli\options_3\1.0.4\options_3-1.0.4.jar;C:\Users\ZAIN UL ABDIN\AppData\Local\Coursier\cache\v1\https\repo1.maven.org\maven2\org\virtuslab\scala-cli\directives_3\1.0.4\directives_3-1.0.4.jar;C:\Users\ZAIN UL ABDIN\AppData\Local\Coursier\cache\v1\https\repo1.maven.org\maven2\org\virtuslab\scala-cli\scala-cli-bsp\1.0.4\scala-cli-bsp-1.0.4.jar;C:\Users\ZAIN UL ABDIN\AppData\Local\Coursier\cache\v1\https\repo1.maven.org\maven2\org\virtuslab\scala-cli\test-runner_2.13\1.0.4\test-runner_2.13-1.0.4.jar;C:\Users\ZAIN UL ABDIN\AppData\Local\Coursier\cache\v1\https\repo1.maven.org\maven2\org\virtuslab\scala-cli\tasty-lib_3\1.0.4\tasty-lib_3-1.0.4.jar;C:\Users\ZAIN UL ABDIN\AppData\Local\Coursier\cache\v1\https\repo1.maven.org\maven2\org\codehaus\plexus\plexus-archiver\4.7.1\plexus-archiver-4.7.1.jar;C:\Users\ZAIN UL ABDIN\AppData\Local\Coursier\cache\v1\https\repo1.maven.org\maven2\org\codehaus\plexus\plexus-container-default\2.1.1\plexus-container-default-2.1.1.jar;C:\Users\ZAIN UL ABDIN\AppData\Local\Coursier\cache\v1\https\repo1.maven.org\maven2\io\github\alexarchambault\windows-ansi\windows-ansi\0.0.5\windows-ansi-0.0.5.jar;C:\Users\ZAIN UL ABDIN\AppData\Local\Coursier\cache\v1\https\repo1.maven.org\maven2\io\get-coursier\coursier-util_2.13\2.1.5\coursier-util_2.13-2.1.5.jar;C:\Users\ZAIN UL ABDIN\AppData\Local\Coursier\cache\v1\https\repo1.maven.org\maven2\io\github\alexarchambault\concurrent-reference-hash-map\1.1.0\concurrent-reference-hash-map-1.1.0.jar;C:\Users\ZAIN UL ABDIN\AppData\Local\Coursier\cache\v1\https\repo1.maven.org\maven2\org\scala-lang\modules\scala-xml_2.13\2.1.0\scala-xml_2.13-2.1.0.jar;C:\Users\ZAIN UL ABDIN\AppData\Local\Coursier\cache\v1\https\repo1.maven.org\maven2\com\google\guava\failureaccess\1.0.1\failureaccess-1.0.1.jar;C:\Users\ZAIN UL ABDIN\AppData\Local\Coursier\cache\v1\https\repo1.maven.org\maven2\com\google\guava\listenablefuture\9999.0-empty-to-avoid-conflict-with-guava\listenablefuture-9999.0-empty-to-avoid-conflict-with-guava.jar;C:\Users\ZAIN UL ABDIN\AppData\Local\Coursier\cache\v1\https\repo1.maven.org\maven2\com\google\code\findbugs\jsr305\3.0.2\jsr305-3.0.2.jar;C:\Users\ZAIN UL ABDIN\AppData\Local\Coursier\cache\v1\https\repo1.maven.org\maven2\org\checkerframework\checker-qual\3.33.0\checker-qual-3.33.0.jar;C:\Users\ZAIN UL ABDIN\AppData\Local\Coursier\cache\v1\https\repo1.maven.org\maven2\com\google\errorprone\error_prone_annotations\2.18.0\error_prone_annotations-2.18.0.jar;C:\Users\ZAIN UL ABDIN\AppData\Local\Coursier\cache\v1\https\repo1.maven.org\maven2\com\google\j2objc\j2objc-annotations\2.8\j2objc-annotations-2.8.jar;C:\Users\ZAIN UL ABDIN\AppData\Local\Coursier\cache\v1\https\repo1.maven.org\maven2\com\geirsson\metaconfig-pprint_3\0.11.1\metaconfig-pprint_3-0.11.1.jar;C:\Users\ZAIN UL ABDIN\AppData\Local\Coursier\cache\v1\https\repo1.maven.org\maven2\org\typelevel\paiges-core_3\0.4.2\paiges-core_3-0.4.2.jar;C:\Users\ZAIN UL ABDIN\AppData\Local\Coursier\cache\v1\https\repo1.maven.org\maven2\org\scala-lang\scala-reflect\2.13.8\scala-reflect-2.13.8.jar;C:\Users\ZAIN UL ABDIN\AppData\Local\Coursier\cache\v1\https\repo1.maven.org\maven2\com\google\cloud\tools\jib-build-plan\0.4.0\jib-build-plan-0.4.0.jar;C:\Users\ZAIN UL ABDIN\AppData\Local\Coursier\cache\v1\https\repo1.maven.org\maven2\com\google\http-client\google-http-client\1.34.0\google-http-client-1.34.0.jar;C:\Users\ZAIN UL ABDIN\AppData\Local\Coursier\cache\v1\https\repo1.maven.org\maven2\com\google\http-client\google-http-client-apache-v2\1.34.0\google-http-client-apache-v2-1.34.0.jar;C:\Users\ZAIN UL ABDIN\AppData\Local\Coursier\cache\v1\https\repo1.maven.org\maven2\com\google\auth\google-auth-library-oauth2-http\0.18.0\google-auth-library-oauth2-http-0.18.0.jar;C:\Users\ZAIN UL ABDIN\AppData\Local\Coursier\cache\v1\https\repo1.maven.org\maven2\org\apache\commons\commons-compress\1.23.0\commons-compress-1.23.0.jar;C:\Users\ZAIN UL ABDIN\AppData\Local\Coursier\cache\v1\https\repo1.maven.org\maven2\com\fasterxml\jackson\core\jackson-databind\2.13.3\jackson-databind-2.13.3.jar;C:\Users\ZAIN UL ABDIN\AppData\Local\Coursier\cache\v1\https\repo1.maven.org\maven2\com\fasterxml\jackson\datatype\jackson-datatype-jsr310\2.13.3\jackson-datatype-jsr310-2.13.3.jar;C:\Users\ZAIN UL ABDIN\AppData\Local\Coursier\cache\v1\https\repo1.maven.org\maven2\com\lihaoyi\geny_2.13\0.7.1\geny_2.13-0.7.1.jar;C:\Users\ZAIN UL ABDIN\AppData\Local\Coursier\cache\v1\https\repo1.maven.org\maven2\org\bouncycastle\bcprov-jdk18on\1.73\bcprov-jdk18on-1.73.jar;C:\Users\ZAIN UL ABDIN\AppData\Local\Coursier\cache\v1\https\repo1.maven.org\maven2\org\scala-lang\scala3-compiler_3\3.1.2\scala3-compiler_3-3.1.2.jar;C:\Users\ZAIN UL ABDIN\AppData\Local\Coursier\cache\v1\https\repo1.maven.org\maven2\org\scalameta\common_2.13\4.8.7\common_2.13-4.8.7.jar;C:\Users\ZAIN UL ABDIN\AppData\Local\Coursier\cache\v1\https\repo1.maven.org\maven2\org\scala-native\tools_3\0.4.14\tools_3-0.4.14.jar;C:\Users\ZAIN UL ABDIN\AppData\Local\Coursier\cache\v1\https\repo1.maven.org\maven2\org\scala-sbt\test-interface\1.0\test-interface-1.0.jar;C:\Users\ZAIN UL ABDIN\AppData\Local\Coursier\cache\v1\https\repo1.maven.org\maven2\com\novocode\junit-interface\0.11\junit-interface-0.11.jar;C:\Users\ZAIN UL ABDIN\AppData\Local\Coursier\cache\v1\https\repo1.maven.org\maven2\junit\junit\4.13.2\junit-4.13.2.jar;C:\Users\ZAIN UL ABDIN\AppData\Local\Coursier\cache\v1\https\repo1.maven.org\maven2\com\lihaoyi\geny_3\1.0.0\geny_3-1.0.0.jar;C:\Users\ZAIN UL ABDIN\AppData\Local\Coursier\cache\v1\https\repo1.maven.org\maven2\com\lihaoyi\fansi_3\0.4.0\fansi_3-0.4.0.jar;C:\Users\ZAIN UL ABDIN\AppData\Local\Coursier\cache\v1\https\repo1.maven.org\maven2\org\scala-js\scalajs-js-envs_2.13\1.4.0\scalajs-js-envs_2.13-1.4.0.jar;C:\Users\ZAIN UL ABDIN\AppData\Local\Coursier\cache\v1\https\repo1.maven.org\maven2\ch\epfl\scala\bloop-config_2.13\1.5.5\bloop-config_2.13-1.5.5.jar;C:\Users\ZAIN UL ABDIN\AppData\Local\Coursier\cache\v1\https\repo1.maven.org\maven2\org\virtuslab\scala-cli\core_3\1.0.4\core_3-1.0.4.jar;C:\Users\ZAIN UL ABDIN\AppData\Local\Coursier\cache\v1\https\repo1.maven.org\maven2\org\virtuslab\using_directives\1.1.0\using_directives-1.1.0.jar;C:\Users\ZAIN UL ABDIN\AppData\Local\Coursier\cache\v1\https\repo1.maven.org\maven2\org\virtuslab\scala-cli\build-macros_3\1.0.4\build-macros_3-1.0.4.jar;C:\Users\ZAIN UL ABDIN\AppData\Local\Coursier\cache\v1\https\repo1.maven.org\maven2\ch\epfl\scala\bsp4j\2.1.0-M5\bsp4j-2.1.0-M5.jar;C:\Users\ZAIN UL ABDIN\AppData\Local\Coursier\cache\v1\https\repo1.maven.org\maven2\javax\inject\javax.inject\1\javax.inject-1.jar;C:\Users\ZAIN UL ABDIN\AppData\Local\Coursier\cache\v1\https\repo1.maven.org\maven2\org\codehaus\plexus\plexus-utils\3.5.1\plexus-utils-3.5.1.jar;C:\Users\ZAIN UL ABDIN\AppData\Local\Coursier\cache\v1\https\repo1.maven.org\maven2\org\codehaus\plexus\plexus-io\3.4.1\plexus-io-3.4.1.jar;C:\Users\ZAIN UL ABDIN\AppData\Local\Coursier\cache\v1\https\repo1.maven.org\maven2\org\iq80\snappy\snappy\0.4\snappy-0.4.jar;C:\Users\ZAIN UL ABDIN\AppData\Local\Coursier\cache\v1\https\repo1.maven.org\maven2\org\tukaani\xz\1.9\xz-1.9.jar;C:\Users\ZAIN UL ABDIN\AppData\Local\Coursier\cache\v1\https\repo1.maven.org\maven2\com\github\luben\zstd-jni\1.5.5-2\zstd-jni-1.5.5-2.jar;C:\Users\ZAIN UL ABDIN\AppData\Local\Coursier\cache\v1\https\repo1.maven.org\maven2\org\codehaus\plexus\plexus-classworlds\2.6.0\plexus-classworlds-2.6.0.jar;C:\Users\ZAIN UL ABDIN\AppData\Local\Coursier\cache\v1\https\repo1.maven.org\maven2\org\apache\xbean\xbean-reflect\3.7\xbean-reflect-3.7.jar;C:\Users\ZAIN UL ABDIN\AppData\Local\Coursier\cache\v1\https\repo1.maven.org\maven2\org\fusesource\jansi\jansi\1.18\jansi-1.18.jar;C:\Users\ZAIN UL ABDIN\AppData\Local\Coursier\cache\v1\https\repo1.maven.org\maven2\org\apache\httpcomponents\httpclient\4.5.10\httpclient-4.5.10.jar;C:\Users\ZAIN UL ABDIN\AppData\Local\Coursier\cache\v1\https\repo1.maven.org\maven2\org\apache\httpcomponents\httpcore\4.4.12\httpcore-4.4.12.jar;C:\Users\ZAIN UL ABDIN\AppData\Local\Coursier\cache\v1\https\repo1.maven.org\maven2\io\opencensus\opencensus-api\0.24.0\opencensus-api-0.24.0.jar;C:\Users\ZAIN UL ABDIN\AppData\Local\Coursier\cache\v1\https\repo1.maven.org\maven2\io\opencensus\opencensus-contrib-http-util\0.24.0\opencensus-contrib-http-util-0.24.0.jar;C:\Users\ZAIN UL ABDIN\AppData\Local\Coursier\cache\v1\https\repo1.maven.org\maven2\com\google\auto\value\auto-value-annotations\1.6.6\auto-value-annotations-1.6.6.jar;C:\Users\ZAIN UL ABDIN\AppData\Local\Coursier\cache\v1\https\repo1.maven.org\maven2\com\google\auth\google-auth-library-credentials\0.18.0\google-auth-library-credentials-0.18.0.jar;C:\Users\ZAIN UL ABDIN\AppData\Local\Coursier\cache\v1\https\repo1.maven.org\maven2\com\google\http-client\google-http-client-jackson2\1.32.1\google-http-client-jackson2-1.32.1.jar;C:\Users\ZAIN UL ABDIN\AppData\Local\Coursier\cache\v1\https\repo1.maven.org\maven2\com\fasterxml\jackson\core\jackson-annotations\2.13.3\jackson-annotations-2.13.3.jar;C:\Users\ZAIN UL ABDIN\AppData\Local\Coursier\cache\v1\https\repo1.maven.org\maven2\com\fasterxml\jackson\core\jackson-core\2.13.3\jackson-core-2.13.3.jar;C:\Users\ZAIN UL ABDIN\AppData\Local\Coursier\cache\v1\https\repo1.maven.org\maven2\org\scala-lang\scala3-interfaces\3.1.2\scala3-interfaces-3.1.2.jar;C:\Users\ZAIN UL ABDIN\AppData\Local\Coursier\cache\v1\https\repo1.maven.org\maven2\org\scala-lang\tasty-core_3\3.1.2\tasty-core_3-3.1.2.jar;C:\Users\ZAIN UL ABDIN\AppData\Local\Coursier\cache\v1\https\repo1.maven.org\maven2\org\scala-lang\modules\scala-asm\9.1.0-scala-1\scala-asm-9.1.0-scala-1.jar;C:\Users\ZAIN UL ABDIN\AppData\Local\Coursier\cache\v1\https\repo1.maven.org\maven2\org\scala-sbt\compiler-interface\1.3.5\compiler-interface-1.3.5.jar;C:\Users\ZAIN UL ABDIN\AppData\Local\Coursier\cache\v1\https\repo1.maven.org\maven2\org\jline\jline-reader\3.19.0\jline-reader-3.19.0.jar;C:\Users\ZAIN UL ABDIN\AppData\Local\Coursier\cache\v1\https\repo1.maven.org\maven2\org\jline\jline-terminal\3.19.0\jline-terminal-3.19.0.jar;C:\Users\ZAIN UL ABDIN\AppData\Local\Coursier\cache\v1\https\repo1.maven.org\maven2\org\jline\jline-terminal-jna\3.19.0\jline-terminal-jna-3.19.0.jar;C:\Users\ZAIN UL ABDIN\AppData\Local\Coursier\cache\v1\https\repo1.maven.org\maven2\com\lihaoyi\sourcecode_2.13\0.3.0\sourcecode_2.13-0.3.0.jar;C:\Users\ZAIN UL ABDIN\AppData\Local\Coursier\cache\v1\https\repo1.maven.org\maven2\com\thesamet\scalapb\scalapb-runtime_2.13\0.11.13\scalapb-runtime_2.13-0.11.13.jar;C:\Users\ZAIN UL ABDIN\AppData\Local\Coursier\cache\v1\https\repo1.maven.org\maven2\org\scala-native\nir_3\0.4.14\nir_3-0.4.14.jar;C:\Users\ZAIN UL ABDIN\AppData\Local\Coursier\cache\v1\https\repo1.maven.org\maven2\org\scala-native\util_3\0.4.14\util_3-0.4.14.jar;C:\Users\ZAIN UL ABDIN\AppData\Local\Coursier\cache\v1\https\repo1.maven.org\maven2\org\scala-lang\modules\scala-parallel-collections_3\1.0.3\scala-parallel-collections_3-1.0.3.jar;C:\Users\ZAIN UL ABDIN\AppData\Local\Coursier\cache\v1\https\repo1.maven.org\maven2\org\hamcrest\hamcrest-core\1.3\hamcrest-core-1.3.jar;C:\Users\ZAIN UL ABDIN\AppData\Local\Coursier\cache\v1\https\repo1.maven.org\maven2\org\scala-js\scalajs-logging_2.13\1.1.1\scalajs-logging_2.13-1.1.1.jar;C:\Users\ZAIN UL ABDIN\AppData\Local\Coursier\cache\v1\https\repo1.maven.org\maven2\io\github\alexarchambault\bleep\bloop-rifle_2.13\1.5.9-sc-1\bloop-rifle_2.13-1.5.9-sc-1.jar;C:\Users\ZAIN UL ABDIN\AppData\Local\Coursier\cache\v1\https\repo1.maven.org\maven2\io\get-coursier\coursier-jvm_2.13\2.1.5\coursier-jvm_2.13-2.1.5.jar;C:\Users\ZAIN UL ABDIN\AppData\Local\Coursier\cache\v1\https\repo1.maven.org\maven2\io\get-coursier\dependency_3\0.2.3\dependency_3-0.2.3.jar;C:\Users\ZAIN UL ABDIN\AppData\Local\Coursier\cache\v1\https\repo1.maven.org\maven2\org\eclipse\jgit\org.eclipse.jgit\6.6.0.202305301015-r\org.eclipse.jgit-6.6.0.202305301015-r.jar;C:\Users\ZAIN UL ABDIN\AppData\Local\Coursier\cache\v1\https\repo1.maven.org\maven2\org\scala-js\scalajs-env-jsdom-nodejs_2.13\1.1.0\scalajs-env-jsdom-nodejs_2.13-1.1.0.jar;C:\Users\ZAIN UL ABDIN\AppData\Local\Coursier\cache\v1\https\repo1.maven.org\maven2\org\eclipse\lsp4j\org.eclipse.lsp4j.generator\0.20.1\org.eclipse.lsp4j.generator-0.20.1.jar;C:\Users\ZAIN UL ABDIN\AppData\Local\Coursier\cache\v1\https\repo1.maven.org\maven2\org\eclipse\lsp4j\org.eclipse.lsp4j.jsonrpc\0.20.1\org.eclipse.lsp4j.jsonrpc-0.20.1.jar;C:\Users\ZAIN UL ABDIN\AppData\Local\Coursier\cache\v1\https\repo1.maven.org\maven2\commons-logging\commons-logging\1.2\commons-logging-1.2.jar;C:\Users\ZAIN UL ABDIN\AppData\Local\Coursier\cache\v1\https\repo1.maven.org\maven2\commons-codec\commons-codec\1.11\commons-codec-1.11.jar;C:\Users\ZAIN UL ABDIN\AppData\Local\Coursier\cache\v1\https\repo1.maven.org\maven2\io\grpc\grpc-context\1.22.1\grpc-context-1.22.1.jar;C:\Users\ZAIN UL ABDIN\AppData\Local\Coursier\cache\v1\https\repo1.maven.org\maven2\com\google\protobuf\protobuf-java\3.19.6\protobuf-java-3.19.6.jar;C:\Users\ZAIN UL ABDIN\AppData\Local\Coursier\cache\v1\https\repo1.maven.org\maven2\org\scala-sbt\util-interface\1.3.0\util-interface-1.3.0.jar;C:\Users\ZAIN UL ABDIN\AppData\Local\Coursier\cache\v1\https\repo1.maven.org\maven2\com\thesamet\scalapb\lenses_2.13\0.11.13\lenses_2.13-0.11.13.jar;C:\Users\ZAIN UL ABDIN\AppData\Local\Coursier\cache\v1\https\repo1.maven.org\maven2\io\github\alexarchambault\libdaemon\libdaemon_2.13\0.0.11\libdaemon_2.13-0.0.11.jar;C:\Users\ZAIN UL ABDIN\AppData\Local\Coursier\cache\v1\https\repo1.maven.org\maven2\io\github\alexarchambault\scala-cli\snailgun\snailgun-core_2.13\0.4.1-sc2\snailgun-core_2.13-0.4.1-sc2.jar;C:\Users\ZAIN UL ABDIN\AppData\Local\Coursier\cache\v1\https\repo1.maven.org\maven2\com\github\alexarchambault\argonaut-shapeless_6.3_2.13\1.3.1\argonaut-shapeless_6.3_2.13-1.3.1.jar;C:\Users\ZAIN UL ABDIN\AppData\Local\Coursier\cache\v1\https\repo1.maven.org\maven2\io\get-coursier\coursier_2.13\2.1.5\coursier_2.13-2.1.5.jar;C:\Users\ZAIN UL ABDIN\AppData\Local\Coursier\cache\v1\https\repo1.maven.org\maven2\io\get-coursier\coursier-env_2.13\2.1.5\coursier-env_2.13-2.1.5.jar;C:\Users\ZAIN UL ABDIN\AppData\Local\Coursier\cache\v1\https\repo1.maven.org\maven2\com\googlecode\javaewah\JavaEWAH\1.2.3\JavaEWAH-1.2.3.jar;C:\Users\ZAIN UL ABDIN\AppData\Local\Coursier\cache\v1\https\repo1.maven.org\maven2\org\eclipse\xtend\org.eclipse.xtend.lib\2.28.0\org.eclipse.xtend.lib-2.28.0.jar;C:\Users\ZAIN UL ABDIN\AppData\Local\Coursier\cache\v1\https\repo1.maven.org\maven2\com\google\code\gson\gson\2.10.1\gson-2.10.1.jar;C:\Users\ZAIN UL ABDIN\AppData\Local\Coursier\cache\v1\https\repo1.maven.org\maven2\io\argonaut\argonaut_2.13\6.3.8\argonaut_2.13-6.3.8.jar;C:\Users\ZAIN UL ABDIN\AppData\Local\Coursier\cache\v1\https\repo1.maven.org\maven2\com\chuusai\shapeless_2.13\2.3.9\shapeless_2.13-2.3.9.jar;C:\Users\ZAIN UL ABDIN\AppData\Local\Coursier\cache\v1\https\repo1.maven.org\maven2\org\eclipse\xtext\org.eclipse.xtext.xbase.lib\2.28.0\org.eclipse.xtext.xbase.lib-2.28.0.jar;C:\Users\ZAIN UL ABDIN\AppData\Local\Coursier\cache\v1\https\repo1.maven.org\maven2\org\eclipse\xtend\org.eclipse.xtend.lib.macro\2.28.0\org.eclipse.xtend.lib.macro-2.28.0.jar, scala.cli.ScalaCli, bsp, C:\Users\ZAIN UL ABDIN\Documents\scala_learnings\first_class)
2023.09.28 20:39:24 INFO  tracing is disabled for protocol BSP, to enable tracing of incoming and outgoing JSON messages create an empty file at C:\Users\ZAIN UL ABDIN\Documents\scala_learnings\first_class\.metals\bsp.trace.json or C:\Users\ZAIN UL ABDIN\AppData\Local\scalameta\metals\cache\bsp.trace.json
2023.09.28 20:39:44 ERROR Timeout waiting for 'build/initialize' response
2023.09.28 20:39:44 ERROR Failed to connect with build server, no functionality will work.
java.util.concurrent.TimeoutException
	at java.util.concurrent.CompletableFuture.timedGet(CompletableFuture.java:1960)
	at java.util.concurrent.CompletableFuture.get(CompletableFuture.java:2095)
	at scala.meta.internal.metals.BuildServerConnection$.initialize(BuildServerConnection.scala:546)
	at scala.meta.internal.metals.BuildServerConnection$.$anonfun$fromSockets$1(BuildServerConnection.scala:447)
	at scala.concurrent.impl.Promise$Transformation.run(Promise.scala:467)
	at java.util.concurrent.ThreadPoolExecutor.runWorker(ThreadPoolExecutor.java:1136)
	at java.util.concurrent.ThreadPoolExecutor$Worker.run(ThreadPoolExecutor.java:635)
	at java.lang.Thread.run(Thread.java:833)

2023.09.29 13:01:12 INFO  Shutting down server
2023.09.29 13:01:12 INFO  shutting down Metals
2023.09.29 13:01:12 INFO  Exiting server
